mql_id,first_contact_date,landing_page_id,origin,converted,contact_year,contact_month,contact_dayofweek,conversion_probability,origin_sample_size,origin_conversions,origin_rate,landing_sample_size,landing_conversions,landing_rate,origin_signal,landing_signal,decision_score,priority,recommended_action,decision_reason,rank
e2c212e45ba2d460f3bd1cfac305003a,2018-04-26,d28554990d8c5273fedfde51f1f8a59d,unknown,0,2018,4,3,0.8475192248098241,905,148,0.16231756756756757,1.0,1.0,0.14970238095238098,STRONG,LIMITED,0.5709155245898841,HIGH,Prioritize immediate sales follow-up,origin historically converts above baseline,1
cb12ca193d39b38f33f7d09a2ce6d080,2018-05-04,22c29808c4f815213303f8933030604c,unknown,0,2018,5,4,0.8214689791879833,905,148,0.16231756756756757,694.0,135.0,0.192078081232493,STRONG,STRONG,0.5637605172728021,HIGH,Prioritize immediate sales follow-up,origin historically converts above baseline; landing page shows a strong historical signal,2
2c7b84fa30f0cea96a90729afe2970a0,2018-05-07,d28554990d8c5273fedfde51f1f8a59d,paid_search,0,2018,5,0,0.8399933028265675,1263,158,0.1248197583787997,1.0,1.0,0.14970238095238098,POSITIVE,LIMITED,0.5589004095621767,HIGH,Prioritize for sales follow-up,origin shows a positive conversion signal,3
5d6df14111efdde523323f1e8815ea68,2018-05-03,fa5a0151e1f37d0055a3478fbb48827a,paid_search,0,2018,5,3,0.8190449636230341,1263,158,0.1248197583787997,10.0,4.0,0.20479166666666668,POSITIVE,STRONG,0.5573492631829138,HIGH,Prioritize immediate sales follow-up,origin shows a positive conversion signal; landing page shows a strong historical signal,4
1a4006a93b50abce284841937782b2cf,2018-05-10,fa5a0151e1f37d0055a3478fbb48827a,paid_search,0,2018,5,3,0.8190449636230341,1263,158,0.1248197583787997,10.0,4.0,0.20479166666666668,POSITIVE,STRONG,0.5573492631829138,HIGH,Prioritize immediate sales follow-up,origin shows a positive conversion signal; landing page shows a strong historical signal,5
3941f8c06948efb0e9103601c92034ac,2018-05-01,fa5a0151e1f37d0055a3478fbb48827a,paid_search,0,2018,5,1,0.8146584740855991,1263,158,0.1248197583787997,10.0,4.0,0.20479166666666668,POSITIVE,STRONG,0.5547173694604527,HIGH,Prioritize immediate sales follow-up,origin shows a positive conversion signal; landing page shows a strong historical signal,6
187d2a7a5a7fef62a52fb0721e5ab448,2018-05-22,fa5a0151e1f37d0055a3478fbb48827a,paid_search,0,2018,5,1,0.8146584740855991,1263,158,0.1248197583787997,10.0,4.0,0.20479166666666668,POSITIVE,STRONG,0.5547173694604527,HIGH,Prioritize immediate sales follow-up,origin shows a positive conversion signal; landing page shows a strong historical signal,7
52a12674622f5d70124e38fe9fa8fcac,2018-05-22,fa5a0151e1f37d0055a3478fbb48827a,paid_search,0,2018,5,1,0.8146584740855991,1263,158,0.1248197583787997,10.0,4.0,0.20479166666666668,POSITIVE,STRONG,0.5547173694604527,HIGH,Prioritize immediate sales follow-up,origin shows a positive conversion signal; landing page shows a strong historical signal,8
ef5ad26206c0cabf23fec07c2390eeaf,2018-05-15,2f08471dfb83baef522f952438a36f6e,paid_search,0,2018,5,1,0.818279280057713,1263,158,0.1248197583787997,13.0,4.0,0.18617424242424244,POSITIVE,STRONG,0.5531663681952362,HIGH,Prioritize immediate sales follow-up,origin shows a positive conversion signal; landing page shows a strong historical signal,9
6af924ebe7eec2218f8d11d3dd582d04,2018-04-26,d28554990d8c5273fedfde51f1f8a59d,paid_search,0,2018,4,3,0.828696725275861,1263,158,0.1248197583787997,1.0,1.0,0.14970238095238098,POSITIVE,LIMITED,0.5521224630317528,HIGH,Prioritize for sales follow-up,origin shows a positive conversion signal,10
7e810f05bd88ff0f86dce7116b9fa527,2018-04-26,d28554990d8c5273fedfde51f1f8a59d,paid_search,0,2018,4,3,0.828696725275861,1263,158,0.1248197583787997,1.0,1.0,0.14970238095238098,POSITIVE,LIMITED,0.5521224630317528,HIGH,Prioritize for sales follow-up,origin shows a positive conversion signal,11
00532c4adc6d5dadb6d58e9de817b59a,2018-05-02,37cf94070e940a694969304de58debe1,unknown,0,2018,5,2,0.8120524832036423,905,148,0.16231756756756757,7.0,2.0,0.15347222222222226,STRONG,LIMITED,0.5503894478801433,HIGH,Prioritize immediate sales follow-up,origin historically converts above baseline,12
717d08a84121310b4393bb0f398377e0,2018-04-25,22c29808c4f815213303f8933030604c,unknown,0,2018,4,2,0.7975849737945729,905,148,0.16231756756756757,694.0,135.0,0.192078081232493,STRONG,STRONG,0.5494301140367559,HIGH,Prioritize immediate sales follow-up,origin historically converts above baseline; landing page shows a strong historical signal,13
15637ed71e3e1c7523d8f4f2160a71d6,2018-04-25,22c29808c4f815213303f8933030604c,unknown,0,2018,4,2,0.7975849737945729,905,148,0.16231756756756757,694.0,135.0,0.192078081232493,STRONG,STRONG,0.5494301140367559,HIGH,Prioritize immediate sales follow-up,origin historically converts above baseline; landing page shows a strong historical signal,14
4eed1153c6579c3f4d406da8b34fc1d7,2018-05-29,40dec9f3d5259a3d2dbcdab2114fae47,unknown,0,2018,5,1,0.792788184592573,905,148,0.16231756756756757,275.0,55.0,0.19370762711864406,STRONG,STRONG,0.5468779496927861,HIGH,Prioritize immediate sales follow-up,origin historically converts above baseline; landing page shows a strong historical signal,15
0434e46664b3b1cc05543b6ee7e9aa0b,2018-05-20,22c29808c4f815213303f8933030604c,paid_search,0,2018,5,6,0.8048358230293591,1263,158,0.1248197583787997,694.0,135.0,0.192078081232493,POSITIVE,STRONG,0.546281061739874,HIGH,Prioritize immediate sales follow-up,origin shows a positive conversion signal; landing page shows a strong historical signal,16
6724698ce52c3d8c0f4ded9c1b6d5dc8,2018-05-11,358adb2fee9a122549618e46925a00a5,unknown,0,2018,5,4,0.8008714050749084,905,148,0.16231756756756757,5.0,2.0,0.16575000000000004,STRONG,LIMITED,0.5461363565584586,HIGH,Prioritize immediate sales follow-up,origin historically converts above baseline,17
b47ea67781941189af94d2e217161684,2018-05-25,358adb2fee9a122549618e46925a00a5,unknown,1,2018,5,4,0.8008714050749084,905,148,0.16231756756756757,5.0,2.0,0.16575000000000004,STRONG,LIMITED,0.5461363565584586,HIGH,Prioritize immediate sales follow-up,origin historically converts above baseline,18
ea26d7632974b9674121019875916c4b,2018-05-26,22c29808c4f815213303f8933030604c,paid_search,0,2018,5,5,0.8025226770510256,1263,158,0.1248197583787997,694.0,135.0,0.192078081232493,POSITIVE,STRONG,0.5448931741528739,HIGH,Prioritize immediate sales follow-up,origin shows a positive conversion signal; landing page shows a strong historical signal,19
5bb3c32aa0d036401034b38ce37cd827,2018-05-02,2f08471dfb83baef522f952438a36f6e,organic_search,0,2018,5,2,0.80525420740575,1869,222,0.11865735839068291,13.0,4.0,0.18617424242424244,POSITIVE,STRONG,0.5441188446064351,HIGH,Prioritize immediate sales follow-up,origin shows a positive conversion signal; landing page shows a strong historical signal,20
c30671584190a925103ec62a394de6ad,2018-05-23,2f08471dfb83baef522f952438a36f6e,organic_search,0,2018,5,2,0.80525420740575,1869,222,0.11865735839068291,13.0,4.0,0.18617424242424244,POSITIVE,STRONG,0.5441188446064351,HIGH,Prioritize immediate sales follow-up,origin shows a positive conversion signal; landing page shows a strong historical signal,21
3c5cacc351984a48a50d065f662789df,2018-05-09,2f08471dfb83baef522f952438a36f6e,organic_search,0,2018,5,2,0.80525420740575,1869,222,0.11865735839068291,13.0,4.0,0.18617424242424244,POSITIVE,STRONG,0.5441188446064351,HIGH,Prioritize immediate sales follow-up,origin shows a positive conversion signal; landing page shows a strong historical signal,22
d52cb244fe49f0d4928d571932510772,2018-05-25,22c29808c4f815213303f8933030604c,paid_search,0,2018,5,4,0.8001889213657588,1263,158,0.1248197583787997,694.0,135.0,0.192078081232493,POSITIVE,STRONG,0.5434929207417138,HIGH,Prioritize immediate sales follow-up,origin shows a positive conversion signal; landing page shows a strong historical signal,23
78c793baf5212093953257d855dc2203,2018-05-25,22c29808c4f815213303f8933030604c,paid_search,0,2018,5,4,0.8001889213657588,1263,158,0.1248197583787997,694.0,135.0,0.192078081232493,POSITIVE,STRONG,0.5434929207417138,HIGH,Prioritize immediate sales follow-up,origin shows a positive conversion signal; landing page shows a strong historical signal,24
189d6ffac257d9eb4c265eff027c6569,2018-05-22,2f08471dfb83baef522f952438a36f6e,organic_search,0,2018,5,1,0.8029448061353521,1869,222,0.11865735839068291,13.0,4.0,0.18617424242424244,POSITIVE,STRONG,0.5427332038441963,HIGH,Prioritize immediate sales follow-up,origin shows a positive conversion signal; landing page shows a strong historical signal,25
9d02fd65cff13e89550c41c900dc347a,2018-05-14,30077c17f2ec5010a82e37ad8925b95f,organic_search,0,2018,5,0,0.8035680616253922,1869,222,0.11865735839068291,47.0,10.0,0.18125000000000002,POSITIVE,STRONG,0.5421223086533719,HIGH,Prioritize immediate sales follow-up,origin shows a positive conversion signal; landing page shows a strong historical signal,26
1ef127809b52c45cab60e2f03589d8eb,2018-05-24,22c29808c4f815213303f8933030604c,paid_search,0,2018,5,3,0.7978345334602767,1263,158,0.1248197583787997,694.0,135.0,0.192078081232493,POSITIVE,STRONG,0.5420802879984246,HIGH,Prioritize immediate sales follow-up,origin shows a positive conversion signal; landing page shows a strong historical signal,27
b82cb0dd23dd23b2412b2f2604f2a9cf,2018-05-03,22c29808c4f815213303f8933030604c,paid_search,0,2018,5,3,0.7978345334602767,1263,158,0.1248197583787997,694.0,135.0,0.192078081232493,POSITIVE,STRONG,0.5420802879984246,HIGH,Prioritize immediate sales follow-up,origin shows a positive conversion signal; landing page shows a strong historical signal,28
afbc32e57e872cc3ecfa37b1bbae5ceb,2018-05-09,2f08471dfb83baef522f952438a36f6e,direct_traffic,0,2018,5,2,0.8013356482814165,406,48,0.11770833333333333,13.0,4.0,0.18617424242424244,POSITIVE,STRONG,0.541577904120365,HIGH,Prioritize immediate sales follow-up,origin shows a positive conversion signal; landing page shows a strong historical signal,29
5bb0b4dd9a4f5c0de3564b63d74bcf5f,2018-04-24,2f08471dfb83baef522f952438a36f6e,paid_search,0,2018,4,1,0.7988288580118533,1263,158,0.1248197583787997,13.0,4.0,0.18617424242424244,POSITIVE,STRONG,0.5414961149677204,HIGH,Prioritize immediate sales follow-up,origin shows a positive conversion signal; landing page shows a strong historical signal,30
2b73fd917ee9cc38ec528df06d5b8561,2018-05-23,22c29808c4f815213303f8933030604c,paid_search,1,2018,5,2,0.795459494895139,1263,158,0.1248197583787997,694.0,135.0,0.192078081232493,POSITIVE,STRONG,0.5406552648593419,HIGH,Prioritize immediate sales follow-up,origin shows a positive conversion signal; landing page shows a strong historical signal,31
bfb542eee7ebaee0d567b99b69baf7ec,2018-05-30,22c29808c4f815213303f8933030604c,paid_search,0,2018,5,2,0.795459494895139,1263,158,0.1248197583787997,694.0,135.0,0.192078081232493,POSITIVE,STRONG,0.5406552648593419,HIGH,Prioritize immediate sales follow-up,origin shows a positive conversion signal; landing page shows a strong historical signal,32
6745a5fdd380986045b26e7da5749c43,2018-05-30,22c29808c4f815213303f8933030604c,paid_search,0,2018,5,2,0.795459494895139,1263,158,0.1248197583787997,694.0,135.0,0.192078081232493,POSITIVE,STRONG,0.5406552648593419,HIGH,Prioritize immediate sales follow-up,origin shows a positive conversion signal; landing page shows a strong historical signal,33
ac30f395e9032acc9e69924e469a9d50,2018-05-09,22c29808c4f815213303f8933030604c,paid_search,0,2018,5,2,0.795459494895139,1263,158,0.1248197583787997,694.0,135.0,0.192078081232493,POSITIVE,STRONG,0.5406552648593419,HIGH,Prioritize immediate sales follow-up,origin shows a positive conversion signal; landing page shows a strong historical signal,34
09c662a75858eed440c1317c3b300729,2018-05-09,22c29808c4f815213303f8933030604c,paid_search,0,2018,5,2,0.795459494895139,1263,158,0.1248197583787997,694.0,135.0,0.192078081232493,POSITIVE,STRONG,0.5406552648593419,HIGH,Prioritize immediate sales follow-up,origin shows a positive conversion signal; landing page shows a strong historical signal,35
3d78a64bd504ee89441809126e5fa3da,2018-05-25,b76ef37428e6799c421989521c0e5077,unknown,0,2018,5,4,0.7841152458584516,905,148,0.16231756756756757,735.0,140.0,0.1882698675496689,STRONG,STRONG,0.5405866345385183,HIGH,Prioritize immediate sales follow-up,origin historically converts above baseline; landing page shows a strong historical signal,36
af1ea7c59c7e37f0b95b48bc972ceb67,2018-05-25,b76ef37428e6799c421989521c0e5077,unknown,1,2018,5,4,0.7841152458584516,905,148,0.16231756756756757,735.0,140.0,0.1882698675496689,STRONG,STRONG,0.5405866345385183,HIGH,Prioritize immediate sales follow-up,origin historically converts above baseline; landing page shows a strong historical signal,37
907cd7a980711f95864de7e532cf1cec,2018-05-04,b76ef37428e6799c421989521c0e5077,unknown,0,2018,5,4,0.7841152458584516,905,148,0.16231756756756757,735.0,140.0,0.1882698675496689,STRONG,STRONG,0.5405866345385183,HIGH,Prioritize immediate sales follow-up,origin historically converts above baseline; landing page shows a strong historical signal,38
84ad88e9ffaeb60e8a2c83b6c108debd,2018-05-04,b76ef37428e6799c421989521c0e5077,unknown,0,2018,5,4,0.7841152458584516,905,148,0.16231756756756757,735.0,140.0,0.1882698675496689,STRONG,STRONG,0.5405866345385183,HIGH,Prioritize immediate sales follow-up,origin historically converts above baseline; landing page shows a strong historical signal,39
e1c3d70c85702d16041f30678c9c2ba3,2018-05-25,b76ef37428e6799c421989521c0e5077,unknown,0,2018,5,4,0.7841152458584516,905,148,0.16231756756756757,735.0,140.0,0.1882698675496689,STRONG,STRONG,0.5405866345385183,HIGH,Prioritize immediate sales follow-up,origin historically converts above baseline; landing page shows a strong historical signal,40
ab8d64834d9fad5ce41a3f03c67f8d0a,2018-05-18,b76ef37428e6799c421989521c0e5077,unknown,0,2018,5,4,0.7841152458584516,905,148,0.16231756756756757,735.0,140.0,0.1882698675496689,STRONG,STRONG,0.5405866345385183,HIGH,Prioritize immediate sales follow-up,origin historically converts above baseline; landing page shows a strong historical signal,41
f99f66c4ee12dec951c234ad811b6716,2018-05-25,b76ef37428e6799c421989521c0e5077,unknown,0,2018,5,4,0.7841152458584516,905,148,0.16231756756756757,735.0,140.0,0.1882698675496689,STRONG,STRONG,0.5405866345385183,HIGH,Prioritize immediate sales follow-up,origin historically converts above baseline; landing page shows a strong historical signal,42
4400cbff5fa6915bf0ffb2656bf96db2,2018-05-04,b76ef37428e6799c421989521c0e5077,unknown,0,2018,5,4,0.7841152458584516,905,148,0.16231756756756757,735.0,140.0,0.1882698675496689,STRONG,STRONG,0.5405866345385183,HIGH,Prioritize immediate sales follow-up,origin historically converts above baseline; landing page shows a strong historical signal,43
8eadf40572785446ae7cb39cad8c1737,2018-05-04,b76ef37428e6799c421989521c0e5077,unknown,0,2018,5,4,0.7841152458584516,905,148,0.16231756756756757,735.0,140.0,0.1882698675496689,STRONG,STRONG,0.5405866345385183,HIGH,Prioritize immediate sales follow-up,origin historically converts above baseline; landing page shows a strong historical signal,44
52c79bb4791baa4cee27125eafc09e1c,2018-05-25,b76ef37428e6799c421989521c0e5077,unknown,0,2018,5,4,0.7841152458584516,905,148,0.16231756756756757,735.0,140.0,0.1882698675496689,STRONG,STRONG,0.5405866345385183,HIGH,Prioritize immediate sales follow-up,origin historically converts above baseline; landing page shows a strong historical signal,45
af7e75b8e0352cb68387b4ed69bba0e7,2018-05-25,b76ef37428e6799c421989521c0e5077,unknown,0,2018,5,4,0.7841152458584516,905,148,0.16231756756756757,735.0,140.0,0.1882698675496689,STRONG,STRONG,0.5405866345385183,HIGH,Prioritize immediate sales follow-up,origin historically converts above baseline; landing page shows a strong historical signal,46
9c7c62fda501139382f84dbf8a91e044,2018-05-25,b76ef37428e6799c421989521c0e5077,unknown,0,2018,5,4,0.7841152458584516,905,148,0.16231756756756757,735.0,140.0,0.1882698675496689,STRONG,STRONG,0.5405866345385183,HIGH,Prioritize immediate sales follow-up,origin historically converts above baseline; landing page shows a strong historical signal,47
98ca0fc93377e21e9f67ceb937cdf248,2018-05-18,b76ef37428e6799c421989521c0e5077,unknown,0,2018,5,4,0.7841152458584516,905,148,0.16231756756756757,735.0,140.0,0.1882698675496689,STRONG,STRONG,0.5405866345385183,HIGH,Prioritize immediate sales follow-up,origin historically converts above baseline; landing page shows a strong historical signal,48
aba5f32ff88dba3c5522c176deb5ae92,2018-05-18,b76ef37428e6799c421989521c0e5077,unknown,0,2018,5,4,0.7841152458584516,905,148,0.16231756756756757,735.0,140.0,0.1882698675496689,STRONG,STRONG,0.5405866345385183,HIGH,Prioritize immediate sales follow-up,origin historically converts above baseline; landing page shows a strong historical signal,49
c2102c66aa81e5c07f72cd88e46d091d,2018-05-11,b76ef37428e6799c421989521c0e5077,unknown,1,2018,5,4,0.7841152458584516,905,148,0.16231756756756757,735.0,140.0,0.1882698675496689,STRONG,STRONG,0.5405866345385183,HIGH,Prioritize immediate sales follow-up,origin historically converts above baseline; landing page shows a strong historical signal,50
9404007133da9b27ee9b99aac68fdcd1,2018-05-11,b76ef37428e6799c421989521c0e5077,unknown,0,2018,5,4,0.7841152458584516,905,148,0.16231756756756757,735.0,140.0,0.1882698675496689,STRONG,STRONG,0.5405866345385183,HIGH,Prioritize immediate sales follow-up,origin historically converts above baseline; landing page shows a strong historical signal,51
8b38db7d180d173e34d94e7cf4f29206,2018-05-11,b76ef37428e6799c421989521c0e5077,unknown,0,2018,5,4,0.7841152458584516,905,148,0.16231756756756757,735.0,140.0,0.1882698675496689,STRONG,STRONG,0.5405866345385183,HIGH,Prioritize immediate sales follow-up,origin historically converts above baseline; landing page shows a strong historical signal,52
1ef219209ce95303626829fbf3629889,2018-05-11,b76ef37428e6799c421989521c0e5077,unknown,0,2018,5,4,0.7841152458584516,905,148,0.16231756756756757,735.0,140.0,0.1882698675496689,STRONG,STRONG,0.5405866345385183,HIGH,Prioritize immediate sales follow-up,origin historically converts above baseline; landing page shows a strong historical signal,53
3651084f2100c6e369b1d2d396df4291,2018-05-11,b76ef37428e6799c421989521c0e5077,unknown,0,2018,5,4,0.7841152458584516,905,148,0.16231756756756757,735.0,140.0,0.1882698675496689,STRONG,STRONG,0.5405866345385183,HIGH,Prioritize immediate sales follow-up,origin historically converts above baseline; landing page shows a strong historical signal,54
097648fb7715dc008e029c2252f51071,2018-05-18,b76ef37428e6799c421989521c0e5077,unknown,0,2018,5,4,0.7841152458584516,905,148,0.16231756756756757,735.0,140.0,0.1882698675496689,STRONG,STRONG,0.5405866345385183,HIGH,Prioritize immediate sales follow-up,origin historically converts above baseline; landing page shows a strong historical signal,55
1785cff273aedbd875c814b46928ad7f,2018-05-08,22c29808c4f815213303f8933030604c,,1,2018,5,1,0.7761835116199965,42,9,0.17973790322580646,694.0,135.0,0.192078081232493,STRONG,STRONG,0.5400733038636578,HIGH,Prioritize immediate sales follow-up,origin historically converts above baseline; landing page shows a strong historical signal,56
9d2f78b13eda78c1cb7627677db9935f,2018-05-22,22c29808c4f815213303f8933030604c,paid_search,0,2018,5,1,0.7930637913833732,1263,158,0.1248197583787997,694.0,135.0,0.192078081232493,POSITIVE,STRONG,0.5392178427522825,HIGH,Prioritize immediate sales follow-up,origin shows a positive conversion signal; landing page shows a strong historical signal,57
146e3dc9b45fd6b81c3788f0dc896dc8,2018-05-22,22c29808c4f815213303f8933030604c,paid_search,0,2018,5,1,0.7930637913833732,1263,158,0.1248197583787997,694.0,135.0,0.192078081232493,POSITIVE,STRONG,0.5392178427522825,HIGH,Prioritize immediate sales follow-up,origin shows a positive conversion signal; landing page shows a strong historical signal,58
41ec249c34d7b158c5a01dae6e7544da,2018-05-15,22c29808c4f815213303f8933030604c,paid_search,0,2018,5,1,0.7930637913833732,1263,158,0.1248197583787997,694.0,135.0,0.192078081232493,POSITIVE,STRONG,0.5392178427522825,HIGH,Prioritize immediate sales follow-up,origin shows a positive conversion signal; landing page shows a strong historical signal,59
07f26c1e7d2873a9e6860909c00075c2,2018-05-08,22c29808c4f815213303f8933030604c,paid_search,1,2018,5,1,0.7930637913833732,1263,158,0.1248197583787997,694.0,135.0,0.192078081232493,POSITIVE,STRONG,0.5392178427522825,HIGH,Prioritize immediate sales follow-up,origin shows a positive conversion signal; landing page shows a strong historical signal,60
62c19c2e9965481203a681b55a05e65a,2018-05-08,22c29808c4f815213303f8933030604c,paid_search,0,2018,5,1,0.7930637913833732,1263,158,0.1248197583787997,694.0,135.0,0.192078081232493,POSITIVE,STRONG,0.5392178427522825,HIGH,Prioritize immediate sales follow-up,origin shows a positive conversion signal; landing page shows a strong historical signal,61
398b98b77e0c7a4c313abc6e47fb273b,2018-05-15,22c29808c4f815213303f8933030604c,paid_search,0,2018,5,1,0.7930637913833732,1263,158,0.1248197583787997,694.0,135.0,0.192078081232493,POSITIVE,STRONG,0.5392178427522825,HIGH,Prioritize immediate sales follow-up,origin shows a positive conversion signal; landing page shows a strong historical signal,62
c3daacb733cbbe636db5b70ace98d520,2018-05-15,22c29808c4f815213303f8933030604c,paid_search,1,2018,5,1,0.7930637913833732,1263,158,0.1248197583787997,694.0,135.0,0.192078081232493,POSITIVE,STRONG,0.5392178427522825,HIGH,Prioritize immediate sales follow-up,origin shows a positive conversion signal; landing page shows a strong historical signal,63
183598d06c38767146289c09dea304d2,2018-05-22,22c29808c4f815213303f8933030604c,paid_search,0,2018,5,1,0.7930637913833732,1263,158,0.1248197583787997,694.0,135.0,0.192078081232493,POSITIVE,STRONG,0.5392178427522825,HIGH,Prioritize immediate sales follow-up,origin shows a positive conversion signal; landing page shows a strong historical signal,64
08184de335b171e486b555d31d9c647b,2018-05-24,b76ef37428e6799c421989521c0e5077,unknown,0,2018,5,3,0.7816231484715739,905,148,0.16231756756756757,735.0,140.0,0.1882698675496689,STRONG,STRONG,0.5390913761063917,HIGH,Prioritize immediate sales follow-up,origin historically converts above baseline; landing page shows a strong historical signal,65
dead87a4c00de43486ca1c34d9b33c3c,2018-05-10,b76ef37428e6799c421989521c0e5077,unknown,0,2018,5,3,0.7816231484715739,905,148,0.16231756756756757,735.0,140.0,0.1882698675496689,STRONG,STRONG,0.5390913761063917,HIGH,Prioritize immediate sales follow-up,origin historically converts above baseline; landing page shows a strong historical signal,66
5821cfe0ecdefc2fb0734670b67ee796,2018-05-10,b76ef37428e6799c421989521c0e5077,unknown,0,2018,5,3,0.7816231484715739,905,148,0.16231756756756757,735.0,140.0,0.1882698675496689,STRONG,STRONG,0.5390913761063917,HIGH,Prioritize immediate sales follow-up,origin historically converts above baseline; landing page shows a strong historical signal,67
ec2f34a30d5b87ed1d3e9de2741ddabc,2018-05-10,b76ef37428e6799c421989521c0e5077,unknown,1,2018,5,3,0.7816231484715739,905,148,0.16231756756756757,735.0,140.0,0.1882698675496689,STRONG,STRONG,0.5390913761063917,HIGH,Prioritize immediate sales follow-up,origin historically converts above baseline; landing page shows a strong historical signal,68
9e7f111f15db1aa3830cd806660d7b97,2018-05-10,b76ef37428e6799c421989521c0e5077,unknown,1,2018,5,3,0.7816231484715739,905,148,0.16231756756756757,735.0,140.0,0.1882698675496689,STRONG,STRONG,0.5390913761063917,HIGH,Prioritize immediate sales follow-up,origin historically converts above baseline; landing page shows a strong historical signal,69
c5e11c9dda5ce1e1570766249bb56a9a,2018-05-10,b76ef37428e6799c421989521c0e5077,unknown,0,2018,5,3,0.7816231484715739,905,148,0.16231756756756757,735.0,140.0,0.1882698675496689,STRONG,STRONG,0.5390913761063917,HIGH,Prioritize immediate sales follow-up,origin historically converts above baseline; landing page shows a strong historical signal,70
331ffa63ab5f2d214d68a6cbbddb3095,2018-05-17,b76ef37428e6799c421989521c0e5077,unknown,0,2018,5,3,0.7816231484715739,905,148,0.16231756756756757,735.0,140.0,0.1882698675496689,STRONG,STRONG,0.5390913761063917,HIGH,Prioritize immediate sales follow-up,origin historically converts above baseline; landing page shows a strong historical signal,71
b37245bd5e22836dea166c9bf1ce3715,2018-05-10,b76ef37428e6799c421989521c0e5077,unknown,1,2018,5,3,0.7816231484715739,905,148,0.16231756756756757,735.0,140.0,0.1882698675496689,STRONG,STRONG,0.5390913761063917,HIGH,Prioritize immediate sales follow-up,origin historically converts above baseline; landing page shows a strong historical signal,72
5572975b6c55e23bb68391acaa8ca141,2018-05-31,b76ef37428e6799c421989521c0e5077,unknown,0,2018,5,3,0.7816231484715739,905,148,0.16231756756756757,735.0,140.0,0.1882698675496689,STRONG,STRONG,0.5390913761063917,HIGH,Prioritize immediate sales follow-up,origin historically converts above baseline; landing page shows a strong historical signal,73
08be83f454d1b25bc644a44783b8b7d2,2018-05-03,b76ef37428e6799c421989521c0e5077,unknown,0,2018,5,3,0.7816231484715739,905,148,0.16231756756756757,735.0,140.0,0.1882698675496689,STRONG,STRONG,0.5390913761063917,HIGH,Prioritize immediate sales follow-up,origin historically converts above baseline; landing page shows a strong historical signal,74
9b6edcffd428da99ae60cc01049a8403,2018-05-03,b76ef37428e6799c421989521c0e5077,unknown,1,2018,5,3,0.7816231484715739,905,148,0.16231756756756757,735.0,140.0,0.1882698675496689,STRONG,STRONG,0.5390913761063917,HIGH,Prioritize immediate sales follow-up,origin historically converts above baseline; landing page shows a strong historical signal,75
06bc22c1b089be523e97524b67084ca0,2018-05-31,b76ef37428e6799c421989521c0e5077,unknown,1,2018,5,3,0.7816231484715739,905,148,0.16231756756756757,735.0,140.0,0.1882698675496689,STRONG,STRONG,0.5390913761063917,HIGH,Prioritize immediate sales follow-up,origin historically converts above baseline; landing page shows a strong historical signal,76
97c94ae691105989d42fdbb5d4f17e3e,2018-05-03,b76ef37428e6799c421989521c0e5077,unknown,0,2018,5,3,0.7816231484715739,905,148,0.16231756756756757,735.0,140.0,0.1882698675496689,STRONG,STRONG,0.5390913761063917,HIGH,Prioritize immediate sales follow-up,origin historically converts above baseline; landing page shows a strong historical signal,77
c3570da56db1511167324d0f5d0c8dfa,2018-05-24,b76ef37428e6799c421989521c0e5077,unknown,0,2018,5,3,0.7816231484715739,905,148,0.16231756756756757,735.0,140.0,0.1882698675496689,STRONG,STRONG,0.5390913761063917,HIGH,Prioritize immediate sales follow-up,origin historically converts above baseline; landing page shows a strong historical signal,78
8e507f1b8fd82c2bfae43b8f3cb66ba0,2018-05-24,b76ef37428e6799c421989521c0e5077,unknown,0,2018,5,3,0.7816231484715739,905,148,0.16231756756756757,735.0,140.0,0.1882698675496689,STRONG,STRONG,0.5390913761063917,HIGH,Prioritize immediate sales follow-up,origin historically converts above baseline; landing page shows a strong historical signal,79
83687da9071cc6cd690314b2d5a0f24b,2018-05-03,b76ef37428e6799c421989521c0e5077,unknown,0,2018,5,3,0.7816231484715739,905,148,0.16231756756756757,735.0,140.0,0.1882698675496689,STRONG,STRONG,0.5390913761063917,HIGH,Prioritize immediate sales follow-up,origin historically converts above baseline; landing page shows a strong historical signal,80
6505e8a0c0e1a90d8da8879e49a437f0,2018-05-17,b76ef37428e6799c421989521c0e5077,unknown,0,2018,5,3,0.7816231484715739,905,148,0.16231756756756757,735.0,140.0,0.1882698675496689,STRONG,STRONG,0.5390913761063917,HIGH,Prioritize immediate sales follow-up,origin historically converts above baseline; landing page shows a strong historical signal,81
e40084a1c911addf8a36b6058c123cdc,2018-05-03,b76ef37428e6799c421989521c0e5077,unknown,0,2018,5,3,0.7816231484715739,905,148,0.16231756756756757,735.0,140.0,0.1882698675496689,STRONG,STRONG,0.5390913761063917,HIGH,Prioritize immediate sales follow-up,origin historically converts above baseline; landing page shows a strong historical signal,82
d88a45e680327e0b22a34020d8f78252,2018-05-17,b76ef37428e6799c421989521c0e5077,unknown,1,2018,5,3,0.7816231484715739,905,148,0.16231756756756757,735.0,140.0,0.1882698675496689,STRONG,STRONG,0.5390913761063917,HIGH,Prioritize immediate sales follow-up,origin historically converts above baseline; landing page shows a strong historical signal,83
b1d2128cee734a257c5e0d5c73bbdd1b,2018-05-17,b76ef37428e6799c421989521c0e5077,unknown,0,2018,5,3,0.7816231484715739,905,148,0.16231756756756757,735.0,140.0,0.1882698675496689,STRONG,STRONG,0.5390913761063917,HIGH,Prioritize immediate sales follow-up,origin historically converts above baseline; landing page shows a strong historical signal,84
11d8270a3399de3133c7096617e6c8ca,2018-05-03,b76ef37428e6799c421989521c0e5077,unknown,0,2018,5,3,0.7816231484715739,905,148,0.16231756756756757,735.0,140.0,0.1882698675496689,STRONG,STRONG,0.5390913761063917,HIGH,Prioritize immediate sales follow-up,origin historically converts above baseline; landing page shows a strong historical signal,85
1991b2c8479598ad84ed59f5446bb589,2018-05-17,b76ef37428e6799c421989521c0e5077,unknown,1,2018,5,3,0.7816231484715739,905,148,0.16231756756756757,735.0,140.0,0.1882698675496689,STRONG,STRONG,0.5390913761063917,HIGH,Prioritize immediate sales follow-up,origin historically converts above baseline; landing page shows a strong historical signal,86
3fdf5b1f75b97ecec8c0e7c5dee739f6,2018-05-07,2f08471dfb83baef522f952438a36f6e,direct_traffic,0,2018,5,0,0.7966264658139922,406,48,0.11770833333333333,13.0,4.0,0.18617424242424244,POSITIVE,STRONG,0.5387523946399104,HIGH,Prioritize immediate sales follow-up,origin shows a positive conversion signal; landing page shows a strong historical signal,87
b51d0ceea431fc2d4569650b64bd22de,2018-05-21,22c29808c4f815213303f8933030604c,,0,2018,5,0,0.7736262867525006,42,9,0.17973790322580646,694.0,135.0,0.192078081232493,STRONG,STRONG,0.5385389689431601,HIGH,Prioritize immediate sales follow-up,origin historically converts above baseline; landing page shows a strong historical signal,88
f39bb0a3d8e34946b3ad3ce1f9d0f885,2018-05-14,22c29808c4f815213303f8933030604c,paid_search,0,2018,5,0,0.7906474128684415,1263,158,0.1248197583787997,694.0,135.0,0.192078081232493,POSITIVE,STRONG,0.5377680156433234,HIGH,Prioritize immediate sales follow-up,origin shows a positive conversion signal; landing page shows a strong historical signal,89
6bec3e778994bf422cdff4cc8ee341a2,2018-05-07,22c29808c4f815213303f8933030604c,paid_search,0,2018,5,0,0.7906474128684415,1263,158,0.1248197583787997,694.0,135.0,0.192078081232493,POSITIVE,STRONG,0.5377680156433234,HIGH,Prioritize immediate sales follow-up,origin shows a positive conversion signal; landing page shows a strong historical signal,90
cc7ae92e162840095c5bfa89acbcc478,2018-05-21,22c29808c4f815213303f8933030604c,paid_search,1,2018,5,0,0.7906474128684415,1263,158,0.1248197583787997,694.0,135.0,0.192078081232493,POSITIVE,STRONG,0.5377680156433234,HIGH,Prioritize immediate sales follow-up,origin shows a positive conversion signal; landing page shows a strong historical signal,91
d92949512f85bf2db92ad19b662922f6,2018-05-16,b76ef37428e6799c421989521c0e5077,unknown,1,2018,5,2,0.7791103872670794,905,148,0.16231756756756757,735.0,140.0,0.1882698675496689,STRONG,STRONG,0.5375837193836949,HIGH,Prioritize immediate sales follow-up,origin historically converts above baseline; landing page shows a strong historical signal,92
6fe987b15d3f9964f0f84786ef4f78e5,2018-05-02,b76ef37428e6799c421989521c0e5077,unknown,0,2018,5,2,0.7791103872670794,905,148,0.16231756756756757,735.0,140.0,0.1882698675496689,STRONG,STRONG,0.5375837193836949,HIGH,Prioritize immediate sales follow-up,origin historically converts above baseline; landing page shows a strong historical signal,93
3f5db4343ed074bc23e99ce22a8669aa,2018-05-02,b76ef37428e6799c421989521c0e5077,unknown,0,2018,5,2,0.7791103872670794,905,148,0.16231756756756757,735.0,140.0,0.1882698675496689,STRONG,STRONG,0.5375837193836949,HIGH,Prioritize immediate sales follow-up,origin historically converts above baseline; landing page shows a strong historical signal,94
bc79189a81dd58572abc54d122649815,2018-05-09,b76ef37428e6799c421989521c0e5077,unknown,0,2018,5,2,0.7791103872670794,905,148,0.16231756756756757,735.0,140.0,0.1882698675496689,STRONG,STRONG,0.5375837193836949,HIGH,Prioritize immediate sales follow-up,origin historically converts above baseline; landing page shows a strong historical signal,95
0ff0a4ce9abf031dc12194a19ced4ef1,2018-05-02,b76ef37428e6799c421989521c0e5077,unknown,1,2018,5,2,0.7791103872670794,905,148,0.16231756756756757,735.0,140.0,0.1882698675496689,STRONG,STRONG,0.5375837193836949,HIGH,Prioritize immediate sales follow-up,origin historically converts above baseline; landing page shows a strong historical signal,96
3324e089ac8602e8cc3d2d1fc8109b2e,2018-05-02,b76ef37428e6799c421989521c0e5077,unknown,0,2018,5,2,0.7791103872670794,905,148,0.16231756756756757,735.0,140.0,0.1882698675496689,STRONG,STRONG,0.5375837193836949,HIGH,Prioritize immediate sales follow-up,origin historically converts above baseline; landing page shows a strong historical signal,97
d75057842b733134576d690d1d9509a2,2018-05-02,b76ef37428e6799c421989521c0e5077,unknown,1,2018,5,2,0.7791103872670794,905,148,0.16231756756756757,735.0,140.0,0.1882698675496689,STRONG,STRONG,0.5375837193836949,HIGH,Prioritize immediate sales follow-up,origin historically converts above baseline; landing page shows a strong historical signal,98
6544e220e0a1617bde60638f5f764296,2018-05-02,b76ef37428e6799c421989521c0e5077,unknown,0,2018,5,2,0.7791103872670794,905,148,0.16231756756756757,735.0,140.0,0.1882698675496689,STRONG,STRONG,0.5375837193836949,HIGH,Prioritize immediate sales follow-up,origin historically converts above baseline; landing page shows a strong historical signal,99
c9d5550cc5ee1be86bea08e3ffc43926,2018-05-02,b76ef37428e6799c421989521c0e5077,unknown,0,2018,5,2,0.7791103872670794,905,148,0.16231756756756757,735.0,140.0,0.1882698675496689,STRONG,STRONG,0.5375837193836949,HIGH,Prioritize immediate sales follow-up,origin historically converts above baseline; landing page shows a strong historical signal,100
6a2240eb9b32ca09d8400877500ad08e,2018-05-16,b76ef37428e6799c421989521c0e5077,unknown,0,2018,5,2,0.7791103872670794,905,148,0.16231756756756757,735.0,140.0,0.1882698675496689,STRONG,STRONG,0.5375837193836949,HIGH,Prioritize immediate sales follow-up,origin historically converts above baseline; landing page shows a strong historical signal,101
d63a547cfc3e2f4857616de5b10d6973,2018-05-02,b76ef37428e6799c421989521c0e5077,unknown,0,2018,5,2,0.7791103872670794,905,148,0.16231756756756757,735.0,140.0,0.1882698675496689,STRONG,STRONG,0.5375837193836949,HIGH,Prioritize immediate sales follow-up,origin historically converts above baseline; landing page shows a strong historical signal,102
86e182bc757f275470eec8c9c6008c12,2018-05-23,b76ef37428e6799c421989521c0e5077,unknown,0,2018,5,2,0.7791103872670794,905,148,0.16231756756756757,735.0,140.0,0.1882698675496689,STRONG,STRONG,0.5375837193836949,HIGH,Prioritize immediate sales follow-up,origin historically converts above baseline; landing page shows a strong historical signal,103
03ff447ef1e3bdc63deeadf72ab15acd,2018-05-30,b76ef37428e6799c421989521c0e5077,unknown,0,2018,5,2,0.7791103872670794,905,148,0.16231756756756757,735.0,140.0,0.1882698675496689,STRONG,STRONG,0.5375837193836949,HIGH,Prioritize immediate sales follow-up,origin historically converts above baseline; landing page shows a strong historical signal,104
c4d219d519a87e6dfe9d8b7a5bf3d352,2018-05-30,b76ef37428e6799c421989521c0e5077,unknown,0,2018,5,2,0.7791103872670794,905,148,0.16231756756756757,735.0,140.0,0.1882698675496689,STRONG,STRONG,0.5375837193836949,HIGH,Prioritize immediate sales follow-up,origin historically converts above baseline; landing page shows a strong historical signal,105
538e490f6a73108a40ea757734a00b95,2018-05-02,b76ef37428e6799c421989521c0e5077,unknown,0,2018,5,2,0.7791103872670794,905,148,0.16231756756756757,735.0,140.0,0.1882698675496689,STRONG,STRONG,0.5375837193836949,HIGH,Prioritize immediate sales follow-up,origin historically converts above baseline; landing page shows a strong historical signal,106
6602aa0b985afb4059ebbebf05e46d76,2018-05-22,b76ef37428e6799c421989521c0e5077,unknown,0,2018,5,1,0.776576977569933,905,148,0.16231756756756757,735.0,140.0,0.1882698675496689,STRONG,STRONG,0.5360636735654071,HIGH,Prioritize immediate sales follow-up,origin historically converts above baseline; landing page shows a strong historical signal,107
68482ad368c7b9779cf50a7164815379,2018-05-22,b76ef37428e6799c421989521c0e5077,unknown,1,2018,5,1,0.776576977569933,905,148,0.16231756756756757,735.0,140.0,0.1882698675496689,STRONG,STRONG,0.5360636735654071,HIGH,Prioritize immediate sales follow-up,origin historically converts above baseline; landing page shows a strong historical signal,108
446a291b5674ca638ddfa8c596748875,2018-05-01,b76ef37428e6799c421989521c0e5077,unknown,0,2018,5,1,0.776576977569933,905,148,0.16231756756756757,735.0,140.0,0.1882698675496689,STRONG,STRONG,0.5360636735654071,HIGH,Prioritize immediate sales follow-up,origin historically converts above baseline; landing page shows a strong historical signal,109
086ebdaea8c25abaebdfdee0f14ff396,2018-05-22,b76ef37428e6799c421989521c0e5077,unknown,0,2018,5,1,0.776576977569933,905,148,0.16231756756756757,735.0,140.0,0.1882698675496689,STRONG,STRONG,0.5360636735654071,HIGH,Prioritize immediate sales follow-up,origin historically converts above baseline; landing page shows a strong historical signal,110
b7f3b8bcd964f9e44b212cceabacf877,2018-05-22,b76ef37428e6799c421989521c0e5077,unknown,1,2018,5,1,0.776576977569933,905,148,0.16231756756756757,735.0,140.0,0.1882698675496689,STRONG,STRONG,0.5360636735654071,HIGH,Prioritize immediate sales follow-up,origin historically converts above baseline; landing page shows a strong historical signal,111
bb82a22ca4d20daaa9794e3d540fbae4,2018-05-29,b76ef37428e6799c421989521c0e5077,unknown,0,2018,5,1,0.776576977569933,905,148,0.16231756756756757,735.0,140.0,0.1882698675496689,STRONG,STRONG,0.5360636735654071,HIGH,Prioritize immediate sales follow-up,origin historically converts above baseline; landing page shows a strong historical signal,112
89146fe19c2c2381bf5e65a881ec218f,2018-05-29,b76ef37428e6799c421989521c0e5077,unknown,0,2018,5,1,0.776576977569933,905,148,0.16231756756756757,735.0,140.0,0.1882698675496689,STRONG,STRONG,0.5360636735654071,HIGH,Prioritize immediate sales follow-up,origin historically converts above baseline; landing page shows a strong historical signal,113
29ed0987440c24898ae109b05a1d3f8e,2018-05-08,b76ef37428e6799c421989521c0e5077,unknown,1,2018,5,1,0.776576977569933,905,148,0.16231756756756757,735.0,140.0,0.1882698675496689,STRONG,STRONG,0.5360636735654071,HIGH,Prioritize immediate sales follow-up,origin historically converts above baseline; landing page shows a strong historical signal,114
9de06c877e449aa8dfc4f4c7987ddaa8,2018-05-15,b76ef37428e6799c421989521c0e5077,unknown,0,2018,5,1,0.776576977569933,905,148,0.16231756756756757,735.0,140.0,0.1882698675496689,STRONG,STRONG,0.5360636735654071,HIGH,Prioritize immediate sales follow-up,origin historically converts above baseline; landing page shows a strong historical signal,115
5c75765a72526e13a1a511b39cc7691c,2018-05-15,b76ef37428e6799c421989521c0e5077,unknown,0,2018,5,1,0.776576977569933,905,148,0.16231756756756757,735.0,140.0,0.1882698675496689,STRONG,STRONG,0.5360636735654071,HIGH,Prioritize immediate sales follow-up,origin historically converts above baseline; landing page shows a strong historical signal,116
d384b897f79347648744fc818cea2128,2018-05-15,b76ef37428e6799c421989521c0e5077,unknown,0,2018,5,1,0.776576977569933,905,148,0.16231756756756757,735.0,140.0,0.1882698675496689,STRONG,STRONG,0.5360636735654071,HIGH,Prioritize immediate sales follow-up,origin historically converts above baseline; landing page shows a strong historical signal,117
2685e06135430bf8e58da9c94f8e89bb,2018-05-29,b76ef37428e6799c421989521c0e5077,unknown,0,2018,5,1,0.776576977569933,905,148,0.16231756756756757,735.0,140.0,0.1882698675496689,STRONG,STRONG,0.5360636735654071,HIGH,Prioritize immediate sales follow-up,origin historically converts above baseline; landing page shows a strong historical signal,118
e3ad7bdd4df4a7d9653820d9d67d4e49,2018-05-01,b76ef37428e6799c421989521c0e5077,unknown,1,2018,5,1,0.776576977569933,905,148,0.16231756756756757,735.0,140.0,0.1882698675496689,STRONG,STRONG,0.5360636735654071,HIGH,Prioritize immediate sales follow-up,origin historically converts above baseline; landing page shows a strong historical signal,119
95167ae279a3d7d96f8b54e6e97cc3e6,2018-05-08,b76ef37428e6799c421989521c0e5077,unknown,0,2018,5,1,0.776576977569933,905,148,0.16231756756756757,735.0,140.0,0.1882698675496689,STRONG,STRONG,0.5360636735654071,HIGH,Prioritize immediate sales follow-up,origin historically converts above baseline; landing page shows a strong historical signal,120
80a86f20a8ae1c080b2d5ae20608af13,2018-05-22,b76ef37428e6799c421989521c0e5077,unknown,0,2018,5,1,0.776576977569933,905,148,0.16231756756756757,735.0,140.0,0.1882698675496689,STRONG,STRONG,0.5360636735654071,HIGH,Prioritize immediate sales follow-up,origin historically converts above baseline; landing page shows a strong historical signal,121
c328a6a2f28f2a749d76855533a60490,2018-05-29,b76ef37428e6799c421989521c0e5077,unknown,0,2018,5,1,0.776576977569933,905,148,0.16231756756756757,735.0,140.0,0.1882698675496689,STRONG,STRONG,0.5360636735654071,HIGH,Prioritize immediate sales follow-up,origin historically converts above baseline; landing page shows a strong historical signal,122
b3387785c82211e7bebd52dc69961671,2018-05-22,b76ef37428e6799c421989521c0e5077,unknown,0,2018,5,1,0.776576977569933,905,148,0.16231756756756757,735.0,140.0,0.1882698675496689,STRONG,STRONG,0.5360636735654071,HIGH,Prioritize immediate sales follow-up,origin historically converts above baseline; landing page shows a strong historical signal,123
3bd078bc98f2cc8083b6fd77dd5eb006,2018-05-01,b76ef37428e6799c421989521c0e5077,unknown,0,2018,5,1,0.776576977569933,905,148,0.16231756756756757,735.0,140.0,0.1882698675496689,STRONG,STRONG,0.5360636735654071,HIGH,Prioritize immediate sales follow-up,origin historically converts above baseline; landing page shows a strong historical signal,124
257140f87c7ec789e6636922eb99e0f9,2018-05-29,b76ef37428e6799c421989521c0e5077,unknown,0,2018,5,1,0.776576977569933,905,148,0.16231756756756757,735.0,140.0,0.1882698675496689,STRONG,STRONG,0.5360636735654071,HIGH,Prioritize immediate sales follow-up,origin historically converts above baseline; landing page shows a strong historical signal,125
95893bf3c956973d41f5d92572ef8a93,2018-05-15,b76ef37428e6799c421989521c0e5077,unknown,0,2018,5,1,0.776576977569933,905,148,0.16231756756756757,735.0,140.0,0.1882698675496689,STRONG,STRONG,0.5360636735654071,HIGH,Prioritize immediate sales follow-up,origin historically converts above baseline; landing page shows a strong historical signal,126
becc9d7ac4cd63d3d57054f3e04c9709,2018-05-29,b76ef37428e6799c421989521c0e5077,unknown,0,2018,5,1,0.776576977569933,905,148,0.16231756756756757,735.0,140.0,0.1882698675496689,STRONG,STRONG,0.5360636735654071,HIGH,Prioritize immediate sales follow-up,origin historically converts above baseline; landing page shows a strong historical signal,127
d5ebe74a7011130268619bc3822b5563,2018-05-27,22c29808c4f815213303f8933030604c,organic_search,0,2018,5,6,0.7886599171012768,1869,222,0.11865735839068291,694.0,135.0,0.192078081232493,POSITIVE,STRONG,0.5353430381854013,HIGH,Prioritize immediate sales follow-up,origin shows a positive conversion signal; landing page shows a strong historical signal,128
4f0f33bd9633ddeca0990e10cf6bf79f,2018-05-06,22c29808c4f815213303f8933030604c,organic_search,0,2018,5,6,0.7886599171012768,1869,222,0.11865735839068291,694.0,135.0,0.192078081232493,POSITIVE,STRONG,0.5353430381854013,HIGH,Prioritize immediate sales follow-up,origin shows a positive conversion signal; landing page shows a strong historical signal,129
e66d9dab8705f19bd91b48f1a6bc5487,2018-05-20,22c29808c4f815213303f8933030604c,organic_search,0,2018,5,6,0.7886599171012768,1869,222,0.11865735839068291,694.0,135.0,0.192078081232493,POSITIVE,STRONG,0.5353430381854013,HIGH,Prioritize immediate sales follow-up,origin shows a positive conversion signal; landing page shows a strong historical signal,130
77fec91772e29a92c267237b080fbc82,2018-05-27,22c29808c4f815213303f8933030604c,organic_search,0,2018,5,6,0.7886599171012768,1869,222,0.11865735839068291,694.0,135.0,0.192078081232493,POSITIVE,STRONG,0.5353430381854013,HIGH,Prioritize immediate sales follow-up,origin shows a positive conversion signal; landing page shows a strong historical signal,131
6f25a1fecb540574fb02ff4b4f5a12f9,2018-05-27,22c29808c4f815213303f8933030604c,organic_search,0,2018,5,6,0.7886599171012768,1869,222,0.11865735839068291,694.0,135.0,0.192078081232493,POSITIVE,STRONG,0.5353430381854013,HIGH,Prioritize immediate sales follow-up,origin shows a positive conversion signal; landing page shows a strong historical signal,132
02344d723e060b8889a93deb829d701c,2018-05-27,22c29808c4f815213303f8933030604c,organic_search,0,2018,5,6,0.7886599171012768,1869,222,0.11865735839068291,694.0,135.0,0.192078081232493,POSITIVE,STRONG,0.5353430381854013,HIGH,Prioritize immediate sales follow-up,origin shows a positive conversion signal; landing page shows a strong historical signal,133
7cc823641aebc866527e31b0d294f215,2018-05-21,b76ef37428e6799c421989521c0e5077,unknown,0,2018,5,0,0.7740229394323855,905,148,0.16231756756756757,735.0,140.0,0.1882698675496689,STRONG,STRONG,0.5345312506828787,HIGH,Prioritize immediate sales follow-up,origin historically converts above baseline; landing page shows a strong historical signal,134
db67066cdd8d037e71380d61b1be18ef,2018-05-21,b76ef37428e6799c421989521c0e5077,unknown,0,2018,5,0,0.7740229394323855,905,148,0.16231756756756757,735.0,140.0,0.1882698675496689,STRONG,STRONG,0.5345312506828787,HIGH,Prioritize immediate sales follow-up,origin historically converts above baseline; landing page shows a strong historical signal,135
ae437864746ae2a9e694a6ed2b5824db,2018-05-07,b76ef37428e6799c421989521c0e5077,unknown,1,2018,5,0,0.7740229394323855,905,148,0.16231756756756757,735.0,140.0,0.1882698675496689,STRONG,STRONG,0.5345312506828787,HIGH,Prioritize immediate sales follow-up,origin historically converts above baseline; landing page shows a strong historical signal,136
1713b6c4a9894e373d23548f577a679f,2018-05-07,b76ef37428e6799c421989521c0e5077,unknown,0,2018,5,0,0.7740229394323855,905,148,0.16231756756756757,735.0,140.0,0.1882698675496689,STRONG,STRONG,0.5345312506828787,HIGH,Prioritize immediate sales follow-up,origin historically converts above baseline; landing page shows a strong historical signal,137
324ce9339186f4e11fb5ebd5d3ea5f05,2018-05-07,b76ef37428e6799c421989521c0e5077,unknown,0,2018,5,0,0.7740229394323855,905,148,0.16231756756756757,735.0,140.0,0.1882698675496689,STRONG,STRONG,0.5345312506828787,HIGH,Prioritize immediate sales follow-up,origin historically converts above baseline; landing page shows a strong historical signal,138
108a6d458df981c66254e6b4a960f96e,2018-05-07,b76ef37428e6799c421989521c0e5077,unknown,0,2018,5,0,0.7740229394323855,905,148,0.16231756756756757,735.0,140.0,0.1882698675496689,STRONG,STRONG,0.5345312506828787,HIGH,Prioritize immediate sales follow-up,origin historically converts above baseline; landing page shows a strong historical signal,139
ac68bc93ecc07d7daec8ce924ca09b0c,2018-05-07,b76ef37428e6799c421989521c0e5077,unknown,1,2018,5,0,0.7740229394323855,905,148,0.16231756756756757,735.0,140.0,0.1882698675496689,STRONG,STRONG,0.5345312506828787,HIGH,Prioritize immediate sales follow-up,origin historically converts above baseline; landing page shows a strong historical signal,140
1d52e8b258d574501d81d697920317b7,2018-05-07,b76ef37428e6799c421989521c0e5077,unknown,0,2018,5,0,0.7740229394323855,905,148,0.16231756756756757,735.0,140.0,0.1882698675496689,STRONG,STRONG,0.5345312506828787,HIGH,Prioritize immediate sales follow-up,origin historically converts above baseline; landing page shows a strong historical signal,141
77487ac14aa5a4e7e5521642407eea5c,2018-05-21,b76ef37428e6799c421989521c0e5077,unknown,0,2018,5,0,0.7740229394323855,905,148,0.16231756756756757,735.0,140.0,0.1882698675496689,STRONG,STRONG,0.5345312506828787,HIGH,Prioritize immediate sales follow-up,origin historically converts above baseline; landing page shows a strong historical signal,142
e49d2c5518a31bb355c3c558b310d891,2018-05-14,b76ef37428e6799c421989521c0e5077,unknown,0,2018,5,0,0.7740229394323855,905,148,0.16231756756756757,735.0,140.0,0.1882698675496689,STRONG,STRONG,0.5345312506828787,HIGH,Prioritize immediate sales follow-up,origin historically converts above baseline; landing page shows a strong historical signal,143
1d40146c766379675bb19be6c641a5f9,2018-05-07,b76ef37428e6799c421989521c0e5077,unknown,0,2018,5,0,0.7740229394323855,905,148,0.16231756756756757,735.0,140.0,0.1882698675496689,STRONG,STRONG,0.5345312506828787,HIGH,Prioritize immediate sales follow-up,origin historically converts above baseline; landing page shows a strong historical signal,144
df1d7cf1ec07fe3f4f3883ea11abb992,2018-05-07,b76ef37428e6799c421989521c0e5077,unknown,0,2018,5,0,0.7740229394323855,905,148,0.16231756756756757,735.0,140.0,0.1882698675496689,STRONG,STRONG,0.5345312506828787,HIGH,Prioritize immediate sales follow-up,origin historically converts above baseline; landing page shows a strong historical signal,145
47110232f53d1e4039a0c7c9e8ddad26,2018-05-28,b76ef37428e6799c421989521c0e5077,unknown,0,2018,5,0,0.7740229394323855,905,148,0.16231756756756757,735.0,140.0,0.1882698675496689,STRONG,STRONG,0.5345312506828787,HIGH,Prioritize immediate sales follow-up,origin historically converts above baseline; landing page shows a strong historical signal,146
f4854d16f1c74c2e64a5b01933a04ada,2018-05-07,b76ef37428e6799c421989521c0e5077,unknown,1,2018,5,0,0.7740229394323855,905,148,0.16231756756756757,735.0,140.0,0.1882698675496689,STRONG,STRONG,0.5345312506828787,HIGH,Prioritize immediate sales follow-up,origin historically converts above baseline; landing page shows a strong historical signal,147
d78e4f87a5a597a1c8f2663af303e65b,2018-05-28,b76ef37428e6799c421989521c0e5077,unknown,1,2018,5,0,0.7740229394323855,905,148,0.16231756756756757,735.0,140.0,0.1882698675496689,STRONG,STRONG,0.5345312506828787,HIGH,Prioritize immediate sales follow-up,origin historically converts above baseline; landing page shows a strong historical signal,148
54267af4b3906ad3c872894bf7093993,2018-05-28,b76ef37428e6799c421989521c0e5077,unknown,0,2018,5,0,0.7740229394323855,905,148,0.16231756756756757,735.0,140.0,0.1882698675496689,STRONG,STRONG,0.5345312506828787,HIGH,Prioritize immediate sales follow-up,origin historically converts above baseline; landing page shows a strong historical signal,149
b9bcce4dd3e4920a3751e76bcc6de5aa,2018-05-28,b76ef37428e6799c421989521c0e5077,unknown,0,2018,5,0,0.7740229394323855,905,148,0.16231756756756757,735.0,140.0,0.1882698675496689,STRONG,STRONG,0.5345312506828787,HIGH,Prioritize immediate sales follow-up,origin historically converts above baseline; landing page shows a strong historical signal,150
44895ba66f4c02432a9ea77523364819,2018-05-14,b76ef37428e6799c421989521c0e5077,unknown,0,2018,5,0,0.7740229394323855,905,148,0.16231756756756757,735.0,140.0,0.1882698675496689,STRONG,STRONG,0.5345312506828787,HIGH,Prioritize immediate sales follow-up,origin historically converts above baseline; landing page shows a strong historical signal,151
e5e702e1b7ae3ca23b9b4b2c43705334,2018-05-14,b76ef37428e6799c421989521c0e5077,unknown,0,2018,5,0,0.7740229394323855,905,148,0.16231756756756757,735.0,140.0,0.1882698675496689,STRONG,STRONG,0.5345312506828787,HIGH,Prioritize immediate sales follow-up,origin historically converts above baseline; landing page shows a strong historical signal,152
b9b4d4f5b575539161c184faf8e53d5f,2018-05-14,b76ef37428e6799c421989521c0e5077,unknown,0,2018,5,0,0.7740229394323855,905,148,0.16231756756756757,735.0,140.0,0.1882698675496689,STRONG,STRONG,0.5345312506828787,HIGH,Prioritize immediate sales follow-up,origin historically converts above baseline; landing page shows a strong historical signal,153
ae3957e98c48990c5f6448c1db3a0627,2018-05-14,b76ef37428e6799c421989521c0e5077,unknown,0,2018,5,0,0.7740229394323855,905,148,0.16231756756756757,735.0,140.0,0.1882698675496689,STRONG,STRONG,0.5345312506828787,HIGH,Prioritize immediate sales follow-up,origin historically converts above baseline; landing page shows a strong historical signal,154
fc3b60165411bb4ca7b0f03fecc0cdb5,2018-05-28,b76ef37428e6799c421989521c0e5077,unknown,0,2018,5,0,0.7740229394323855,905,148,0.16231756756756757,735.0,140.0,0.1882698675496689,STRONG,STRONG,0.5345312506828787,HIGH,Prioritize immediate sales follow-up,origin historically converts above baseline; landing page shows a strong historical signal,155
53c5a211f3c872c044a40db449c13006,2018-05-14,b76ef37428e6799c421989521c0e5077,unknown,0,2018,5,0,0.7740229394323855,905,148,0.16231756756756757,735.0,140.0,0.1882698675496689,STRONG,STRONG,0.5345312506828787,HIGH,Prioritize immediate sales follow-up,origin historically converts above baseline; landing page shows a strong historical signal,156
9c975e80ae0c16ac742ab69f9750ce6d,2018-05-14,b76ef37428e6799c421989521c0e5077,unknown,0,2018,5,0,0.7740229394323855,905,148,0.16231756756756757,735.0,140.0,0.1882698675496689,STRONG,STRONG,0.5345312506828787,HIGH,Prioritize immediate sales follow-up,origin historically converts above baseline; landing page shows a strong historical signal,157
9675f0018d103531e073a3da2945df41,2018-05-14,b76ef37428e6799c421989521c0e5077,unknown,1,2018,5,0,0.7740229394323855,905,148,0.16231756756756757,735.0,140.0,0.1882698675496689,STRONG,STRONG,0.5345312506828787,HIGH,Prioritize immediate sales follow-up,origin historically converts above baseline; landing page shows a strong historical signal,158
42e452a93e736373dd9281c113eff2b7,2018-05-12,22c29808c4f815213303f8933030604c,organic_search,1,2018,5,5,0.7862059776740098,1869,222,0.11865735839068291,694.0,135.0,0.192078081232493,POSITIVE,STRONG,0.533870674529041,HIGH,Prioritize immediate sales follow-up,origin shows a positive conversion signal; landing page shows a strong historical signal,159
a620fe2c33c9580566adb1e9b61ffdbc,2018-05-26,22c29808c4f815213303f8933030604c,organic_search,0,2018,5,5,0.7862059776740098,1869,222,0.11865735839068291,694.0,135.0,0.192078081232493,POSITIVE,STRONG,0.533870674529041,HIGH,Prioritize immediate sales follow-up,origin shows a positive conversion signal; landing page shows a strong historical signal,160
017e3cdfbb52cd9828ec3136354c54b2,2018-05-26,22c29808c4f815213303f8933030604c,organic_search,0,2018,5,5,0.7862059776740098,1869,222,0.11865735839068291,694.0,135.0,0.192078081232493,POSITIVE,STRONG,0.533870674529041,HIGH,Prioritize immediate sales follow-up,origin shows a positive conversion signal; landing page shows a strong historical signal,161
74273b6fe30e1cc484ef94ebd2baf199,2018-05-12,22c29808c4f815213303f8933030604c,organic_search,0,2018,5,5,0.7862059776740098,1869,222,0.11865735839068291,694.0,135.0,0.192078081232493,POSITIVE,STRONG,0.533870674529041,HIGH,Prioritize immediate sales follow-up,origin shows a positive conversion signal; landing page shows a strong historical signal,162
53b40c8ff077757f35a903589ef2a31b,2018-05-05,22c29808c4f815213303f8933030604c,organic_search,0,2018,5,5,0.7862059776740098,1869,222,0.11865735839068291,694.0,135.0,0.192078081232493,POSITIVE,STRONG,0.533870674529041,HIGH,Prioritize immediate sales follow-up,origin shows a positive conversion signal; landing page shows a strong historical signal,163
e820c40d01568fe53566d73d84c80b50,2018-05-26,22c29808c4f815213303f8933030604c,organic_search,0,2018,5,5,0.7862059776740098,1869,222,0.11865735839068291,694.0,135.0,0.192078081232493,POSITIVE,STRONG,0.533870674529041,HIGH,Prioritize immediate sales follow-up,origin shows a positive conversion signal; landing page shows a strong historical signal,164
843966e79e757cf797b7dfe514e30af1,2018-05-26,22c29808c4f815213303f8933030604c,organic_search,1,2018,5,5,0.7862059776740098,1869,222,0.11865735839068291,694.0,135.0,0.192078081232493,POSITIVE,STRONG,0.533870674529041,HIGH,Prioritize immediate sales follow-up,origin shows a positive conversion signal; landing page shows a strong historical signal,165
cb4e168db1faa34bd0893e4889a2f4f1,2018-05-19,22c29808c4f815213303f8933030604c,organic_search,0,2018,5,5,0.7862059776740098,1869,222,0.11865735839068291,694.0,135.0,0.192078081232493,POSITIVE,STRONG,0.533870674529041,HIGH,Prioritize immediate sales follow-up,origin shows a positive conversion signal; landing page shows a strong historical signal,166
3d67071efa4bd410db2ba44714135479,2018-05-20,40dec9f3d5259a3d2dbcdab2114fae47,paid_search,0,2018,5,6,0.781812877012826,1263,158,0.1248197583787997,275.0,55.0,0.19370762711864406,POSITIVE,STRONG,0.5327932033071843,HIGH,Prioritize immediate sales follow-up,origin shows a positive conversion signal; landing page shows a strong historical signal,167
0916f1db3e9e09d43a82ea0a0d88eb8c,2018-05-20,40dec9f3d5259a3d2dbcdab2114fae47,paid_search,0,2018,5,6,0.781812877012826,1263,158,0.1248197583787997,275.0,55.0,0.19370762711864406,POSITIVE,STRONG,0.5327932033071843,HIGH,Prioritize immediate sales follow-up,origin shows a positive conversion signal; landing page shows a strong historical signal,168
4fb8803544d0328d810a66b3d9a75c47,2018-05-20,22c29808c4f815213303f8933030604c,direct_traffic,0,2018,5,6,0.78449681640221,406,48,0.11770833333333333,694.0,135.0,0.192078081232493,POSITIVE,STRONG,0.5326553727544913,HIGH,Prioritize immediate sales follow-up,origin shows a positive conversion signal; landing page shows a strong historical signal,169
48a52d5cf371cff4f7f3988a5b577780,2018-05-27,22c29808c4f815213303f8933030604c,direct_traffic,0,2018,5,6,0.78449681640221,406,48,0.11770833333333333,694.0,135.0,0.192078081232493,POSITIVE,STRONG,0.5326553727544913,HIGH,Prioritize immediate sales follow-up,origin shows a positive conversion signal; landing page shows a strong historical signal,170
4bb469905246950273af7b6593ae0009,2018-05-06,22c29808c4f815213303f8933030604c,direct_traffic,0,2018,5,6,0.78449681640221,406,48,0.11770833333333333,694.0,135.0,0.192078081232493,POSITIVE,STRONG,0.5326553727544913,HIGH,Prioritize immediate sales follow-up,origin shows a positive conversion signal; landing page shows a strong historical signal,171
5bfcd83ad8acb6ab91ffa9a89da30c90,2018-04-28,22c29808c4f815213303f8933030604c,paid_search,0,2018,4,5,0.7818353969335688,1263,158,0.1248197583787997,694.0,135.0,0.192078081232493,POSITIVE,STRONG,0.5324808060823998,HIGH,Prioritize immediate sales follow-up,origin shows a positive conversion signal; landing page shows a strong historical signal,172
6107eb48aa5ee13a438f2c0e903de38a,2018-04-30,40dec9f3d5259a3d2dbcdab2114fae47,unknown,0,2018,4,0,0.7687758333879086,905,148,0.16231756756756757,275.0,55.0,0.19370762711864406,STRONG,STRONG,0.5324705389699874,HIGH,Prioritize immediate sales follow-up,origin historically converts above baseline; landing page shows a strong historical signal,173
3e4a3f9ecab2d513b6782748c9e0a884,2018-05-04,22c29808c4f815213303f8933030604c,organic_search,1,2018,5,4,0.7837313583178954,1869,222,0.11865735839068291,694.0,135.0,0.192078081232493,POSITIVE,STRONG,0.5323859029153725,HIGH,Prioritize immediate sales follow-up,origin shows a positive conversion signal; landing page shows a strong historical signal,174
674677f8d24764e5f2f0ccad6781ef47,2018-05-04,22c29808c4f815213303f8933030604c,organic_search,0,2018,5,4,0.7837313583178954,1869,222,0.11865735839068291,694.0,135.0,0.192078081232493,POSITIVE,STRONG,0.5323859029153725,HIGH,Prioritize immediate sales follow-up,origin shows a positive conversion signal; landing page shows a strong historical signal,175
fe1fa775d818957a76304c35e1939355,2018-05-11,22c29808c4f815213303f8933030604c,organic_search,1,2018,5,4,0.7837313583178954,1869,222,0.11865735839068291,694.0,135.0,0.192078081232493,POSITIVE,STRONG,0.5323859029153725,HIGH,Prioritize immediate sales follow-up,origin shows a positive conversion signal; landing page shows a strong historical signal,176
c04c97e91c6f493c78a9eb37adf91222,2018-05-18,22c29808c4f815213303f8933030604c,organic_search,0,2018,5,4,0.7837313583178954,1869,222,0.11865735839068291,694.0,135.0,0.192078081232493,POSITIVE,STRONG,0.5323859029153725,HIGH,Prioritize immediate sales follow-up,origin shows a positive conversion signal; landing page shows a strong historical signal,177
a0b36aa0208b361e4103380fb34694bf,2018-05-18,22c29808c4f815213303f8933030604c,organic_search,0,2018,5,4,0.7837313583178954,1869,222,0.11865735839068291,694.0,135.0,0.192078081232493,POSITIVE,STRONG,0.5323859029153725,HIGH,Prioritize immediate sales follow-up,origin shows a positive conversion signal; landing page shows a strong historical signal,178
b97dc9b1917a076d96da7c0ae4e2ed72,2018-05-11,22c29808c4f815213303f8933030604c,organic_search,1,2018,5,4,0.7837313583178954,1869,222,0.11865735839068291,694.0,135.0,0.192078081232493,POSITIVE,STRONG,0.5323859029153725,HIGH,Prioritize immediate sales follow-up,origin shows a positive conversion signal; landing page shows a strong historical signal,179
4db7ccb92989c6ca0e98dadb5c784ba7,2018-05-04,50f87b85a731cec08d8380b08c573ed3,direct_traffic,0,2018,5,4,0.7968797620509298,406,48,0.11770833333333333,1.0,1.0,0.14970238095238098,POSITIVE,LIMITED,0.5316100000877008,HIGH,Prioritize for sales follow-up,origin shows a positive conversion signal,180
e281f682fab884aafadb53f9711eaffb,2018-05-05,40dec9f3d5259a3d2dbcdab2114fae47,paid_search,0,2018,5,5,0.7793016825036239,1263,158,0.1248197583787997,275.0,55.0,0.19370762711864406,POSITIVE,STRONG,0.531286486601663,HIGH,Prioritize immediate sales follow-up,origin shows a positive conversion signal; landing page shows a strong historical signal,181
0cf88020722953499b7e6ee70c16f36b,2018-05-26,40dec9f3d5259a3d2dbcdab2114fae47,paid_search,0,2018,5,5,0.7793016825036239,1263,158,0.1248197583787997,275.0,55.0,0.19370762711864406,POSITIVE,STRONG,0.531286486601663,HIGH,Prioritize immediate sales follow-up,origin shows a positive conversion signal; landing page shows a strong historical signal,182
debcfcbcdbc48a17e199bca9d040a4d2,2018-05-12,40dec9f3d5259a3d2dbcdab2114fae47,paid_search,0,2018,5,5,0.7793016825036239,1263,158,0.1248197583787997,275.0,55.0,0.19370762711864406,POSITIVE,STRONG,0.531286486601663,HIGH,Prioritize immediate sales follow-up,origin shows a positive conversion signal; landing page shows a strong historical signal,183
5874f1b550c0d4cf4a1774b46b8d5398,2018-04-27,22c29808c4f815213303f8933030604c,paid_search,0,2018,4,4,0.7793243884549668,1263,158,0.1248197583787997,694.0,135.0,0.192078081232493,POSITIVE,STRONG,0.5309742009952386,HIGH,Prioritize immediate sales follow-up,origin shows a positive conversion signal; landing page shows a strong historical signal,184
d6beac7184414a6487a7edade4c0f2ef,2018-04-27,22c29808c4f815213303f8933030604c,paid_search,1,2018,4,4,0.7793243884549668,1263,158,0.1248197583787997,694.0,135.0,0.192078081232493,POSITIVE,STRONG,0.5309742009952386,HIGH,Prioritize immediate sales follow-up,origin shows a positive conversion signal; landing page shows a strong historical signal,185
173e097f39844e299a745824e4c90e04,2018-05-24,22c29808c4f815213303f8933030604c,organic_search,0,2018,5,3,0.7812360658228946,1869,222,0.11865735839068291,694.0,135.0,0.192078081232493,POSITIVE,STRONG,0.530888727418372,HIGH,Prioritize immediate sales follow-up,origin shows a positive conversion signal; landing page shows a strong historical signal,186
94e5334342049bf8fc3c617362be2304,2018-05-24,22c29808c4f815213303f8933030604c,organic_search,0,2018,5,3,0.7812360658228946,1869,222,0.11865735839068291,694.0,135.0,0.192078081232493,POSITIVE,STRONG,0.530888727418372,HIGH,Prioritize immediate sales follow-up,origin shows a positive conversion signal; landing page shows a strong historical signal,187
bd6dd73b5ea38bdbc9b64a9639a85e66,2018-05-24,22c29808c4f815213303f8933030604c,organic_search,0,2018,5,3,0.7812360658228946,1869,222,0.11865735839068291,694.0,135.0,0.192078081232493,POSITIVE,STRONG,0.530888727418372,HIGH,Prioritize immediate sales follow-up,origin shows a positive conversion signal; landing page shows a strong historical signal,188
4e9e9815a54fc4d54e960e96c843c4cb,2018-05-10,22c29808c4f815213303f8933030604c,organic_search,0,2018,5,3,0.7812360658228946,1869,222,0.11865735839068291,694.0,135.0,0.192078081232493,POSITIVE,STRONG,0.530888727418372,HIGH,Prioritize immediate sales follow-up,origin shows a positive conversion signal; landing page shows a strong historical signal,189
b50b5a692bf4199456329af7b86c8e4b,2018-05-03,22c29808c4f815213303f8933030604c,organic_search,0,2018,5,3,0.7812360658228946,1869,222,0.11865735839068291,694.0,135.0,0.192078081232493,POSITIVE,STRONG,0.530888727418372,HIGH,Prioritize immediate sales follow-up,origin shows a positive conversion signal; landing page shows a strong historical signal,190
8fcbcbf224af35d5f956a1a130552b59,2018-05-03,22c29808c4f815213303f8933030604c,organic_search,0,2018,5,3,0.7812360658228946,1869,222,0.11865735839068291,694.0,135.0,0.192078081232493,POSITIVE,STRONG,0.530888727418372,HIGH,Prioritize immediate sales follow-up,origin shows a positive conversion signal; landing page shows a strong historical signal,191
25875b7c6f21696893cbceb4210b9b50,2018-05-17,22c29808c4f815213303f8933030604c,organic_search,0,2018,5,3,0.7812360658228946,1869,222,0.11865735839068291,694.0,135.0,0.192078081232493,POSITIVE,STRONG,0.530888727418372,HIGH,Prioritize immediate sales follow-up,origin shows a positive conversion signal; landing page shows a strong historical signal,192
8928ccba6d94d5f1481c1065330c6066,2018-05-24,22c29808c4f815213303f8933030604c,organic_search,1,2018,5,3,0.7812360658228946,1869,222,0.11865735839068291,694.0,135.0,0.192078081232493,POSITIVE,STRONG,0.530888727418372,HIGH,Prioritize immediate sales follow-up,origin shows a positive conversion signal; landing page shows a strong historical signal,193
622afa4a2bc5b3830fe26f0e931182b8,2018-05-24,22c29808c4f815213303f8933030604c,organic_search,0,2018,5,3,0.7812360658228946,1869,222,0.11865735839068291,694.0,135.0,0.192078081232493,POSITIVE,STRONG,0.530888727418372,HIGH,Prioritize immediate sales follow-up,origin shows a positive conversion signal; landing page shows a strong historical signal,194
44111683f45a426b802877fc8a77d8f5,2018-05-24,22c29808c4f815213303f8933030604c,organic_search,0,2018,5,3,0.7812360658228946,1869,222,0.11865735839068291,694.0,135.0,0.192078081232493,POSITIVE,STRONG,0.530888727418372,HIGH,Prioritize immediate sales follow-up,origin shows a positive conversion signal; landing page shows a strong historical signal,195
119ce5d79e3c006a9e46967bff271cb2,2018-05-24,22c29808c4f815213303f8933030604c,organic_search,1,2018,5,3,0.7812360658228946,1869,222,0.11865735839068291,694.0,135.0,0.192078081232493,POSITIVE,STRONG,0.530888727418372,HIGH,Prioritize immediate sales follow-up,origin shows a positive conversion signal; landing page shows a strong historical signal,196
f29ef36d82c4a804fcba53aa4d2940f0,2018-05-24,22c29808c4f815213303f8933030604c,organic_search,0,2018,5,3,0.7812360658228946,1869,222,0.11865735839068291,694.0,135.0,0.192078081232493,POSITIVE,STRONG,0.530888727418372,HIGH,Prioritize immediate sales follow-up,origin shows a positive conversion signal; landing page shows a strong historical signal,197
90513943523077ad07582e989457ccec,2018-05-10,22c29808c4f815213303f8933030604c,organic_search,1,2018,5,3,0.7812360658228946,1869,222,0.11865735839068291,694.0,135.0,0.192078081232493,POSITIVE,STRONG,0.530888727418372,HIGH,Prioritize immediate sales follow-up,origin shows a positive conversion signal; landing page shows a strong historical signal,198
7cf3a0e4045dc8e6b2aea2319ae903f8,2018-05-10,22c29808c4f815213303f8933030604c,organic_search,0,2018,5,3,0.7812360658228946,1869,222,0.11865735839068291,694.0,135.0,0.192078081232493,POSITIVE,STRONG,0.530888727418372,HIGH,Prioritize immediate sales follow-up,origin shows a positive conversion signal; landing page shows a strong historical signal,199
ad0c3f343a1862b516d46b7344ffc209,2018-05-24,22c29808c4f815213303f8933030604c,organic_search,0,2018,5,3,0.7812360658228946,1869,222,0.11865735839068291,694.0,135.0,0.192078081232493,POSITIVE,STRONG,0.530888727418372,HIGH,Prioritize immediate sales follow-up,origin shows a positive conversion signal; landing page shows a strong historical signal,200
6cfe342b4bf39298aada48c80ad8c49d,2018-05-17,22c29808c4f815213303f8933030604c,organic_search,0,2018,5,3,0.7812360658228946,1869,222,0.11865735839068291,694.0,135.0,0.192078081232493,POSITIVE,STRONG,0.530888727418372,HIGH,Prioritize immediate sales follow-up,origin shows a positive conversion signal; landing page shows a strong historical signal,201
f9cfda111d54261aaba42282a9569f7e,2018-05-03,22c29808c4f815213303f8933030604c,organic_search,0,2018,5,3,0.7812360658228946,1869,222,0.11865735839068291,694.0,135.0,0.192078081232493,POSITIVE,STRONG,0.530888727418372,HIGH,Prioritize immediate sales follow-up,origin shows a positive conversion signal; landing page shows a strong historical signal,202
2e57665b8faf05c967a801eb5aedfa0a,2018-05-25,40dec9f3d5259a3d2dbcdab2114fae47,paid_search,1,2018,5,4,0.776769838174728,1263,158,0.1248197583787997,275.0,55.0,0.19370762711864406,POSITIVE,STRONG,0.5297673800043255,HIGH,Prioritize immediate sales follow-up,origin shows a positive conversion signal; landing page shows a strong historical signal,203
1cbfa9c878ef8692c1ae21e4cfa11000,2018-05-25,40dec9f3d5259a3d2dbcdab2114fae47,paid_search,1,2018,5,4,0.776769838174728,1263,158,0.1248197583787997,275.0,55.0,0.19370762711864406,POSITIVE,STRONG,0.5297673800043255,HIGH,Prioritize immediate sales follow-up,origin shows a positive conversion signal; landing page shows a strong historical signal,204
0e327f32dbb22d433600688b7e9af0db,2018-05-25,40dec9f3d5259a3d2dbcdab2114fae47,paid_search,1,2018,5,4,0.776769838174728,1263,158,0.1248197583787997,275.0,55.0,0.19370762711864406,POSITIVE,STRONG,0.5297673800043255,HIGH,Prioritize immediate sales follow-up,origin shows a positive conversion signal; landing page shows a strong historical signal,205
8f066a7bbf127f4e81f4809769daeb0a,2018-05-25,22c29808c4f815213303f8933030604c,direct_traffic,0,2018,5,4,0.7794983161869761,406,48,0.11770833333333333,694.0,135.0,0.192078081232493,POSITIVE,STRONG,0.5296562726253509,HIGH,Prioritize immediate sales follow-up,origin shows a positive conversion signal; landing page shows a strong historical signal,206
107dd95cbdbd492c7f55e7128eaebce5,2018-05-18,22c29808c4f815213303f8933030604c,direct_traffic,0,2018,5,4,0.7794983161869761,406,48,0.11770833333333333,694.0,135.0,0.192078081232493,POSITIVE,STRONG,0.5296562726253509,HIGH,Prioritize immediate sales follow-up,origin shows a positive conversion signal; landing page shows a strong historical signal,207
7fb81e85cec23c84c28f94cc331ba0bb,2018-05-11,22c29808c4f815213303f8933030604c,direct_traffic,0,2018,5,4,0.7794983161869761,406,48,0.11770833333333333,694.0,135.0,0.192078081232493,POSITIVE,STRONG,0.5296562726253509,HIGH,Prioritize immediate sales follow-up,origin shows a positive conversion signal; landing page shows a strong historical signal,208
f36c682dbd97d51bdc2e0cfd81ea3028,2018-04-26,22c29808c4f815213303f8933030604c,paid_search,0,2018,4,3,0.7767927300009068,1263,158,0.1248197583787997,694.0,135.0,0.192078081232493,POSITIVE,STRONG,0.5294552059228026,HIGH,Prioritize immediate sales follow-up,origin shows a positive conversion signal; landing page shows a strong historical signal,209
66a18289224fcaca68694426ede468a0,2018-04-26,22c29808c4f815213303f8933030604c,paid_search,0,2018,4,3,0.7767927300009068,1263,158,0.1248197583787997,694.0,135.0,0.192078081232493,POSITIVE,STRONG,0.5294552059228026,HIGH,Prioritize immediate sales follow-up,origin shows a positive conversion signal; landing page shows a strong historical signal,210
2f2c8fcf0d0c5fca6b425d66f6649564,2018-05-23,22c29808c4f815213303f8933030604c,organic_search,0,2018,5,2,0.7787201115732345,1869,222,0.11865735839068291,694.0,135.0,0.192078081232493,POSITIVE,STRONG,0.5293791548685759,HIGH,Prioritize immediate sales follow-up,origin shows a positive conversion signal; landing page shows a strong historical signal,211
feba0fc3e2bca1b304abb0a033cb92ea,2018-05-16,22c29808c4f815213303f8933030604c,organic_search,0,2018,5,2,0.7787201115732345,1869,222,0.11865735839068291,694.0,135.0,0.192078081232493,POSITIVE,STRONG,0.5293791548685759,HIGH,Prioritize immediate sales follow-up,origin shows a positive conversion signal; landing page shows a strong historical signal,212
2ba14bf3ef59ae42b0031005b2eea17c,2018-05-02,22c29808c4f815213303f8933030604c,organic_search,0,2018,5,2,0.7787201115732345,1869,222,0.11865735839068291,694.0,135.0,0.192078081232493,POSITIVE,STRONG,0.5293791548685759,HIGH,Prioritize immediate sales follow-up,origin shows a positive conversion signal; landing page shows a strong historical signal,213
7a076925b6494fc1ccf0db99d7965203,2018-05-16,22c29808c4f815213303f8933030604c,organic_search,0,2018,5,2,0.7787201115732345,1869,222,0.11865735839068291,694.0,135.0,0.192078081232493,POSITIVE,STRONG,0.5293791548685759,HIGH,Prioritize immediate sales follow-up,origin shows a positive conversion signal; landing page shows a strong historical signal,214
018b1d3ea470dbb00e3dd6438af19bfb,2018-05-23,22c29808c4f815213303f8933030604c,organic_search,0,2018,5,2,0.7787201115732345,1869,222,0.11865735839068291,694.0,135.0,0.192078081232493,POSITIVE,STRONG,0.5293791548685759,HIGH,Prioritize immediate sales follow-up,origin shows a positive conversion signal; landing page shows a strong historical signal,215
02c1f06978b821b2996ec257932f2947,2018-05-09,22c29808c4f815213303f8933030604c,organic_search,1,2018,5,2,0.7787201115732345,1869,222,0.11865735839068291,694.0,135.0,0.192078081232493,POSITIVE,STRONG,0.5293791548685759,HIGH,Prioritize immediate sales follow-up,origin shows a positive conversion signal; landing page shows a strong historical signal,216
44007f34034857cf878ebe2f0fa15e06,2018-05-09,22c29808c4f815213303f8933030604c,organic_search,0,2018,5,2,0.7787201115732345,1869,222,0.11865735839068291,694.0,135.0,0.192078081232493,POSITIVE,STRONG,0.5293791548685759,HIGH,Prioritize immediate sales follow-up,origin shows a positive conversion signal; landing page shows a strong historical signal,217
a22769dce23753889a437fb442c647db,2018-05-23,22c29808c4f815213303f8933030604c,organic_search,0,2018,5,2,0.7787201115732345,1869,222,0.11865735839068291,694.0,135.0,0.192078081232493,POSITIVE,STRONG,0.5293791548685759,HIGH,Prioritize immediate sales follow-up,origin shows a positive conversion signal; landing page shows a strong historical signal,218
e22ea1e7242e8f9094af1539c4154566,2018-05-09,22c29808c4f815213303f8933030604c,organic_search,0,2018,5,2,0.7787201115732345,1869,222,0.11865735839068291,694.0,135.0,0.192078081232493,POSITIVE,STRONG,0.5293791548685759,HIGH,Prioritize immediate sales follow-up,origin shows a positive conversion signal; landing page shows a strong historical signal,219
b9ed46d1ff01c4fb8e3f2453091804d0,2018-05-09,22c29808c4f815213303f8933030604c,organic_search,1,2018,5,2,0.7787201115732345,1869,222,0.11865735839068291,694.0,135.0,0.192078081232493,POSITIVE,STRONG,0.5293791548685759,HIGH,Prioritize immediate sales follow-up,origin shows a positive conversion signal; landing page shows a strong historical signal,220
b3dc4dfdd0a322b00484fc0ef22babca,2018-05-09,22c29808c4f815213303f8933030604c,organic_search,0,2018,5,2,0.7787201115732345,1869,222,0.11865735839068291,694.0,135.0,0.192078081232493,POSITIVE,STRONG,0.5293791548685759,HIGH,Prioritize immediate sales follow-up,origin shows a positive conversion signal; landing page shows a strong historical signal,221
710179ef2349eccc3856fbb894f72d80,2018-05-16,22c29808c4f815213303f8933030604c,organic_search,0,2018,5,2,0.7787201115732345,1869,222,0.11865735839068291,694.0,135.0,0.192078081232493,POSITIVE,STRONG,0.5293791548685759,HIGH,Prioritize immediate sales follow-up,origin shows a positive conversion signal; landing page shows a strong historical signal,222
ca03af8849850be6800c4ac485573b74,2018-05-09,22c29808c4f815213303f8933030604c,organic_search,0,2018,5,2,0.7787201115732345,1869,222,0.11865735839068291,694.0,135.0,0.192078081232493,POSITIVE,STRONG,0.5293791548685759,HIGH,Prioritize immediate sales follow-up,origin shows a positive conversion signal; landing page shows a strong historical signal,223
cc2079f1f86ce2f9765a8659f9d07c8b,2018-05-30,22c29808c4f815213303f8933030604c,organic_search,0,2018,5,2,0.7787201115732345,1869,222,0.11865735839068291,694.0,135.0,0.192078081232493,POSITIVE,STRONG,0.5293791548685759,HIGH,Prioritize immediate sales follow-up,origin shows a positive conversion signal; landing page shows a strong historical signal,224
c22881004aabcdea7d937a4fe0205fb2,2018-05-02,22c29808c4f815213303f8933030604c,organic_search,0,2018,5,2,0.7787201115732345,1869,222,0.11865735839068291,694.0,135.0,0.192078081232493,POSITIVE,STRONG,0.5293791548685759,HIGH,Prioritize immediate sales follow-up,origin shows a positive conversion signal; landing page shows a strong historical signal,225
ca4b48b1d7cc3755fa151c151d6e3fb5,2018-05-30,22c29808c4f815213303f8933030604c,organic_search,0,2018,5,2,0.7787201115732345,1869,222,0.11865735839068291,694.0,135.0,0.192078081232493,POSITIVE,STRONG,0.5293791548685759,HIGH,Prioritize immediate sales follow-up,origin shows a positive conversion signal; landing page shows a strong historical signal,226
ed3d878bf23177e7075ce07578841047,2018-05-09,22c29808c4f815213303f8933030604c,organic_search,1,2018,5,2,0.7787201115732345,1869,222,0.11865735839068291,694.0,135.0,0.192078081232493,POSITIVE,STRONG,0.5293791548685759,HIGH,Prioritize immediate sales follow-up,origin shows a positive conversion signal; landing page shows a strong historical signal,227
49494b2411c66c20b40c26a64449eb44,2018-05-09,22c29808c4f815213303f8933030604c,organic_search,0,2018,5,2,0.7787201115732345,1869,222,0.11865735839068291,694.0,135.0,0.192078081232493,POSITIVE,STRONG,0.5293791548685759,HIGH,Prioritize immediate sales follow-up,origin shows a positive conversion signal; landing page shows a strong historical signal,228
4c898465f7e0becf53dd933ab2a1b6f9,2018-05-31,40dec9f3d5259a3d2dbcdab2114fae47,paid_search,1,2018,5,3,0.774217363717385,1263,158,0.1248197583787997,275.0,55.0,0.19370762711864406,POSITIVE,STRONG,0.5282358953299198,HIGH,Prioritize immediate sales follow-up,origin shows a positive conversion signal; landing page shows a strong historical signal,229
2edfbc33177d268d310968d775266d3f,2018-05-31,40dec9f3d5259a3d2dbcdab2114fae47,paid_search,0,2018,5,3,0.774217363717385,1263,158,0.1248197583787997,275.0,55.0,0.19370762711864406,POSITIVE,STRONG,0.5282358953299198,HIGH,Prioritize immediate sales follow-up,origin shows a positive conversion signal; landing page shows a strong historical signal,230
cf4aa1d389db2d82136f8bf8e0fc1731,2018-05-24,40dec9f3d5259a3d2dbcdab2114fae47,paid_search,0,2018,5,3,0.774217363717385,1263,158,0.1248197583787997,275.0,55.0,0.19370762711864406,POSITIVE,STRONG,0.5282358953299198,HIGH,Prioritize immediate sales follow-up,origin shows a positive conversion signal; landing page shows a strong historical signal,231
9dbda50bc131e3813851660dd15d0ef9,2018-05-24,40dec9f3d5259a3d2dbcdab2114fae47,paid_search,0,2018,5,3,0.774217363717385,1263,158,0.1248197583787997,275.0,55.0,0.19370762711864406,POSITIVE,STRONG,0.5282358953299198,HIGH,Prioritize immediate sales follow-up,origin shows a positive conversion signal; landing page shows a strong historical signal,232
5087a1fbd11fc3d96dc93b3e11376bda,2018-05-03,40dec9f3d5259a3d2dbcdab2114fae47,paid_search,0,2018,5,3,0.774217363717385,1263,158,0.1248197583787997,275.0,55.0,0.19370762711864406,POSITIVE,STRONG,0.5282358953299198,HIGH,Prioritize immediate sales follow-up,origin shows a positive conversion signal; landing page shows a strong historical signal,233
048bb2f901e2c6f99bc9d26b78b47129,2018-05-24,40dec9f3d5259a3d2dbcdab2114fae47,paid_search,1,2018,5,3,0.774217363717385,1263,158,0.1248197583787997,275.0,55.0,0.19370762711864406,POSITIVE,STRONG,0.5282358953299198,HIGH,Prioritize immediate sales follow-up,origin shows a positive conversion signal; landing page shows a strong historical signal,234
4e6cbfdf24bc563142cc847f03f5ed29,2018-05-15,37cf94070e940a694969304de58debe1,paid_search,0,2018,5,1,0.7874939337206855,1263,158,0.1248197583787997,7.0,2.0,0.15347222222222226,POSITIVE,LIMITED,0.5281547563526157,HIGH,Prioritize for sales follow-up,origin shows a positive conversion signal,235
44942b82e5dea398aea2195a5a582c18,2018-05-10,22c29808c4f815213303f8933030604c,direct_traffic,0,2018,5,3,0.7769680820429179,406,48,0.11770833333333333,694.0,135.0,0.192078081232493,POSITIVE,STRONG,0.528138132138916,HIGH,Prioritize immediate sales follow-up,origin shows a positive conversion signal; landing page shows a strong historical signal,236
e644f76cfb65b608ceed85bd32a64128,2018-05-10,22c29808c4f815213303f8933030604c,direct_traffic,0,2018,5,3,0.7769680820429179,406,48,0.11770833333333333,694.0,135.0,0.192078081232493,POSITIVE,STRONG,0.528138132138916,HIGH,Prioritize immediate sales follow-up,origin shows a positive conversion signal; landing page shows a strong historical signal,237
feeff952d528623ec3d2e83387c051d8,2018-05-17,22c29808c4f815213303f8933030604c,direct_traffic,0,2018,5,3,0.7769680820429179,406,48,0.11770833333333333,694.0,135.0,0.192078081232493,POSITIVE,STRONG,0.528138132138916,HIGH,Prioritize immediate sales follow-up,origin shows a positive conversion signal; landing page shows a strong historical signal,238
c6c02ef92aa0dcb6c333a27cfb22d47c,2018-05-10,22c29808c4f815213303f8933030604c,direct_traffic,1,2018,5,3,0.7769680820429179,406,48,0.11770833333333333,694.0,135.0,0.192078081232493,POSITIVE,STRONG,0.528138132138916,HIGH,Prioritize immediate sales follow-up,origin shows a positive conversion signal; landing page shows a strong historical signal,239
7fd55078dabca05d6eb8964999ba5e3c,2018-05-31,22c29808c4f815213303f8933030604c,direct_traffic,0,2018,5,3,0.7769680820429179,406,48,0.11770833333333333,694.0,135.0,0.192078081232493,POSITIVE,STRONG,0.528138132138916,HIGH,Prioritize immediate sales follow-up,origin shows a positive conversion signal; landing page shows a strong historical signal,240
29ab8937c72f36ca382c32ece8ca5595,2018-05-31,22c29808c4f815213303f8933030604c,direct_traffic,0,2018,5,3,0.7769680820429179,406,48,0.11770833333333333,694.0,135.0,0.192078081232493,POSITIVE,STRONG,0.528138132138916,HIGH,Prioritize immediate sales follow-up,origin shows a positive conversion signal; landing page shows a strong historical signal,241
22c0b2a19a05fff19e92fab5a0b7728b,2018-04-25,22c29808c4f815213303f8933030604c,paid_search,1,2018,4,2,0.7742404412197971,1263,158,0.1248197583787997,694.0,135.0,0.192078081232493,POSITIVE,STRONG,0.5279238326541368,HIGH,Prioritize immediate sales follow-up,origin shows a positive conversion signal; landing page shows a strong historical signal,242
9a15003757164c515ae32caef1bf2786,2018-05-08,22c29808c4f815213303f8933030604c,organic_search,0,2018,5,1,0.7761835116199965,1869,222,0.11865735839068291,694.0,135.0,0.192078081232493,POSITIVE,STRONG,0.5278571948966331,HIGH,Prioritize immediate sales follow-up,origin shows a positive conversion signal; landing page shows a strong historical signal,243
d6140c51d9f0507b9a747e63e335be7d,2018-05-22,22c29808c4f815213303f8933030604c,organic_search,1,2018,5,1,0.7761835116199965,1869,222,0.11865735839068291,694.0,135.0,0.192078081232493,POSITIVE,STRONG,0.5278571948966331,HIGH,Prioritize immediate sales follow-up,origin shows a positive conversion signal; landing page shows a strong historical signal,244
1e2a84cd1c6fcd7b7a07f49f1cf7f6cc,2018-05-08,22c29808c4f815213303f8933030604c,organic_search,1,2018,5,1,0.7761835116199965,1869,222,0.11865735839068291,694.0,135.0,0.192078081232493,POSITIVE,STRONG,0.5278571948966331,HIGH,Prioritize immediate sales follow-up,origin shows a positive conversion signal; landing page shows a strong historical signal,245
dd9a886385800d4bc50d7614d8f30b4e,2018-05-22,22c29808c4f815213303f8933030604c,organic_search,0,2018,5,1,0.7761835116199965,1869,222,0.11865735839068291,694.0,135.0,0.192078081232493,POSITIVE,STRONG,0.5278571948966331,HIGH,Prioritize immediate sales follow-up,origin shows a positive conversion signal; landing page shows a strong historical signal,246
965b0629796556420a03de497e780a03,2018-05-22,22c29808c4f815213303f8933030604c,organic_search,0,2018,5,1,0.7761835116199965,1869,222,0.11865735839068291,694.0,135.0,0.192078081232493,POSITIVE,STRONG,0.5278571948966331,HIGH,Prioritize immediate sales follow-up,origin shows a positive conversion signal; landing page shows a strong historical signal,247
0d99b130d767e50e22b528261ffe5550,2018-05-29,22c29808c4f815213303f8933030604c,organic_search,1,2018,5,1,0.7761835116199965,1869,222,0.11865735839068291,694.0,135.0,0.192078081232493,POSITIVE,STRONG,0.5278571948966331,HIGH,Prioritize immediate sales follow-up,origin shows a positive conversion signal; landing page shows a strong historical signal,248
bff56f6293a72deab400353bd7bee9b0,2018-05-29,22c29808c4f815213303f8933030604c,organic_search,0,2018,5,1,0.7761835116199965,1869,222,0.11865735839068291,694.0,135.0,0.192078081232493,POSITIVE,STRONG,0.5278571948966331,HIGH,Prioritize immediate sales follow-up,origin shows a positive conversion signal; landing page shows a strong historical signal,249
66465d42f6d3c2d96166722bf74138a9,2018-05-22,22c29808c4f815213303f8933030604c,organic_search,0,2018,5,1,0.7761835116199965,1869,222,0.11865735839068291,694.0,135.0,0.192078081232493,POSITIVE,STRONG,0.5278571948966331,HIGH,Prioritize immediate sales follow-up,origin shows a positive conversion signal; landing page shows a strong historical signal,250
7e17d1a0db048c466ba0a15fffaaa247,2018-05-22,22c29808c4f815213303f8933030604c,organic_search,0,2018,5,1,0.7761835116199965,1869,222,0.11865735839068291,694.0,135.0,0.192078081232493,POSITIVE,STRONG,0.5278571948966331,HIGH,Prioritize immediate sales follow-up,origin shows a positive conversion signal; landing page shows a strong historical signal,251
e26bf5a3c736014510621a300e9e8d96,2018-05-08,22c29808c4f815213303f8933030604c,organic_search,0,2018,5,1,0.7761835116199965,1869,222,0.11865735839068291,694.0,135.0,0.192078081232493,POSITIVE,STRONG,0.5278571948966331,HIGH,Prioritize immediate sales follow-up,origin shows a positive conversion signal; landing page shows a strong historical signal,252
6a10f542e6f79265c34a405dbc928e37,2018-05-22,22c29808c4f815213303f8933030604c,organic_search,1,2018,5,1,0.7761835116199965,1869,222,0.11865735839068291,694.0,135.0,0.192078081232493,POSITIVE,STRONG,0.5278571948966331,HIGH,Prioritize immediate sales follow-up,origin shows a positive conversion signal; landing page shows a strong historical signal,253
2fb120f46d3672b167d80140583a6063,2018-05-08,22c29808c4f815213303f8933030604c,organic_search,0,2018,5,1,0.7761835116199965,1869,222,0.11865735839068291,694.0,135.0,0.192078081232493,POSITIVE,STRONG,0.5278571948966331,HIGH,Prioritize immediate sales follow-up,origin shows a positive conversion signal; landing page shows a strong historical signal,254
2f1cd5f3b17a865d680fb1f2c299e705,2018-05-22,22c29808c4f815213303f8933030604c,organic_search,0,2018,5,1,0.7761835116199965,1869,222,0.11865735839068291,694.0,135.0,0.192078081232493,POSITIVE,STRONG,0.5278571948966331,HIGH,Prioritize immediate sales follow-up,origin shows a positive conversion signal; landing page shows a strong historical signal,255
3776eddabd032b9e07745c212a4f485f,2018-05-15,22c29808c4f815213303f8933030604c,organic_search,0,2018,5,1,0.7761835116199965,1869,222,0.11865735839068291,694.0,135.0,0.192078081232493,POSITIVE,STRONG,0.5278571948966331,HIGH,Prioritize immediate sales follow-up,origin shows a positive conversion signal; landing page shows a strong historical signal,256
7c7378fdb4fc64ec517dc024e8f2bb89,2018-05-29,22c29808c4f815213303f8933030604c,organic_search,0,2018,5,1,0.7761835116199965,1869,222,0.11865735839068291,694.0,135.0,0.192078081232493,POSITIVE,STRONG,0.5278571948966331,HIGH,Prioritize immediate sales follow-up,origin shows a positive conversion signal; landing page shows a strong historical signal,257
013154403b9d27634b2ce368eadbe1ca,2018-05-15,22c29808c4f815213303f8933030604c,organic_search,0,2018,5,1,0.7761835116199965,1869,222,0.11865735839068291,694.0,135.0,0.192078081232493,POSITIVE,STRONG,0.5278571948966331,HIGH,Prioritize immediate sales follow-up,origin shows a positive conversion signal; landing page shows a strong historical signal,258
23b7bbab67f2caadba743ff405d27b5c,2018-05-15,22c29808c4f815213303f8933030604c,organic_search,1,2018,5,1,0.7761835116199965,1869,222,0.11865735839068291,694.0,135.0,0.192078081232493,POSITIVE,STRONG,0.5278571948966331,HIGH,Prioritize immediate sales follow-up,origin shows a positive conversion signal; landing page shows a strong historical signal,259
ddbfc14f2f93b8eeb75d4b11a876b7ba,2018-04-27,b76ef37428e6799c421989521c0e5077,unknown,1,2018,4,4,0.7620713454382602,905,148,0.16231756756756757,735.0,140.0,0.1882698675496689,STRONG,STRONG,0.5273602942864034,HIGH,Prioritize immediate sales follow-up,origin historically converts above baseline; landing page shows a strong historical signal,260
041206f8e2b84e6a7b701788fe8c10ce,2018-04-27,b76ef37428e6799c421989521c0e5077,unknown,0,2018,4,4,0.7620713454382602,905,148,0.16231756756756757,735.0,140.0,0.1882698675496689,STRONG,STRONG,0.5273602942864034,HIGH,Prioritize immediate sales follow-up,origin historically converts above baseline; landing page shows a strong historical signal,261
3c803c1d8fef5385ca87aa1f8952338e,2018-04-27,b76ef37428e6799c421989521c0e5077,unknown,1,2018,4,4,0.7620713454382602,905,148,0.16231756756756757,735.0,140.0,0.1882698675496689,STRONG,STRONG,0.5273602942864034,HIGH,Prioritize immediate sales follow-up,origin historically converts above baseline; landing page shows a strong historical signal,262
f846ad08fcff1ed09797b16e11fdc5df,2018-05-30,40dec9f3d5259a3d2dbcdab2114fae47,paid_search,0,2018,5,2,0.771644283615143,1263,158,0.1248197583787997,275.0,55.0,0.19370762711864406,POSITIVE,STRONG,0.5266920472685745,HIGH,Prioritize immediate sales follow-up,origin shows a positive conversion signal; landing page shows a strong historical signal,263
5b6e8759af7b231482ca0b70b92ed709,2018-05-02,40dec9f3d5259a3d2dbcdab2114fae47,paid_search,0,2018,5,2,0.771644283615143,1263,158,0.1248197583787997,275.0,55.0,0.19370762711864406,POSITIVE,STRONG,0.5266920472685745,HIGH,Prioritize immediate sales follow-up,origin shows a positive conversion signal; landing page shows a strong historical signal,264
b0ddd82af1b4a1bf5ae1fa5befbcb4e2,2018-05-02,40dec9f3d5259a3d2dbcdab2114fae47,paid_search,0,2018,5,2,0.771644283615143,1263,158,0.1248197583787997,275.0,55.0,0.19370762711864406,POSITIVE,STRONG,0.5266920472685745,HIGH,Prioritize immediate sales follow-up,origin shows a positive conversion signal; landing page shows a strong historical signal,265
da8384d2d70f9196edf2037c2fb2e93a,2018-05-23,40dec9f3d5259a3d2dbcdab2114fae47,paid_search,0,2018,5,2,0.771644283615143,1263,158,0.1248197583787997,275.0,55.0,0.19370762711864406,POSITIVE,STRONG,0.5266920472685745,HIGH,Prioritize immediate sales follow-up,origin shows a positive conversion signal; landing page shows a strong historical signal,266
b1eb96657b983d6e9c04bca5b975d374,2018-05-16,40dec9f3d5259a3d2dbcdab2114fae47,paid_search,0,2018,5,2,0.771644283615143,1263,158,0.1248197583787997,275.0,55.0,0.19370762711864406,POSITIVE,STRONG,0.5266920472685745,HIGH,Prioritize immediate sales follow-up,origin shows a positive conversion signal; landing page shows a strong historical signal,267
732752dbdef0f33b59d4701c53b5341b,2018-05-02,40dec9f3d5259a3d2dbcdab2114fae47,paid_search,0,2018,5,2,0.771644283615143,1263,158,0.1248197583787997,275.0,55.0,0.19370762711864406,POSITIVE,STRONG,0.5266920472685745,HIGH,Prioritize immediate sales follow-up,origin shows a positive conversion signal; landing page shows a strong historical signal,268
2b6a1d360326583e2b95118913845eb5,2018-05-09,22c29808c4f815213303f8933030604c,direct_traffic,1,2018,5,2,0.7744172160629222,406,48,0.11770833333333333,694.0,135.0,0.192078081232493,POSITIVE,STRONG,0.5266076125509186,HIGH,Prioritize immediate sales follow-up,origin shows a positive conversion signal; landing page shows a strong historical signal,269
48e52fa3bcb770a613a1606a3d4c990d,2018-05-23,22c29808c4f815213303f8933030604c,direct_traffic,0,2018,5,2,0.7744172160629222,406,48,0.11770833333333333,694.0,135.0,0.192078081232493,POSITIVE,STRONG,0.5266076125509186,HIGH,Prioritize immediate sales follow-up,origin shows a positive conversion signal; landing page shows a strong historical signal,270
3d2a67b164177142ff0a63a068c4ed6d,2018-05-30,22c29808c4f815213303f8933030604c,direct_traffic,0,2018,5,2,0.7744172160629222,406,48,0.11770833333333333,694.0,135.0,0.192078081232493,POSITIVE,STRONG,0.5266076125509186,HIGH,Prioritize immediate sales follow-up,origin shows a positive conversion signal; landing page shows a strong historical signal,271
6cbe87cacb0b1e5e4b873814455e606b,2018-05-30,22c29808c4f815213303f8933030604c,direct_traffic,0,2018,5,2,0.7744172160629222,406,48,0.11770833333333333,694.0,135.0,0.192078081232493,POSITIVE,STRONG,0.5266076125509186,HIGH,Prioritize immediate sales follow-up,origin shows a positive conversion signal; landing page shows a strong historical signal,272
0b66b6f73bf8eb3226f29fe2bb6e01e3,2018-05-21,22c29808c4f815213303f8933030604c,organic_search,0,2018,5,0,0.7736262867525006,1869,222,0.11865735839068291,694.0,135.0,0.192078081232493,POSITIVE,STRONG,0.5263228599761355,HIGH,Prioritize immediate sales follow-up,origin shows a positive conversion signal; landing page shows a strong historical signal,273
dcba2fa3e89f266557014c55f42cb61e,2018-05-21,22c29808c4f815213303f8933030604c,organic_search,0,2018,5,0,0.7736262867525006,1869,222,0.11865735839068291,694.0,135.0,0.192078081232493,POSITIVE,STRONG,0.5263228599761355,HIGH,Prioritize immediate sales follow-up,origin shows a positive conversion signal; landing page shows a strong historical signal,274
0f73cec4e9f890d78002e10615c2d7f9,2018-05-21,22c29808c4f815213303f8933030604c,organic_search,0,2018,5,0,0.7736262867525006,1869,222,0.11865735839068291,694.0,135.0,0.192078081232493,POSITIVE,STRONG,0.5263228599761355,HIGH,Prioritize immediate sales follow-up,origin shows a positive conversion signal; landing page shows a strong historical signal,275
0b12990ae1d82e9573abb9a6df74ae00,2018-05-28,22c29808c4f815213303f8933030604c,organic_search,0,2018,5,0,0.7736262867525006,1869,222,0.11865735839068291,694.0,135.0,0.192078081232493,POSITIVE,STRONG,0.5263228599761355,HIGH,Prioritize immediate sales follow-up,origin shows a positive conversion signal; landing page shows a strong historical signal,276
469571404e9f875662e862b4adca3245,2018-05-14,22c29808c4f815213303f8933030604c,organic_search,0,2018,5,0,0.7736262867525006,1869,222,0.11865735839068291,694.0,135.0,0.192078081232493,POSITIVE,STRONG,0.5263228599761355,HIGH,Prioritize immediate sales follow-up,origin shows a positive conversion signal; landing page shows a strong historical signal,277
7cc363172b333199364a4e07bae60688,2018-05-07,22c29808c4f815213303f8933030604c,organic_search,0,2018,5,0,0.7736262867525006,1869,222,0.11865735839068291,694.0,135.0,0.192078081232493,POSITIVE,STRONG,0.5263228599761355,HIGH,Prioritize immediate sales follow-up,origin shows a positive conversion signal; landing page shows a strong historical signal,278
768a02c350549c32585575742d6c29da,2018-05-07,22c29808c4f815213303f8933030604c,organic_search,1,2018,5,0,0.7736262867525006,1869,222,0.11865735839068291,694.0,135.0,0.192078081232493,POSITIVE,STRONG,0.5263228599761355,HIGH,Prioritize immediate sales follow-up,origin shows a positive conversion signal; landing page shows a strong historical signal,279
a89c6a322a673042d64937409ad0d287,2018-05-21,22c29808c4f815213303f8933030604c,organic_search,0,2018,5,0,0.7736262867525006,1869,222,0.11865735839068291,694.0,135.0,0.192078081232493,POSITIVE,STRONG,0.5263228599761355,HIGH,Prioritize immediate sales follow-up,origin shows a positive conversion signal; landing page shows a strong historical signal,280
304678bd2a45713cc7bfcb1a9e19c8e4,2018-05-21,22c29808c4f815213303f8933030604c,organic_search,0,2018,5,0,0.7736262867525006,1869,222,0.11865735839068291,694.0,135.0,0.192078081232493,POSITIVE,STRONG,0.5263228599761355,HIGH,Prioritize immediate sales follow-up,origin shows a positive conversion signal; landing page shows a strong historical signal,281
95f499940a14e0624914b5a05dee63c5,2018-05-07,22c29808c4f815213303f8933030604c,organic_search,0,2018,5,0,0.7736262867525006,1869,222,0.11865735839068291,694.0,135.0,0.192078081232493,POSITIVE,STRONG,0.5263228599761355,HIGH,Prioritize immediate sales follow-up,origin shows a positive conversion signal; landing page shows a strong historical signal,282
723d8c61fce870c3474d080313a4a2fd,2018-05-28,22c29808c4f815213303f8933030604c,organic_search,0,2018,5,0,0.7736262867525006,1869,222,0.11865735839068291,694.0,135.0,0.192078081232493,POSITIVE,STRONG,0.5263228599761355,HIGH,Prioritize immediate sales follow-up,origin shows a positive conversion signal; landing page shows a strong historical signal,283
fd8b568e665b8506d640290c654c51c7,2018-05-07,22c29808c4f815213303f8933030604c,organic_search,0,2018,5,0,0.7736262867525006,1869,222,0.11865735839068291,694.0,135.0,0.192078081232493,POSITIVE,STRONG,0.5263228599761355,HIGH,Prioritize immediate sales follow-up,origin shows a positive conversion signal; landing page shows a strong historical signal,284
2a2e53b0e0820da8e791a8534038fe26,2018-05-14,22c29808c4f815213303f8933030604c,organic_search,0,2018,5,0,0.7736262867525006,1869,222,0.11865735839068291,694.0,135.0,0.192078081232493,POSITIVE,STRONG,0.5263228599761355,HIGH,Prioritize immediate sales follow-up,origin shows a positive conversion signal; landing page shows a strong historical signal,285
9af787c1e7409f0866ade669dba8f697,2018-05-14,22c29808c4f815213303f8933030604c,organic_search,1,2018,5,0,0.7736262867525006,1869,222,0.11865735839068291,694.0,135.0,0.192078081232493,POSITIVE,STRONG,0.5263228599761355,HIGH,Prioritize immediate sales follow-up,origin shows a positive conversion signal; landing page shows a strong historical signal,286
4b56f7c0493648c3c0870c4e3edabd3a,2018-04-26,b76ef37428e6799c421989521c0e5077,unknown,0,2018,4,3,0.7594028614485041,905,148,0.16231756756756757,735.0,140.0,0.1882698675496689,STRONG,STRONG,0.5257592038925497,HIGH,Prioritize immediate sales follow-up,origin historically converts above baseline; landing page shows a strong historical signal,287
f121343cabdf5ded8506d41c873519b0,2018-04-26,b76ef37428e6799c421989521c0e5077,unknown,0,2018,4,3,0.7594028614485041,905,148,0.16231756756756757,735.0,140.0,0.1882698675496689,STRONG,STRONG,0.5257592038925497,HIGH,Prioritize immediate sales follow-up,origin historically converts above baseline; landing page shows a strong historical signal,288
04c227d911d48c609eb763c34c5bef82,2018-04-26,b76ef37428e6799c421989521c0e5077,unknown,0,2018,4,3,0.7594028614485041,905,148,0.16231756756756757,735.0,140.0,0.1882698675496689,STRONG,STRONG,0.5257592038925497,HIGH,Prioritize immediate sales follow-up,origin historically converts above baseline; landing page shows a strong historical signal,289
27093d5113f87e06a397683429a64363,2018-04-26,b76ef37428e6799c421989521c0e5077,unknown,0,2018,4,3,0.7594028614485041,905,148,0.16231756756756757,735.0,140.0,0.1882698675496689,STRONG,STRONG,0.5257592038925497,HIGH,Prioritize immediate sales follow-up,origin historically converts above baseline; landing page shows a strong historical signal,290
d5d6f4f33df6216588dad86b825be352,2018-04-26,b76ef37428e6799c421989521c0e5077,unknown,0,2018,4,3,0.7594028614485041,905,148,0.16231756756756757,735.0,140.0,0.1882698675496689,STRONG,STRONG,0.5257592038925497,HIGH,Prioritize immediate sales follow-up,origin historically converts above baseline; landing page shows a strong historical signal,291
bd4bca1e5c7f6a0bf5d5bef566d34042,2018-04-26,b76ef37428e6799c421989521c0e5077,unknown,0,2018,4,3,0.7594028614485041,905,148,0.16231756756756757,735.0,140.0,0.1882698675496689,STRONG,STRONG,0.5257592038925497,HIGH,Prioritize immediate sales follow-up,origin historically converts above baseline; landing page shows a strong historical signal,292
6a822518af83e64c518574a5a70570f9,2018-05-22,40dec9f3d5259a3d2dbcdab2114fae47,paid_search,0,2018,5,1,0.7690506272128982,1263,158,0.1248197583787997,275.0,55.0,0.19370762711864406,POSITIVE,STRONG,0.5251358534272276,HIGH,Prioritize immediate sales follow-up,origin shows a positive conversion signal; landing page shows a strong historical signal,293
09c57ba013d3f30c2c796d7605abc7b8,2018-05-29,40dec9f3d5259a3d2dbcdab2114fae47,paid_search,0,2018,5,1,0.7690506272128982,1263,158,0.1248197583787997,275.0,55.0,0.19370762711864406,POSITIVE,STRONG,0.5251358534272276,HIGH,Prioritize immediate sales follow-up,origin shows a positive conversion signal; landing page shows a strong historical signal,294
5e130ee89ac5f986710d872ff5d3655a,2018-05-15,40dec9f3d5259a3d2dbcdab2114fae47,paid_search,0,2018,5,1,0.7690506272128982,1263,158,0.1248197583787997,275.0,55.0,0.19370762711864406,POSITIVE,STRONG,0.5251358534272276,HIGH,Prioritize immediate sales follow-up,origin shows a positive conversion signal; landing page shows a strong historical signal,295
7f12bc8cffb170e083ea5c5296272b97,2018-05-22,40dec9f3d5259a3d2dbcdab2114fae47,paid_search,1,2018,5,1,0.7690506272128982,1263,158,0.1248197583787997,275.0,55.0,0.19370762711864406,POSITIVE,STRONG,0.5251358534272276,HIGH,Prioritize immediate sales follow-up,origin shows a positive conversion signal; landing page shows a strong historical signal,296
2a5db3d6ce6a75fb53c80498ad253377,2018-05-22,40dec9f3d5259a3d2dbcdab2114fae47,paid_search,0,2018,5,1,0.7690506272128982,1263,158,0.1248197583787997,275.0,55.0,0.19370762711864406,POSITIVE,STRONG,0.5251358534272276,HIGH,Prioritize immediate sales follow-up,origin shows a positive conversion signal; landing page shows a strong historical signal,297
1d4a068f9d38b8e9b858ad69cdb2812f,2018-05-01,22c29808c4f815213303f8933030604c,direct_traffic,0,2018,5,1,0.7718457423542028,406,48,0.11770833333333333,694.0,135.0,0.192078081232493,POSITIVE,STRONG,0.525064728325687,HIGH,Prioritize immediate sales follow-up,origin shows a positive conversion signal; landing page shows a strong historical signal,298
9bde09f29256de88f4897345646c850c,2018-05-04,358adb2fee9a122549618e46925a00a5,paid_search,1,2018,5,4,0.7778003041426116,1263,158,0.1248197583787997,5.0,2.0,0.16575000000000004,POSITIVE,LIMITED,0.5247941341613268,HIGH,Prioritize for sales follow-up,origin shows a positive conversion signal,299
75aab46f2247643e6b53799b70f140c5,2018-04-25,b76ef37428e6799c421989521c0e5077,unknown,0,2018,4,2,0.7567140035421122,905,148,0.16231756756756757,735.0,140.0,0.1882698675496689,STRONG,STRONG,0.5241458891487146,HIGH,Prioritize immediate sales follow-up,origin historically converts above baseline; landing page shows a strong historical signal,300
4fb42be7b6205f2b98de9f5d5903c3b3,2018-04-25,b76ef37428e6799c421989521c0e5077,unknown,0,2018,4,2,0.7567140035421122,905,148,0.16231756756756757,735.0,140.0,0.1882698675496689,STRONG,STRONG,0.5241458891487146,HIGH,Prioritize immediate sales follow-up,origin historically converts above baseline; landing page shows a strong historical signal,301
6179c371b2b9c0705516308bf05fb5c3,2018-04-25,b76ef37428e6799c421989521c0e5077,unknown,0,2018,4,2,0.7567140035421122,905,148,0.16231756756756757,735.0,140.0,0.1882698675496689,STRONG,STRONG,0.5241458891487146,HIGH,Prioritize immediate sales follow-up,origin historically converts above baseline; landing page shows a strong historical signal,302
1852e1d1aba3354f8ceef1b48261bf5e,2018-04-25,b76ef37428e6799c421989521c0e5077,unknown,0,2018,4,2,0.7567140035421122,905,148,0.16231756756756757,735.0,140.0,0.1882698675496689,STRONG,STRONG,0.5241458891487146,HIGH,Prioritize immediate sales follow-up,origin historically converts above baseline; landing page shows a strong historical signal,303
5da9cf9625826af0d8fd2452c33ad396,2018-04-25,b76ef37428e6799c421989521c0e5077,unknown,0,2018,4,2,0.7567140035421122,905,148,0.16231756756756757,735.0,140.0,0.1882698675496689,STRONG,STRONG,0.5241458891487146,HIGH,Prioritize immediate sales follow-up,origin historically converts above baseline; landing page shows a strong historical signal,304
c31cd9eb0233c998e5d682c4d826d8c6,2018-04-25,b76ef37428e6799c421989521c0e5077,unknown,1,2018,4,2,0.7567140035421122,905,148,0.16231756756756757,735.0,140.0,0.1882698675496689,STRONG,STRONG,0.5241458891487146,HIGH,Prioritize immediate sales follow-up,origin historically converts above baseline; landing page shows a strong historical signal,305
1b08dce51a8c1681b8d7f4b86cc9717b,2018-05-20,7fa6214d82e911d070f51ef79381b956,paid_search,0,2018,5,6,0.783063498828312,1263,158,0.1248197583787997,50.0,8.0,0.1449107142857143,POSITIVE,STRONG,0.52378419382989,HIGH,Prioritize immediate sales follow-up,origin shows a positive conversion signal; landing page shows a strong historical signal,306
4087e9b879a660c898f68c467aea19f5,2018-05-28,40dec9f3d5259a3d2dbcdab2114fae47,paid_search,0,2018,5,0,0.7664364287845022,1263,158,0.1248197583787997,275.0,55.0,0.19370762711864406,POSITIVE,STRONG,0.5235673343701901,HIGH,Prioritize immediate sales follow-up,origin shows a positive conversion signal; landing page shows a strong historical signal,307
12b0e252b8ef43391ae0c4bb6753e102,2018-05-07,40dec9f3d5259a3d2dbcdab2114fae47,paid_search,0,2018,5,0,0.7664364287845022,1263,158,0.1248197583787997,275.0,55.0,0.19370762711864406,POSITIVE,STRONG,0.5235673343701901,HIGH,Prioritize immediate sales follow-up,origin shows a positive conversion signal; landing page shows a strong historical signal,308
984381c0f2f6388d272227375ac5c373,2018-05-21,40dec9f3d5259a3d2dbcdab2114fae47,paid_search,0,2018,5,0,0.7664364287845022,1263,158,0.1248197583787997,275.0,55.0,0.19370762711864406,POSITIVE,STRONG,0.5235673343701901,HIGH,Prioritize immediate sales follow-up,origin shows a positive conversion signal; landing page shows a strong historical signal,309
90f489687126854b708f866befcec1ea,2018-05-07,40dec9f3d5259a3d2dbcdab2114fae47,paid_search,0,2018,5,0,0.7664364287845022,1263,158,0.1248197583787997,275.0,55.0,0.19370762711864406,POSITIVE,STRONG,0.5235673343701901,HIGH,Prioritize immediate sales follow-up,origin shows a positive conversion signal; landing page shows a strong historical signal,310
b4904a2fbacfba60cbceca4a7bf0f794,2018-05-21,40dec9f3d5259a3d2dbcdab2114fae47,paid_search,0,2018,5,0,0.7664364287845022,1263,158,0.1248197583787997,275.0,55.0,0.19370762711864406,POSITIVE,STRONG,0.5235673343701901,HIGH,Prioritize immediate sales follow-up,origin shows a positive conversion signal; landing page shows a strong historical signal,311
8e8336b19eec4f492acff4a97a5a4bf4,2018-05-28,40dec9f3d5259a3d2dbcdab2114fae47,paid_search,1,2018,5,0,0.7664364287845022,1263,158,0.1248197583787997,275.0,55.0,0.19370762711864406,POSITIVE,STRONG,0.5235673343701901,HIGH,Prioritize immediate sales follow-up,origin shows a positive conversion signal; landing page shows a strong historical signal,312
b1889589a5ee94e527c59f8578b30218,2018-05-28,40dec9f3d5259a3d2dbcdab2114fae47,paid_search,0,2018,5,0,0.7664364287845022,1263,158,0.1248197583787997,275.0,55.0,0.19370762711864406,POSITIVE,STRONG,0.5235673343701901,HIGH,Prioritize immediate sales follow-up,origin shows a positive conversion signal; landing page shows a strong historical signal,313
4ae5a92484155bfad3c7629a192244fe,2018-05-21,40dec9f3d5259a3d2dbcdab2114fae47,paid_search,0,2018,5,0,0.7664364287845022,1263,158,0.1248197583787997,275.0,55.0,0.19370762711864406,POSITIVE,STRONG,0.5235673343701901,HIGH,Prioritize immediate sales follow-up,origin shows a positive conversion signal; landing page shows a strong historical signal,314
c56202b66d431a16fbc0260c3d2bd1f6,2018-05-28,40dec9f3d5259a3d2dbcdab2114fae47,paid_search,1,2018,5,0,0.7664364287845022,1263,158,0.1248197583787997,275.0,55.0,0.19370762711864406,POSITIVE,STRONG,0.5235673343701901,HIGH,Prioritize immediate sales follow-up,origin shows a positive conversion signal; landing page shows a strong historical signal,315
bd8f83ce9caf9fbbf4d66f336fe0e08b,2018-05-14,40dec9f3d5259a3d2dbcdab2114fae47,paid_search,0,2018,5,0,0.7664364287845022,1263,158,0.1248197583787997,275.0,55.0,0.19370762711864406,POSITIVE,STRONG,0.5235673343701901,HIGH,Prioritize immediate sales follow-up,origin shows a positive conversion signal; landing page shows a strong historical signal,316
c89b5884687b685381f10c700062f70d,2018-05-28,22c29808c4f815213303f8933030604c,direct_traffic,0,2018,5,0,0.769253689879986,406,48,0.11770833333333333,694.0,135.0,0.192078081232493,POSITIVE,STRONG,0.5235094968411569,HIGH,Prioritize immediate sales follow-up,origin shows a positive conversion signal; landing page shows a strong historical signal,317
6ab3f66803d144173bc92ded778b844b,2018-05-14,22c29808c4f815213303f8933030604c,direct_traffic,0,2018,5,0,0.769253689879986,406,48,0.11770833333333333,694.0,135.0,0.192078081232493,POSITIVE,STRONG,0.5235094968411569,HIGH,Prioritize immediate sales follow-up,origin shows a positive conversion signal; landing page shows a strong historical signal,318
fbd60b136e90edeee0ed662a53a7a41c,2018-05-21,22c29808c4f815213303f8933030604c,direct_traffic,0,2018,5,0,0.769253689879986,406,48,0.11770833333333333,694.0,135.0,0.192078081232493,POSITIVE,STRONG,0.5235094968411569,HIGH,Prioritize immediate sales follow-up,origin shows a positive conversion signal; landing page shows a strong historical signal,319
9af7ea3259a69623a41b6e8bf98a52b4,2018-05-21,22c29808c4f815213303f8933030604c,direct_traffic,1,2018,5,0,0.769253689879986,406,48,0.11770833333333333,694.0,135.0,0.192078081232493,POSITIVE,STRONG,0.5235094968411569,HIGH,Prioritize immediate sales follow-up,origin shows a positive conversion signal; landing page shows a strong historical signal,320
309eabc665c773760a1c0e4e318df2ad,2018-04-29,22c29808c4f815213303f8933030604c,organic_search,0,2018,4,6,0.7669421430171285,1869,222,0.11865735839068291,694.0,135.0,0.192078081232493,POSITIVE,STRONG,0.5223123737349122,HIGH,Prioritize immediate sales follow-up,origin shows a positive conversion signal; landing page shows a strong historical signal,321
c5e28052b141b6bf37afd3b8356ffa32,2018-05-12,7fa6214d82e911d070f51ef79381b956,paid_search,0,2018,5,5,0.7805626581445239,1263,158,0.1248197583787997,50.0,8.0,0.1449107142857143,POSITIVE,STRONG,0.5222836894196171,HIGH,Prioritize immediate sales follow-up,origin shows a positive conversion signal; landing page shows a strong historical signal,322
7012bb2fc19d52536cc90552cdbc080e,2018-05-04,37cf94070e940a694969304de58debe1,organic_search,0,2018,5,4,0.777980631601952,1869,222,0.11865735839068291,7.0,2.0,0.15347222222222226,POSITIVE,LIMITED,0.5212142950837522,HIGH,Prioritize for sales follow-up,origin shows a positive conversion signal,323
72abde3bc8e85397733b3f40f0bb3649,2018-04-30,b76ef37428e6799c421989521c0e5077,unknown,0,2018,4,0,0.7512754034527676,905,148,0.16231756756756757,735.0,140.0,0.1882698675496689,STRONG,STRONG,0.5208827290951078,HIGH,Prioritize immediate sales follow-up,origin historically converts above baseline; landing page shows a strong historical signal,324
d5e9df2856562cedb1c8b1b9f0343a47,2018-04-30,b76ef37428e6799c421989521c0e5077,unknown,0,2018,4,0,0.7512754034527676,905,148,0.16231756756756757,735.0,140.0,0.1882698675496689,STRONG,STRONG,0.5208827290951078,HIGH,Prioritize immediate sales follow-up,origin historically converts above baseline; landing page shows a strong historical signal,325
3e2a61204a8c24cfcc6cb74bbac08068,2018-04-30,b76ef37428e6799c421989521c0e5077,unknown,0,2018,4,0,0.7512754034527676,905,148,0.16231756756756757,735.0,140.0,0.1882698675496689,STRONG,STRONG,0.5208827290951078,HIGH,Prioritize immediate sales follow-up,origin historically converts above baseline; landing page shows a strong historical signal,326
f4bb62e0c04206fbb517a106e1357dd2,2018-04-30,b76ef37428e6799c421989521c0e5077,unknown,0,2018,4,0,0.7512754034527676,905,148,0.16231756756756757,735.0,140.0,0.1882698675496689,STRONG,STRONG,0.5208827290951078,HIGH,Prioritize immediate sales follow-up,origin historically converts above baseline; landing page shows a strong historical signal,327
9dde4d7713ae64986ab6f5c9f9cf94d3,2018-04-28,22c29808c4f815213303f8933030604c,organic_search,1,2018,4,5,0.7643113922537087,1869,222,0.11865735839068291,694.0,135.0,0.192078081232493,POSITIVE,STRONG,0.5207339232768604,HIGH,Prioritize immediate sales follow-up,origin shows a positive conversion signal; landing page shows a strong historical signal,328
08f4d6c8bd47ff6e797433afbe91ae3b,2018-05-03,ce1a65abd0973638f1c887a6efcfa82d,unknown,0,2018,5,3,0.7623037250464433,905,148,0.16231756756756757,320.0,49.0,0.15042279411764706,STRONG,STRONG,0.5199303073649089,HIGH,Prioritize immediate sales follow-up,origin historically converts above baseline; landing page shows a strong historical signal,329
00b7912ef80c0e4f2b56d5e11118fbf1,2018-04-27,22c29808c4f815213303f8933030604c,organic_search,0,2018,4,4,0.7616601741164828,1869,222,0.11865735839068291,694.0,135.0,0.192078081232493,POSITIVE,STRONG,0.5191431923945249,HIGH,Prioritize immediate sales follow-up,origin shows a positive conversion signal; landing page shows a strong historical signal,330
a36b055555e9211a3c90782b76e493d1,2018-04-27,22c29808c4f815213303f8933030604c,organic_search,0,2018,4,4,0.7616601741164828,1869,222,0.11865735839068291,694.0,135.0,0.192078081232493,POSITIVE,STRONG,0.5191431923945249,HIGH,Prioritize immediate sales follow-up,origin shows a positive conversion signal; landing page shows a strong historical signal,331
856a7819fdb79bbe8ae25fc835c35aba,2018-05-14,358adb2fee9a122549618e46925a00a5,paid_search,0,2018,5,0,0.7675003178411676,1263,158,0.1248197583787997,5.0,2.0,0.16575000000000004,POSITIVE,LIMITED,0.5186141423804604,HIGH,Prioritize for sales follow-up,origin shows a positive conversion signal,332
8c1c08e691380b533c7312fbe3fbee6e,2018-05-18,b76ef37428e6799c421989521c0e5077,paid_search,0,2018,5,4,0.7596853123749688,1263,158,0.1248197583787997,735.0,140.0,0.1882698675496689,POSITIVE,STRONG,0.518429112610675,HIGH,Prioritize immediate sales follow-up,origin shows a positive conversion signal; landing page shows a strong historical signal,333
280d8c73b56b79f1059539da36c7ae4a,2018-05-11,b76ef37428e6799c421989521c0e5077,,0,2018,5,4,0.7409715719776093,42,9,0.17973790322580646,735.0,140.0,0.1882698675496689,STRONG,STRONG,0.5181844973416607,HIGH,Prioritize immediate sales follow-up,origin historically converts above baseline; landing page shows a strong historical signal,334
712c8121a80ee679a08243f86dbd64ae,2018-04-28,40dec9f3d5259a3d2dbcdab2114fae47,paid_search,0,2018,4,5,0.7569186430872974,1263,158,0.1248197583787997,275.0,55.0,0.19370762711864406,POSITIVE,STRONG,0.5178566629518672,HIGH,Prioritize immediate sales follow-up,origin shows a positive conversion signal; landing page shows a strong historical signal,335
a8aa308791fc464208fb025038454c24,2018-05-11,40dec9f3d5259a3d2dbcdab2114fae47,organic_search,1,2018,5,4,0.7589643858562041,1869,222,0.11865735839068291,275.0,55.0,0.19370762711864406,POSITIVE,STRONG,0.5178516286155879,HIGH,Prioritize immediate sales follow-up,origin shows a positive conversion signal; landing page shows a strong historical signal,336
4dce7b5d590277e9993b439f902c3291,2018-05-09,7fa6214d82e911d070f51ef79381b956,paid_search,0,2018,5,2,0.7729362626740841,1263,158,0.1248197583787997,50.0,8.0,0.1449107142857143,POSITIVE,STRONG,0.5177078521373533,HIGH,Prioritize immediate sales follow-up,origin shows a positive conversion signal; landing page shows a strong historical signal,337
49bed02a95fa5d7b01855f6661ed80f3,2018-05-16,7fa6214d82e911d070f51ef79381b956,paid_search,0,2018,5,2,0.7729362626740841,1263,158,0.1248197583787997,50.0,8.0,0.1449107142857143,POSITIVE,STRONG,0.5177078521373533,HIGH,Prioritize immediate sales follow-up,origin shows a positive conversion signal; landing page shows a strong historical signal,338
b236c744e94e72c48bb073c1e1fe4417,2018-04-26,22c29808c4f815213303f8933030604c,organic_search,0,2018,4,3,0.7589885370635409,1869,222,0.11865735839068291,694.0,135.0,0.192078081232493,POSITIVE,STRONG,0.5175402101627598,HIGH,Prioritize immediate sales follow-up,origin shows a positive conversion signal; landing page shows a strong historical signal,339
101ca20b57acb67a738bed02667279d8,2018-04-26,22c29808c4f815213303f8933030604c,organic_search,0,2018,4,3,0.7589885370635409,1869,222,0.11865735839068291,694.0,135.0,0.192078081232493,POSITIVE,STRONG,0.5175402101627598,HIGH,Prioritize immediate sales follow-up,origin shows a positive conversion signal; landing page shows a strong historical signal,340
b52ee193d666163924bf97773879e947,2018-05-03,b76ef37428e6799c421989521c0e5077,paid_search,0,2018,5,3,0.7569986009920022,1263,158,0.1248197583787997,735.0,140.0,0.1882698675496689,POSITIVE,STRONG,0.516817085780895,HIGH,Prioritize immediate sales follow-up,origin shows a positive conversion signal; landing page shows a strong historical signal,341
d15d4180749f681ded0d53f1908ca3dd,2018-05-17,b76ef37428e6799c421989521c0e5077,paid_search,0,2018,5,3,0.7569986009920022,1263,158,0.1248197583787997,735.0,140.0,0.1882698675496689,POSITIVE,STRONG,0.516817085780895,HIGH,Prioritize immediate sales follow-up,origin shows a positive conversion signal; landing page shows a strong historical signal,342
648065d6b81ecfa8cc16a36a1aadb0a1,2018-04-27,22c29808c4f815213303f8933030604c,direct_traffic,0,2018,4,4,0.7571290040967782,406,48,0.11770833333333333,694.0,135.0,0.192078081232493,POSITIVE,STRONG,0.5162346853712322,HIGH,Prioritize immediate sales follow-up,origin shows a positive conversion signal; landing page shows a strong historical signal,343
84e06f3c71f657723173b3ddfe08fd8c,2018-04-25,a0fbc0263cb98bdb0d72b9f9f283a172,unknown,0,2018,4,2,0.7622277909117331,905,148,0.16231756756756757,27.0,4.0,0.130718085106383,STRONG,POSITIVE,0.5159438050818299,HIGH,Prioritize immediate sales follow-up,origin historically converts above baseline; landing page shows a positive historical signal,344
f220cfabf79009211ae4493c75c742a9,2018-04-25,22c29808c4f815213303f8933030604c,organic_search,1,2018,4,2,0.7562965347246048,1869,222,0.11865735839068291,694.0,135.0,0.192078081232493,POSITIVE,STRONG,0.5159250087593981,HIGH,Prioritize immediate sales follow-up,origin shows a positive conversion signal; landing page shows a strong historical signal,345
59453fa0bebefbd119f74f689486c243,2018-04-25,22c29808c4f815213303f8933030604c,organic_search,0,2018,4,2,0.7562965347246048,1869,222,0.11865735839068291,694.0,135.0,0.192078081232493,POSITIVE,STRONG,0.5159250087593981,HIGH,Prioritize immediate sales follow-up,origin shows a positive conversion signal; landing page shows a strong historical signal,346
ea180f1ea30b6bc86621e2b4d41d7605,2018-05-09,b76ef37428e6799c421989521c0e5077,paid_search,0,2018,5,2,0.7542915673693456,1263,158,0.1248197583787997,735.0,140.0,0.1882698675496689,POSITIVE,STRONG,0.515192865607301,HIGH,Prioritize immediate sales follow-up,origin shows a positive conversion signal; landing page shows a strong historical signal,347
f7d7a8410cdb8c339a83a959bd0bf96e,2018-05-07,37cf94070e940a694969304de58debe1,organic_search,0,2018,5,0,0.7676865076431348,1869,222,0.11865735839068291,7.0,2.0,0.15347222222222226,POSITIVE,LIMITED,0.5150378207084619,HIGH,Prioritize for sales follow-up,origin shows a positive conversion signal,348
b668bbfcf4f79f076b2210cb21e87734,2018-04-26,22c29808c4f815213303f8933030604c,direct_traffic,1,2018,4,3,0.7544229518983099,406,48,0.11770833333333333,694.0,135.0,0.192078081232493,POSITIVE,STRONG,0.5146110540521512,HIGH,Prioritize immediate sales follow-up,origin shows a positive conversion signal; landing page shows a strong historical signal,349
8ba72c13888964788024b12e39aef6de,2018-05-16,40dec9f3d5259a3d2dbcdab2114fae47,organic_search,1,2018,5,2,0.7535597090396355,1869,222,0.11865735839068291,275.0,55.0,0.19370762711864406,POSITIVE,STRONG,0.5146088225256467,HIGH,Prioritize immediate sales follow-up,origin shows a positive conversion signal; landing page shows a strong historical signal,350
6c489ad0aa78ee6e196e8406aea36aae,2018-05-02,40dec9f3d5259a3d2dbcdab2114fae47,organic_search,0,2018,5,2,0.7535597090396355,1869,222,0.11865735839068291,275.0,55.0,0.19370762711864406,POSITIVE,STRONG,0.5146088225256467,HIGH,Prioritize immediate sales follow-up,origin shows a positive conversion signal; landing page shows a strong historical signal,351
3f6ebf8aef0f352720bc0cb534d878b6,2018-04-26,40dec9f3d5259a3d2dbcdab2114fae47,paid_search,0,2018,4,3,0.7514831152723613,1263,158,0.1248197583787997,275.0,55.0,0.19370762711864406,POSITIVE,STRONG,0.5145953462629055,HIGH,Prioritize immediate sales follow-up,origin shows a positive conversion signal; landing page shows a strong historical signal,352
e73083572cc595460842f5090da94662,2018-04-26,40dec9f3d5259a3d2dbcdab2114fae47,paid_search,1,2018,4,3,0.7514831152723613,1263,158,0.1248197583787997,275.0,55.0,0.19370762711864406,POSITIVE,STRONG,0.5145953462629055,HIGH,Prioritize immediate sales follow-up,origin shows a positive conversion signal; landing page shows a strong historical signal,353
6220d78a81df90871ed5d07ad6023bf7,2018-04-26,40dec9f3d5259a3d2dbcdab2114fae47,paid_search,0,2018,4,3,0.7514831152723613,1263,158,0.1248197583787997,275.0,55.0,0.19370762711864406,POSITIVE,STRONG,0.5145953462629055,HIGH,Prioritize immediate sales follow-up,origin shows a positive conversion signal; landing page shows a strong historical signal,354
66ff0b5dbb060ef47f756d33cf170f97,2018-04-30,b3346ddd5d7b2edda306d8f531e58660,,1,2018,4,0,0.7498634053844082,42,9,0.17973790322580646,2.0,1.0,0.1428977272727273,STRONG,LIMITED,0.5144451693303517,HIGH,Prioritize immediate sales follow-up,origin historically converts above baseline,355
2b5a0385f3efe2e2a7e088fc0311a33d,2018-04-24,22c29808c4f815213303f8933030604c,organic_search,0,2018,4,1,0.753584225960499,1869,222,0.11865735839068291,694.0,135.0,0.192078081232493,POSITIVE,STRONG,0.5142976235009346,HIGH,Prioritize immediate sales follow-up,origin shows a positive conversion signal; landing page shows a strong historical signal,356
ba7fb7aa93b1203a1f5e19b0857870e3,2018-05-29,b76ef37428e6799c421989521c0e5077,paid_search,1,2018,5,1,0.7515642742756102,1263,158,0.1248197583787997,735.0,140.0,0.1882698675496689,POSITIVE,STRONG,0.5135564897510598,HIGH,Prioritize immediate sales follow-up,origin shows a positive conversion signal; landing page shows a strong historical signal,357
61fca29656b3299a2fa308f26075704d,2018-05-29,b76ef37428e6799c421989521c0e5077,paid_search,0,2018,5,1,0.7515642742756102,1263,158,0.1248197583787997,735.0,140.0,0.1882698675496689,POSITIVE,STRONG,0.5135564897510598,HIGH,Prioritize immediate sales follow-up,origin shows a positive conversion signal; landing page shows a strong historical signal,358
6df0ee5c598338f088fcc8059ddb2e32,2018-05-08,b76ef37428e6799c421989521c0e5077,paid_search,0,2018,5,1,0.7515642742756102,1263,158,0.1248197583787997,735.0,140.0,0.1882698675496689,POSITIVE,STRONG,0.5135564897510598,HIGH,Prioritize immediate sales follow-up,origin shows a positive conversion signal; landing page shows a strong historical signal,359
294e6cdc2c9154dfc741880c4374b66a,2018-05-08,b76ef37428e6799c421989521c0e5077,paid_search,0,2018,5,1,0.7515642742756102,1263,158,0.1248197583787997,735.0,140.0,0.1882698675496689,POSITIVE,STRONG,0.5135564897510598,HIGH,Prioritize immediate sales follow-up,origin shows a positive conversion signal; landing page shows a strong historical signal,360
b76bb256fc4184f4c961819bd60d469a,2018-05-22,b76ef37428e6799c421989521c0e5077,paid_search,0,2018,5,1,0.7515642742756102,1263,158,0.1248197583787997,735.0,140.0,0.1882698675496689,POSITIVE,STRONG,0.5135564897510598,HIGH,Prioritize immediate sales follow-up,origin shows a positive conversion signal; landing page shows a strong historical signal,361
de40ab56f135491a151137dacdbf5bd5,2018-04-30,22c29808c4f815213303f8933030604c,organic_search,0,2018,4,0,0.7508516749206707,1869,222,0.11865735839068291,694.0,135.0,0.192078081232493,POSITIVE,STRONG,0.5126580928770377,HIGH,Prioritize immediate sales follow-up,origin shows a positive conversion signal; landing page shows a strong historical signal,362
22c2de9dd51537147e2042c8372d62c5,2018-04-30,22c29808c4f815213303f8933030604c,organic_search,0,2018,4,0,0.7508516749206707,1869,222,0.11865735839068291,694.0,135.0,0.192078081232493,POSITIVE,STRONG,0.5126580928770377,HIGH,Prioritize immediate sales follow-up,origin shows a positive conversion signal; landing page shows a strong historical signal,363
fd582eb497bfc1fdf07f3e7d0e259b70,2018-04-30,22c29808c4f815213303f8933030604c,organic_search,1,2018,4,0,0.7508516749206707,1869,222,0.11865735839068291,694.0,135.0,0.192078081232493,POSITIVE,STRONG,0.5126580928770377,HIGH,Prioritize immediate sales follow-up,origin shows a positive conversion signal; landing page shows a strong historical signal,364
48388b43175c3c7bc2c83a6225387a1a,2018-05-28,b76ef37428e6799c421989521c0e5077,paid_search,0,2018,5,0,0.7488167898092856,1263,158,0.1248197583787997,735.0,140.0,0.1882698675496689,POSITIVE,STRONG,0.511907999071265,HIGH,Prioritize immediate sales follow-up,origin shows a positive conversion signal; landing page shows a strong historical signal,365
888bce56d84202318a86efb8cd1c038d,2018-05-14,b76ef37428e6799c421989521c0e5077,paid_search,0,2018,5,0,0.7488167898092856,1263,158,0.1248197583787997,735.0,140.0,0.1882698675496689,POSITIVE,STRONG,0.511907999071265,HIGH,Prioritize immediate sales follow-up,origin shows a positive conversion signal; landing page shows a strong historical signal,366
17b3df6678b9e61d8c61dc98cf282915,2018-05-14,b76ef37428e6799c421989521c0e5077,paid_search,0,2018,5,0,0.7488167898092856,1263,158,0.1248197583787997,735.0,140.0,0.1882698675496689,POSITIVE,STRONG,0.511907999071265,HIGH,Prioritize immediate sales follow-up,origin shows a positive conversion signal; landing page shows a strong historical signal,367
457c7caf38b56ec93afbf6ad22877478,2018-05-12,a0fbc0263cb98bdb0d72b9f9f283a172,paid_search,0,2018,5,5,0.7677768716301344,1263,158,0.1248197583787997,27.0,4.0,0.130718085106383,POSITIVE,POSITIVE,0.5117736916751172,HIGH,Prioritize for sales follow-up,origin shows a positive conversion signal; landing page shows a positive historical signal,368
a458815a2e9f6c8099390b770a7be4e2,2018-05-14,40dec9f3d5259a3d2dbcdab2114fae47,organic_search,0,2018,5,0,0.7480740708722771,1869,222,0.11865735839068291,275.0,55.0,0.19370762711864406,POSITIVE,STRONG,0.5113174396252317,HIGH,Prioritize immediate sales follow-up,origin shows a positive conversion signal; landing page shows a strong historical signal,369
5567092517e0ed42d94cf318195e0737,2018-05-14,40dec9f3d5259a3d2dbcdab2114fae47,organic_search,0,2018,5,0,0.7480740708722771,1869,222,0.11865735839068291,275.0,55.0,0.19370762711864406,POSITIVE,STRONG,0.5113174396252317,HIGH,Prioritize immediate sales follow-up,origin shows a positive conversion signal; landing page shows a strong historical signal,370
755f12c05f69fc1dbd113cf9599fbfd4,2018-05-28,40dec9f3d5259a3d2dbcdab2114fae47,organic_search,0,2018,5,0,0.7480740708722771,1869,222,0.11865735839068291,275.0,55.0,0.19370762711864406,POSITIVE,STRONG,0.5113174396252317,HIGH,Prioritize immediate sales follow-up,origin shows a positive conversion signal; landing page shows a strong historical signal,371
b14ab177881b4c06b81317c5f2034ede,2018-04-24,40dec9f3d5259a3d2dbcdab2114fae47,paid_search,1,2018,4,1,0.7459668357551675,1263,158,0.1248197583787997,275.0,55.0,0.19370762711864406,POSITIVE,STRONG,0.5112855785525893,HIGH,Prioritize immediate sales follow-up,origin shows a positive conversion signal; landing page shows a strong historical signal,372
6ea0c26d77ee6e6734da4a89e846b668,2018-05-08,d83b0d0e48c8447d1d5507a44027a955,unknown,0,2018,5,1,0.7471352807833265,905,148,0.16231756756756757,28.0,5.0,0.148828125,STRONG,STRONG,0.5105103069835094,HIGH,Prioritize immediate sales follow-up,origin historically converts above baseline; landing page shows a strong historical signal,373
d5f61adf90fbec61cd8c251392bad27d,2018-05-19,7fa6214d82e911d070f51ef79381b956,organic_search,0,2018,5,5,0.7629674153586665,1869,222,0.11865735839068291,50.0,8.0,0.1449107142857143,POSITIVE,STRONG,0.5104940637504793,HIGH,Prioritize immediate sales follow-up,origin shows a positive conversion signal; landing page shows a strong historical signal,374
279aa7d7fd021560f07070295c4cb888,2018-05-05,7fa6214d82e911d070f51ef79381b956,organic_search,0,2018,5,5,0.7629674153586665,1869,222,0.11865735839068291,50.0,8.0,0.1449107142857143,POSITIVE,STRONG,0.5104940637504793,HIGH,Prioritize immediate sales follow-up,origin shows a positive conversion signal; landing page shows a strong historical signal,375
dab535b8d9d6a461c471b20b44253c60,2018-05-04,a0fbc0263cb98bdb0d72b9f9f283a172,paid_search,0,2018,5,4,0.7651526580049675,1263,158,0.1248197583787997,27.0,4.0,0.130718085106383,POSITIVE,POSITIVE,0.5101991635000169,HIGH,Prioritize for sales follow-up,origin shows a positive conversion signal; landing page shows a positive historical signal,376
d374d0c18780e492c3d2e63f91752d0d,2018-05-25,358adb2fee9a122549618e46925a00a5,direct_traffic,0,2018,5,4,0.7554997211666492,406,48,0.11770833333333333,5.0,2.0,0.16575000000000004,POSITIVE,LIMITED,0.5099914993666562,HIGH,Prioritize for sales follow-up,origin shows a positive conversion signal,377
8f86e15bc763aa2b566e5b74829200a2,2018-04-26,358adb2fee9a122549618e46925a00a5,paid_search,0,2018,4,3,0.752593130204981,1263,158,0.1248197583787997,5.0,2.0,0.16575000000000004,POSITIVE,LIMITED,0.5096698297987485,HIGH,Prioritize for sales follow-up,origin shows a positive conversion signal,378
702c7c3c2936d1b5a651c1cd184b2e7f,2018-05-27,b76ef37428e6799c421989521c0e5077,organic_search,0,2018,5,6,0.7465594698237844,1869,222,0.11865735839068291,735.0,140.0,0.1882698675496689,POSITIVE,STRONG,0.509321127082341,HIGH,Prioritize immediate sales follow-up,origin shows a positive conversion signal; landing page shows a strong historical signal,379
f0d09ad8cf586c7097caf3a153961a65,2018-05-25,7fa6214d82e911d070f51ef79381b956,organic_search,0,2018,5,4,0.7603058202439085,1869,222,0.11865735839068291,50.0,8.0,0.1449107142857143,POSITIVE,STRONG,0.5088971066816246,HIGH,Prioritize immediate sales follow-up,origin shows a positive conversion signal; landing page shows a strong historical signal,380
1dbafa1bd602541ba5249cf8cc388acf,2018-05-25,7fa6214d82e911d070f51ef79381b956,organic_search,1,2018,5,4,0.7603058202439085,1869,222,0.11865735839068291,50.0,8.0,0.1449107142857143,POSITIVE,STRONG,0.5088971066816246,HIGH,Prioritize immediate sales follow-up,origin shows a positive conversion signal; landing page shows a strong historical signal,381
564d821b70f17d228316b4584180987c,2018-05-17,a0fbc0263cb98bdb0d72b9f9f283a172,paid_search,0,2018,5,3,0.7625079626287916,1263,158,0.1248197583787997,27.0,4.0,0.130718085106383,POSITIVE,POSITIVE,0.5086123462743115,HIGH,Prioritize for sales follow-up,origin shows a positive conversion signal; landing page shows a positive historical signal,382
abba6fc3cee14b26ebcfe34fc793b7d4,2018-05-15,358adb2fee9a122549618e46925a00a5,organic_search,0,2018,5,1,0.7519389542332692,1869,222,0.11865735839068291,5.0,2.0,0.16575000000000004,POSITIVE,LIMITED,0.508044844218098,HIGH,Prioritize for sales follow-up,origin shows a positive conversion signal,383
a8c3d1773ca7ab2af8cb44b118ae8df4,2018-05-29,358adb2fee9a122549618e46925a00a5,organic_search,0,2018,5,1,0.7519389542332692,1869,222,0.11865735839068291,5.0,2.0,0.16575000000000004,POSITIVE,LIMITED,0.508044844218098,HIGH,Prioritize for sales follow-up,origin shows a positive conversion signal,384
e1155a41a8edb09560cf8234093ff635,2018-05-08,358adb2fee9a122549618e46925a00a5,organic_search,0,2018,5,1,0.7519389542332692,1869,222,0.11865735839068291,5.0,2.0,0.16575000000000004,POSITIVE,LIMITED,0.508044844218098,HIGH,Prioritize for sales follow-up,origin shows a positive conversion signal,385
f6717917669866b9e4f6adcd511fa8f8,2018-05-08,358adb2fee9a122549618e46925a00a5,organic_search,0,2018,5,1,0.7519389542332692,1869,222,0.11865735839068291,5.0,2.0,0.16575000000000004,POSITIVE,LIMITED,0.508044844218098,HIGH,Prioritize for sales follow-up,origin shows a positive conversion signal,386
0db2e6f97f1d5c564366bea52764d5c6,2018-05-08,358adb2fee9a122549618e46925a00a5,organic_search,0,2018,5,1,0.7519389542332692,1869,222,0.11865735839068291,5.0,2.0,0.16575000000000004,POSITIVE,LIMITED,0.508044844218098,HIGH,Prioritize for sales follow-up,origin shows a positive conversion signal,387
403965e22c311cf3c37ebc98554b1ece,2018-05-02,a0fbc0263cb98bdb0d72b9f9f283a172,paid_search,0,2018,5,2,0.7598428323230905,1263,158,0.1248197583787997,27.0,4.0,0.130718085106383,POSITIVE,POSITIVE,0.5070132680908908,HIGH,Prioritize for sales follow-up,origin shows a positive conversion signal; landing page shows a positive historical signal,388
3c48606cfd8cbb659833c45ce87e49a6,2018-04-29,40dec9f3d5259a3d2dbcdab2114fae47,organic_search,0,2018,4,6,0.7408881455773433,1869,222,0.11865735839068291,275.0,55.0,0.19370762711864406,POSITIVE,STRONG,0.5070058844482713,HIGH,Prioritize immediate sales follow-up,origin shows a positive conversion signal; landing page shows a strong historical signal,389
8723201570415eb23b4f095d8c20a27c,2018-05-18,b76ef37428e6799c421989521c0e5077,organic_search,1,2018,5,4,0.7409715719776093,1869,222,0.11865735839068291,735.0,140.0,0.1882698675496689,POSITIVE,STRONG,0.505968388374636,HIGH,Prioritize immediate sales follow-up,origin shows a positive conversion signal; landing page shows a strong historical signal,390
1160b456c2b0d88893e20daf51f80f39,2018-05-04,b76ef37428e6799c421989521c0e5077,organic_search,1,2018,5,4,0.7409715719776093,1869,222,0.11865735839068291,735.0,140.0,0.1882698675496689,POSITIVE,STRONG,0.505968388374636,HIGH,Prioritize immediate sales follow-up,origin shows a positive conversion signal; landing page shows a strong historical signal,391
36a1c366bf2be376685c6ae023e666fd,2018-05-04,b76ef37428e6799c421989521c0e5077,organic_search,0,2018,5,4,0.7409715719776093,1869,222,0.11865735839068291,735.0,140.0,0.1882698675496689,POSITIVE,STRONG,0.505968388374636,HIGH,Prioritize immediate sales follow-up,origin shows a positive conversion signal; landing page shows a strong historical signal,392
5415a1b662e89ddebdfac1c5e9b98701,2018-05-29,a0fbc0263cb98bdb0d72b9f9f283a172,paid_search,0,2018,5,1,0.7571573190616183,1263,158,0.1248197583787997,27.0,4.0,0.130718085106383,POSITIVE,POSITIVE,0.5054019601340075,HIGH,Prioritize for sales follow-up,origin shows a positive conversion signal; landing page shows a positive historical signal,393
a128c87f5f533b784a2c3f5064b3cdea,2018-04-28,40dec9f3d5259a3d2dbcdab2114fae47,organic_search,0,2018,4,5,0.7380637418453239,1869,222,0.11865735839068291,275.0,55.0,0.19370762711864406,POSITIVE,STRONG,0.5053112422090598,HIGH,Prioritize immediate sales follow-up,origin shows a positive conversion signal; landing page shows a strong historical signal,394
8f70501a1a3952f03cde5658fc336fb5,2018-05-30,a7982125ff7aa3b2054c6e44f9d28522,unknown,0,2018,5,2,0.7478234644131451,905,148,0.16231756756756757,124.0,15.0,0.11905381944444444,STRONG,POSITIVE,0.5049683560502894,HIGH,Prioritize immediate sales follow-up,origin historically converts above baseline; landing page shows a positive historical signal,395
40d91fc632f712a7132d439f390087b3,2018-05-10,7fa6214d82e911d070f51ef79381b956,direct_traffic,0,2018,5,3,0.7530408072165364,406,48,0.11770833333333333,50.0,8.0,0.1449107142857143,POSITIVE,STRONG,0.5043482938537314,HIGH,Prioritize immediate sales follow-up,origin shows a positive conversion signal; landing page shows a strong historical signal,396
b9121f1db9d4771da790da05438d0e05,2018-05-31,b76ef37428e6799c421989521c0e5077,organic_search,0,2018,5,3,0.7381477562199877,1869,222,0.11865735839068291,735.0,140.0,0.1882698675496689,POSITIVE,STRONG,0.504274098920063,HIGH,Prioritize immediate sales follow-up,origin shows a positive conversion signal; landing page shows a strong historical signal,397
c097323215fe907391917a4bcb07864f,2018-05-03,b76ef37428e6799c421989521c0e5077,organic_search,0,2018,5,3,0.7381477562199877,1869,222,0.11865735839068291,735.0,140.0,0.1882698675496689,POSITIVE,STRONG,0.504274098920063,HIGH,Prioritize immediate sales follow-up,origin shows a positive conversion signal; landing page shows a strong historical signal,398
9f32a0554217915208ab7dfedc7943ac,2018-05-31,b76ef37428e6799c421989521c0e5077,organic_search,0,2018,5,3,0.7381477562199877,1869,222,0.11865735839068291,735.0,140.0,0.1882698675496689,POSITIVE,STRONG,0.504274098920063,HIGH,Prioritize immediate sales follow-up,origin shows a positive conversion signal; landing page shows a strong historical signal,399
383e1febfb5246868b834d73c3344c86,2018-05-03,b76ef37428e6799c421989521c0e5077,organic_search,0,2018,5,3,0.7381477562199877,1869,222,0.11865735839068291,735.0,140.0,0.1882698675496689,POSITIVE,STRONG,0.504274098920063,HIGH,Prioritize immediate sales follow-up,origin shows a positive conversion signal; landing page shows a strong historical signal,400
31bcaa3b65a96372618e75f612347515,2018-04-27,b76ef37428e6799c421989521c0e5077,paid_search,0,2018,4,4,0.7359867952231391,1263,158,0.1248197583787997,735.0,140.0,0.1882698675496689,POSITIVE,STRONG,0.5042100023195772,HIGH,Prioritize immediate sales follow-up,origin shows a positive conversion signal; landing page shows a strong historical signal,401
44f46fc20811f78bd3e34a3d04dbdc70,2018-04-27,b76ef37428e6799c421989521c0e5077,paid_search,0,2018,4,4,0.7359867952231391,1263,158,0.1248197583787997,735.0,140.0,0.1882698675496689,POSITIVE,STRONG,0.5042100023195772,HIGH,Prioritize immediate sales follow-up,origin shows a positive conversion signal; landing page shows a strong historical signal,402
c05a1a7ec49bc3608c9c8cbf57f331a6,2018-05-08,7fa6214d82e911d070f51ef79381b956,organic_search,0,2018,5,1,0.7521989113109935,1869,222,0.11865735839068291,50.0,8.0,0.1449107142857143,POSITIVE,STRONG,0.5040329613218756,HIGH,Prioritize immediate sales follow-up,origin shows a positive conversion signal; landing page shows a strong historical signal,403
d55f42621864ab6071c77e68f1e70053,2018-05-21,a0fbc0263cb98bdb0d72b9f9f283a172,paid_search,0,2018,5,0,0.7544514800304711,1263,158,0.1248197583787997,27.0,4.0,0.130718085106383,POSITIVE,POSITIVE,0.5037784567153192,HIGH,Prioritize for sales follow-up,origin shows a positive conversion signal; landing page shows a positive historical signal,404
677f48b868739f85b47ef6ff20996487,2018-05-28,a0fbc0263cb98bdb0d72b9f9f283a172,paid_search,0,2018,5,0,0.7544514800304711,1263,158,0.1248197583787997,27.0,4.0,0.130718085106383,POSITIVE,POSITIVE,0.5037784567153192,HIGH,Prioritize for sales follow-up,origin shows a positive conversion signal; landing page shows a positive historical signal,405
1781517e135bc756f7f16c1f07c7e7f6,2018-05-22,a7982125ff7aa3b2054c6e44f9d28522,unknown,0,2018,5,1,0.745048643710761,905,148,0.16231756756756757,124.0,15.0,0.11905381944444444,STRONG,POSITIVE,0.5033034636288589,HIGH,Prioritize immediate sales follow-up,origin historically converts above baseline; landing page shows a positive historical signal,406
32fed8b2d7ce5d690373e6cf309d5282,2018-05-11,b76ef37428e6799c421989521c0e5077,direct_traffic,0,2018,5,4,0.7361833171140056,406,48,0.11770833333333333,735.0,140.0,0.1882698675496689,POSITIVE,STRONG,0.5029056304450038,HIGH,Prioritize immediate sales follow-up,origin shows a positive conversion signal; landing page shows a strong historical signal,407
6a83281271574c5862e937abe66b2e23,2018-05-30,7fa6214d82e911d070f51ef79381b956,direct_traffic,0,2018,5,2,0.7503042268081009,406,48,0.11770833333333333,50.0,8.0,0.1449107142857143,POSITIVE,STRONG,0.5027063456086701,HIGH,Prioritize immediate sales follow-up,origin shows a positive conversion signal; landing page shows a strong historical signal,408
ff2b066f6ec181675f7d1c0804587b96,2018-05-30,7fa6214d82e911d070f51ef79381b956,direct_traffic,0,2018,5,2,0.7503042268081009,406,48,0.11770833333333333,50.0,8.0,0.1449107142857143,POSITIVE,STRONG,0.5027063456086701,HIGH,Prioritize immediate sales follow-up,origin shows a positive conversion signal; landing page shows a strong historical signal,409
be583bd016a46688a00c319e7042dfa4,2018-05-02,b76ef37428e6799c421989521c0e5077,organic_search,0,2018,5,2,0.7353041533606766,1869,222,0.11865735839068291,735.0,140.0,0.1882698675496689,POSITIVE,STRONG,0.5025679372044763,HIGH,Prioritize immediate sales follow-up,origin shows a positive conversion signal; landing page shows a strong historical signal,410
5efb0f62e1610132b3e348846cb307f0,2018-05-09,b76ef37428e6799c421989521c0e5077,organic_search,0,2018,5,2,0.7353041533606766,1869,222,0.11865735839068291,735.0,140.0,0.1882698675496689,POSITIVE,STRONG,0.5025679372044763,HIGH,Prioritize immediate sales follow-up,origin shows a positive conversion signal; landing page shows a strong historical signal,411
31b60c338e0c43f9100464d36c446e08,2018-05-09,b76ef37428e6799c421989521c0e5077,organic_search,0,2018,5,2,0.7353041533606766,1869,222,0.11865735839068291,735.0,140.0,0.1882698675496689,POSITIVE,STRONG,0.5025679372044763,HIGH,Prioritize immediate sales follow-up,origin shows a positive conversion signal; landing page shows a strong historical signal,412
ed68030ad096167305ee933b382d92f4,2018-05-23,b76ef37428e6799c421989521c0e5077,organic_search,1,2018,5,2,0.7353041533606766,1869,222,0.11865735839068291,735.0,140.0,0.1882698675496689,POSITIVE,STRONG,0.5025679372044763,HIGH,Prioritize immediate sales follow-up,origin shows a positive conversion signal; landing page shows a strong historical signal,413
c471696beb14dcf27c43d37fe49f7250,2018-05-02,b76ef37428e6799c421989521c0e5077,organic_search,0,2018,5,2,0.7353041533606766,1869,222,0.11865735839068291,735.0,140.0,0.1882698675496689,POSITIVE,STRONG,0.5025679372044763,HIGH,Prioritize immediate sales follow-up,origin shows a positive conversion signal; landing page shows a strong historical signal,414
239771729fe22c7c1bdbf136f7304eed,2018-05-23,b76ef37428e6799c421989521c0e5077,organic_search,1,2018,5,2,0.7353041533606766,1869,222,0.11865735839068291,735.0,140.0,0.1882698675496689,POSITIVE,STRONG,0.5025679372044763,HIGH,Prioritize immediate sales follow-up,origin shows a positive conversion signal; landing page shows a strong historical signal,415
2cc7645821fa3f2560b783faed98646b,2018-05-29,68f817c510c978e3a3a7474ad2aeb75c,paid_search,0,2018,5,1,0.7426617346007609,1263,158,0.1248197583787997,6.0,2.0,0.15937500000000002,POSITIVE,LIMITED,0.5024359924362165,HIGH,Prioritize for sales follow-up,origin shows a positive conversion signal,416
b83a52c035258ed43d787106b1765e35,2018-05-28,7fa6214d82e911d070f51ef79381b956,organic_search,1,2018,5,0,0.7494561056596718,1869,222,0.11865735839068291,50.0,8.0,0.1449107142857143,POSITIVE,STRONG,0.5023872779310825,HIGH,Prioritize immediate sales follow-up,origin shows a positive conversion signal; landing page shows a strong historical signal,417
f63f7107398c54c17b5d14eadfa76842,2018-05-10,b76ef37428e6799c421989521c0e5077,direct_traffic,1,2018,5,3,0.7333260883447431,406,48,0.11770833333333333,735.0,140.0,0.1882698675496689,POSITIVE,STRONG,0.5011912931834464,HIGH,Prioritize immediate sales follow-up,origin shows a positive conversion signal; landing page shows a strong historical signal,418
3b0399840bb107f5895b874334708610,2018-05-22,7fa6214d82e911d070f51ef79381b956,direct_traffic,0,2018,5,1,0.7475474881226231,406,48,0.11770833333333333,50.0,8.0,0.1449107142857143,POSITIVE,STRONG,0.5010523023973834,HIGH,Prioritize immediate sales follow-up,origin shows a positive conversion signal; landing page shows a strong historical signal,419
243e8373034964abf7c8a8e57d4df724,2018-05-22,7fa6214d82e911d070f51ef79381b956,direct_traffic,0,2018,5,1,0.7475474881226231,406,48,0.11770833333333333,50.0,8.0,0.1449107142857143,POSITIVE,STRONG,0.5010523023973834,HIGH,Prioritize immediate sales follow-up,origin shows a positive conversion signal; landing page shows a strong historical signal,420
7ef3c6710eb6d079171953dea45c3912,2018-05-15,b76ef37428e6799c421989521c0e5077,organic_search,0,2018,5,1,0.7324408634941135,1869,222,0.11865735839068291,735.0,140.0,0.1882698675496689,POSITIVE,STRONG,0.5008499632845385,HIGH,Prioritize immediate sales follow-up,origin shows a positive conversion signal; landing page shows a strong historical signal,421
daa178b0fd24b633634b00b9e8781fe2,2018-05-08,b76ef37428e6799c421989521c0e5077,organic_search,0,2018,5,1,0.7324408634941135,1869,222,0.11865735839068291,735.0,140.0,0.1882698675496689,POSITIVE,STRONG,0.5008499632845385,HIGH,Prioritize immediate sales follow-up,origin shows a positive conversion signal; landing page shows a strong historical signal,422
f65c867a3d43ba449324297c18e7b28d,2018-05-22,b76ef37428e6799c421989521c0e5077,organic_search,0,2018,5,1,0.7324408634941135,1869,222,0.11865735839068291,735.0,140.0,0.1882698675496689,POSITIVE,STRONG,0.5008499632845385,HIGH,Prioritize immediate sales follow-up,origin shows a positive conversion signal; landing page shows a strong historical signal,423
0a1e1d8da51f5dd7077a7f2748b10d58,2018-05-21,b76ef37428e6799c421989521c0e5077,organic_search,0,2018,5,0,0.7295579923659666,1869,222,0.11865735839068291,735.0,140.0,0.1882698675496689,POSITIVE,STRONG,0.49912024060765037,MEDIUM,Review and follow up based on capacity,origin shows a positive conversion signal; landing page shows a strong historical signal,424
a5442d14a3dc2f56981b84c2b48d99c8,2018-05-14,b76ef37428e6799c421989521c0e5077,organic_search,0,2018,5,0,0.7295579923659666,1869,222,0.11865735839068291,735.0,140.0,0.1882698675496689,POSITIVE,STRONG,0.49912024060765037,MEDIUM,Review and follow up based on capacity,origin shows a positive conversion signal; landing page shows a strong historical signal,425
d63c989b3b971b08b95c11f2fa295df1,2018-05-14,b76ef37428e6799c421989521c0e5077,organic_search,0,2018,5,0,0.7295579923659666,1869,222,0.11865735839068291,735.0,140.0,0.1882698675496689,POSITIVE,STRONG,0.49912024060765037,MEDIUM,Review and follow up based on capacity,origin shows a positive conversion signal; landing page shows a strong historical signal,426
69f196a57f4b2b9d8b32e734f94c041c,2018-05-28,b76ef37428e6799c421989521c0e5077,organic_search,0,2018,5,0,0.7295579923659666,1869,222,0.11865735839068291,735.0,140.0,0.1882698675496689,POSITIVE,STRONG,0.49912024060765037,MEDIUM,Review and follow up based on capacity,origin shows a positive conversion signal; landing page shows a strong historical signal,427
6f3d1557dc7fdf6f8ea0ca4a0cc502d5,2018-05-25,ce1a65abd0973638f1c887a6efcfa82d,paid_search,0,2018,5,4,0.7390729789838733,1263,158,0.1248197583787997,320.0,49.0,0.15042279411764706,POSITIVE,STRONG,0.49849229788961325,MEDIUM,Review and follow up based on capacity,origin shows a positive conversion signal; landing page shows a strong historical signal,428
f9c3adf1303060c6e57a765820c6372a,2018-05-08,b76ef37428e6799c421989521c0e5077,direct_traffic,0,2018,5,1,0.7275528970361159,406,48,0.11770833333333333,735.0,140.0,0.1882698675496689,POSITIVE,STRONG,0.49772737839826997,MEDIUM,Review and follow up based on capacity,origin shows a positive conversion signal; landing page shows a strong historical signal,429
e8d6d8ef89afafaf25d720988e07d638,2018-04-25,40dec9f3d5259a3d2dbcdab2114fae47,direct_traffic,0,2018,4,2,0.724550427956945,406,48,0.11770833333333333,275.0,55.0,0.19370762711864406,POSITIVE,STRONG,0.4970134488645625,MEDIUM,Review and follow up based on capacity,origin shows a positive conversion signal; landing page shows a strong historical signal,430
d4c54190d253fa7bf8d2a188c03bd448,2018-05-03,ce1a65abd0973638f1c887a6efcfa82d,paid_search,0,2018,5,3,0.7362358333404264,1263,158,0.1248197583787997,320.0,49.0,0.15042279411764706,POSITIVE,STRONG,0.49679001050354515,MEDIUM,Review and follow up based on capacity,origin shows a positive conversion signal; landing page shows a strong historical signal,431
bc94f75c7d9299fef1c8445e33a43291,2018-05-24,ce1a65abd0973638f1c887a6efcfa82d,paid_search,0,2018,5,3,0.7362358333404264,1263,158,0.1248197583787997,320.0,49.0,0.15042279411764706,POSITIVE,STRONG,0.49679001050354515,MEDIUM,Review and follow up based on capacity,origin shows a positive conversion signal; landing page shows a strong historical signal,432
48b7b7c15b71efe6169c44cb73b1359d,2018-05-21,b76ef37428e6799c421989521c0e5077,direct_traffic,0,2018,5,0,0.724637159561101,406,48,0.11770833333333333,735.0,140.0,0.1882698675496689,POSITIVE,STRONG,0.495977935913261,MEDIUM,Review and follow up based on capacity,origin shows a positive conversion signal; landing page shows a strong historical signal,433
3f5fa74a83157541dfe271882bafee6a,2018-04-25,358adb2fee9a122549618e46925a00a5,organic_search,0,2018,4,2,0.73064532150171,1869,222,0.11865735839068291,5.0,2.0,0.16575000000000004,POSITIVE,LIMITED,0.49526866457916263,MEDIUM,Review and follow up based on capacity,origin shows a positive conversion signal,434
8e3a0c64471d95b0099a960973289946,2018-04-25,358adb2fee9a122549618e46925a00a5,organic_search,1,2018,4,2,0.73064532150171,1869,222,0.11865735839068291,5.0,2.0,0.16575000000000004,POSITIVE,LIMITED,0.49526866457916263,MEDIUM,Review and follow up based on capacity,origin shows a positive conversion signal,435
2ade688b34d8b8adbb769b79e4fee500,2018-05-02,ce1a65abd0973638f1c887a6efcfa82d,paid_search,0,2018,5,2,0.7333789673513056,1263,158,0.1248197583787997,320.0,49.0,0.15042279411764706,POSITIVE,STRONG,0.49507589091007265,MEDIUM,Review and follow up based on capacity,origin shows a positive conversion signal; landing page shows a strong historical signal,436
f6d454bdc87a16e0614ea35d9a737e72,2018-05-04,68f817c510c978e3a3a7474ad2aeb75c,organic_search,0,2018,5,4,0.7318248931561834,1869,222,0.11865735839068291,6.0,2.0,0.15937500000000002,POSITIVE,LIMITED,0.4947014075718466,MEDIUM,Review and follow up based on capacity,origin shows a positive conversion signal,437
0dabd1a1be08da96cd6fa993b9afb0a8,2018-05-26,d83b0d0e48c8447d1d5507a44027a955,paid_search,1,2018,5,5,0.7316830764139909,1263,158,0.1248197583787997,28.0,5.0,0.148828125,POSITIVE,STRONG,0.4937394225241545,MEDIUM,Review and follow up based on capacity,origin shows a positive conversion signal; landing page shows a strong historical signal,438
a283fe64e2fbe434793656a8e2f25fb3,2018-05-08,ce1a65abd0973638f1c887a6efcfa82d,paid_search,0,2018,5,1,0.7305024849106873,1263,158,0.1248197583787997,320.0,49.0,0.15042279411764706,POSITIVE,STRONG,0.4933500014457017,MEDIUM,Review and follow up based on capacity,origin shows a positive conversion signal; landing page shows a strong historical signal,439
eb60df0b3ed1230d4d205e0d190cdd86,2018-05-29,ce1a65abd0973638f1c887a6efcfa82d,paid_search,0,2018,5,1,0.7305024849106873,1263,158,0.1248197583787997,320.0,49.0,0.15042279411764706,POSITIVE,STRONG,0.4933500014457017,MEDIUM,Review and follow up based on capacity,origin shows a positive conversion signal; landing page shows a strong historical signal,440
8f3ed413b7b1f3b41dcf0731decd4cd8,2018-04-26,7fa6214d82e911d070f51ef79381b956,organic_search,0,2018,4,3,0.7337932607669119,1869,222,0.11865735839068291,50.0,8.0,0.1449107142857143,POSITIVE,STRONG,0.49298957099542656,MEDIUM,Review and follow up based on capacity,origin shows a positive conversion signal; landing page shows a strong historical signal,441
2171a9b7a83660dc1f75c463d234dc66,2018-05-14,ce1a65abd0973638f1c887a6efcfa82d,paid_search,0,2018,5,0,0.7276064955893689,1263,158,0.1248197583787997,320.0,49.0,0.15042279411764706,POSITIVE,STRONG,0.4916124078529106,MEDIUM,Review and follow up based on capacity,origin shows a positive conversion signal; landing page shows a strong historical signal,442
55803f966202bb45829744de092b2f02,2018-05-07,ce1a65abd0973638f1c887a6efcfa82d,paid_search,0,2018,5,0,0.7276064955893689,1263,158,0.1248197583787997,320.0,49.0,0.15042279411764706,POSITIVE,STRONG,0.4916124078529106,MEDIUM,Review and follow up based on capacity,origin shows a positive conversion signal; landing page shows a strong historical signal,443
9338c9d9365d0f2793a7723c264660b4,2018-05-23,68f817c510c978e3a3a7474ad2aeb75c,organic_search,0,2018,5,2,0.7260313442655004,1869,222,0.11865735839068291,6.0,2.0,0.15937500000000002,POSITIVE,LIMITED,0.49122527823743684,MEDIUM,Review and follow up based on capacity,origin shows a positive conversion signal,444
06866f020cb80790b158b1ea301680a3,2018-04-27,b76ef37428e6799c421989521c0e5077,organic_search,0,2018,4,4,0.7161172234474967,1869,222,0.11865735839068291,735.0,140.0,0.1882698675496689,POSITIVE,STRONG,0.4910557792565684,MEDIUM,Review and follow up based on capacity,origin shows a positive conversion signal; landing page shows a strong historical signal,445
f3ff512452bab41fce871de6cfbb2911,2018-04-25,68f817c510c978e3a3a7474ad2aeb75c,paid_search,0,2018,4,2,0.7208673648318098,1263,158,0.1248197583787997,6.0,2.0,0.15937500000000002,POSITIVE,LIMITED,0.4893593705748458,MEDIUM,Review and follow up based on capacity,origin shows a positive conversion signal,446
bb5a9482a2dfd06d2e68299a8cabdf31,2018-04-26,b76ef37428e6799c421989521c0e5077,organic_search,0,2018,4,3,0.7131273571686791,1869,222,0.11865735839068291,735.0,140.0,0.1882698675496689,POSITIVE,STRONG,0.48926185948927786,MEDIUM,Review and follow up based on capacity,origin shows a positive conversion signal; landing page shows a strong historical signal,447
e34e51889b063b3158e587de76dd4129,2018-04-26,b76ef37428e6799c421989521c0e5077,organic_search,0,2018,4,3,0.7131273571686791,1869,222,0.11865735839068291,735.0,140.0,0.1882698675496689,POSITIVE,STRONG,0.48926185948927786,MEDIUM,Review and follow up based on capacity,origin shows a positive conversion signal; landing page shows a strong historical signal,448
f2fcaff2a0108d79b786b9a6d289a8ae,2018-04-26,b76ef37428e6799c421989521c0e5077,organic_search,0,2018,4,3,0.7131273571686791,1869,222,0.11865735839068291,735.0,140.0,0.1882698675496689,POSITIVE,STRONG,0.48926185948927786,MEDIUM,Review and follow up based on capacity,origin shows a positive conversion signal; landing page shows a strong historical signal,449
30cf2dddf89372cece51b60959c12320,2018-04-26,b76ef37428e6799c421989521c0e5077,organic_search,0,2018,4,3,0.7131273571686791,1869,222,0.11865735839068291,735.0,140.0,0.1882698675496689,POSITIVE,STRONG,0.48926185948927786,MEDIUM,Review and follow up based on capacity,origin shows a positive conversion signal; landing page shows a strong historical signal,450
9722c0e8faf86184d1021802ac2e5f79,2018-05-20,ce1a65abd0973638f1c887a6efcfa82d,organic_search,0,2018,5,6,0.7252285072239768,1869,222,0.11865735839068291,320.0,49.0,0.15042279411764706,POSITIVE,STRONG,0.4889531348360521,MEDIUM,Review and follow up based on capacity,origin shows a positive conversion signal; landing page shows a strong historical signal,451
3e477743dda87ebc24d3c93bfb817d58,2018-05-20,ce1a65abd0973638f1c887a6efcfa82d,organic_search,0,2018,5,6,0.7252285072239768,1869,222,0.11865735839068291,320.0,49.0,0.15042279411764706,POSITIVE,STRONG,0.4889531348360521,MEDIUM,Review and follow up based on capacity,origin shows a positive conversion signal; landing page shows a strong historical signal,452
b5641cd52206b351965ff0cb0e4aff6c,2018-05-13,ce1a65abd0973638f1c887a6efcfa82d,organic_search,0,2018,5,6,0.7252285072239768,1869,222,0.11865735839068291,320.0,49.0,0.15042279411764706,POSITIVE,STRONG,0.4889531348360521,MEDIUM,Review and follow up based on capacity,origin shows a positive conversion signal; landing page shows a strong historical signal,453
3fc4da65247af7ffd942e8ba951710e7,2018-05-13,ce1a65abd0973638f1c887a6efcfa82d,organic_search,0,2018,5,6,0.7252285072239768,1869,222,0.11865735839068291,320.0,49.0,0.15042279411764706,POSITIVE,STRONG,0.4889531348360521,MEDIUM,Review and follow up based on capacity,origin shows a positive conversion signal; landing page shows a strong historical signal,454
db97422a6c4b71ad4dd3f520f58efbc2,2018-04-25,b76ef37428e6799c421989521c0e5077,organic_search,0,2018,4,2,0.7101187482627286,1869,222,0.11865735839068291,735.0,140.0,0.1882698675496689,POSITIVE,STRONG,0.4874566941457075,MEDIUM,Review and follow up based on capacity,origin shows a positive conversion signal; landing page shows a strong historical signal,455
15b695656d258983a761f94a6b94d948,2018-05-05,ce1a65abd0973638f1c887a6efcfa82d,organic_search,0,2018,5,5,0.722297388959965,1869,222,0.11865735839068291,320.0,49.0,0.15042279411764706,POSITIVE,STRONG,0.487194463877645,MEDIUM,Review and follow up based on capacity,origin shows a positive conversion signal; landing page shows a strong historical signal,456
6456e5e81dd87446f811df77548e6a6b,2018-05-12,ce1a65abd0973638f1c887a6efcfa82d,organic_search,1,2018,5,5,0.722297388959965,1869,222,0.11865735839068291,320.0,49.0,0.15042279411764706,POSITIVE,STRONG,0.487194463877645,MEDIUM,Review and follow up based on capacity,origin shows a positive conversion signal; landing page shows a strong historical signal,457
5a15c204653a7a3c7f4d7b5a353761b9,2018-05-12,ce1a65abd0973638f1c887a6efcfa82d,organic_search,0,2018,5,5,0.722297388959965,1869,222,0.11865735839068291,320.0,49.0,0.15042279411764706,POSITIVE,STRONG,0.487194463877645,MEDIUM,Review and follow up based on capacity,origin shows a positive conversion signal; landing page shows a strong historical signal,458
882868f86cbc35c3e7fc151124bfaf0d,2018-05-26,a7982125ff7aa3b2054c6e44f9d28522,paid_search,0,2018,5,5,0.7295150907917286,1263,158,0.1248197583787997,124.0,15.0,0.11905381944444444,POSITIVE,POSITIVE,0.486483770039686,MEDIUM,Review and follow up based on capacity,origin shows a positive conversion signal; landing page shows a positive historical signal,459
3a28dcc6580b3c654621295e81a0f41a,2018-04-30,68f817c510c978e3a3a7474ad2aeb75c,paid_search,0,2018,4,0,0.7149293051494396,1263,158,0.1248197583787997,6.0,2.0,0.15937500000000002,POSITIVE,LIMITED,0.48579653476542367,MEDIUM,Review and follow up based on capacity,origin shows a positive conversion signal,460
6fba9ab96aa12c4c9d01e74b66a74485,2018-04-24,b76ef37428e6799c421989521c0e5077,organic_search,1,2018,4,1,0.7070915462986526,1869,222,0.11865735839068291,735.0,140.0,0.1882698675496689,POSITIVE,STRONG,0.4856403729672619,MEDIUM,Review and follow up based on capacity,origin shows a positive conversion signal; landing page shows a strong historical signal,461
058172f0764ed2bfad2c7aa7cb9ae15f,2018-05-18,ce1a65abd0973638f1c887a6efcfa82d,organic_search,1,2018,5,4,0.719347103182511,1869,222,0.11865735839068291,320.0,49.0,0.15042279411764706,POSITIVE,STRONG,0.48542429241117263,MEDIUM,Review and follow up based on capacity,origin shows a positive conversion signal; landing page shows a strong historical signal,462
1164aaba098a3dcba8b6e7713cd2fb64,2018-05-18,ce1a65abd0973638f1c887a6efcfa82d,organic_search,0,2018,5,4,0.719347103182511,1869,222,0.11865735839068291,320.0,49.0,0.15042279411764706,POSITIVE,STRONG,0.48542429241117263,MEDIUM,Review and follow up based on capacity,origin shows a positive conversion signal; landing page shows a strong historical signal,463
158223cf1707f7e6dd5cd3a0d64f89f3,2018-05-18,ce1a65abd0973638f1c887a6efcfa82d,organic_search,0,2018,5,4,0.719347103182511,1869,222,0.11865735839068291,320.0,49.0,0.15042279411764706,POSITIVE,STRONG,0.48542429241117263,MEDIUM,Review and follow up based on capacity,origin shows a positive conversion signal; landing page shows a strong historical signal,464
772b0baed68e072715d9958602a7a8c3,2018-05-25,ce1a65abd0973638f1c887a6efcfa82d,organic_search,0,2018,5,4,0.719347103182511,1869,222,0.11865735839068291,320.0,49.0,0.15042279411764706,POSITIVE,STRONG,0.48542429241117263,MEDIUM,Review and follow up based on capacity,origin shows a positive conversion signal; landing page shows a strong historical signal,465
0512c4a5f1576437ff9bcbc23b1db356,2018-05-25,ce1a65abd0973638f1c887a6efcfa82d,organic_search,0,2018,5,4,0.719347103182511,1869,222,0.11865735839068291,320.0,49.0,0.15042279411764706,POSITIVE,STRONG,0.48542429241117263,MEDIUM,Review and follow up based on capacity,origin shows a positive conversion signal; landing page shows a strong historical signal,466
6d35d6ac358e104936a500559001531f,2018-05-04,ce1a65abd0973638f1c887a6efcfa82d,organic_search,0,2018,5,4,0.719347103182511,1869,222,0.11865735839068291,320.0,49.0,0.15042279411764706,POSITIVE,STRONG,0.48542429241117263,MEDIUM,Review and follow up based on capacity,origin shows a positive conversion signal; landing page shows a strong historical signal,467
216d47b84e01adc02b49eead5b32f9e0,2018-04-28,ce1a65abd0973638f1c887a6efcfa82d,paid_search,0,2018,4,5,0.7170904538575564,1263,158,0.1248197583787997,320.0,49.0,0.15042279411764706,POSITIVE,STRONG,0.48530278281382316,MEDIUM,Review and follow up based on capacity,origin shows a positive conversion signal; landing page shows a strong historical signal,468
2182a10a0b056c117e8014fd44813f97,2018-04-25,b76ef37428e6799c421989521c0e5077,direct_traffic,0,2018,4,2,0.7049872375491353,406,48,0.11770833333333333,735.0,140.0,0.1882698675496689,POSITIVE,STRONG,0.4841879827060816,MEDIUM,Review and follow up based on capacity,origin shows a positive conversion signal; landing page shows a strong historical signal,469
ee7230dec6c5cf2229f0a706a265ca49,2018-05-12,ce1a65abd0973638f1c887a6efcfa82d,direct_traffic,1,2018,5,5,0.7172956386200302,406,48,0.11770833333333333,320.0,49.0,0.15042279411764706,POSITIVE,STRONG,0.4840036086622142,MEDIUM,Review and follow up based on capacity,origin shows a positive conversion signal; landing page shows a strong historical signal,470
b900a5f2bb1f01b0351c8c30e49a2b86,2018-04-30,b76ef37428e6799c421989521c0e5077,organic_search,0,2018,4,0,0.7040459067205421,1869,222,0.11865735839068291,735.0,140.0,0.1882698675496689,POSITIVE,STRONG,0.4838129892203956,MEDIUM,Review and follow up based on capacity,origin shows a positive conversion signal; landing page shows a strong historical signal,471
e3c586bec59ecb0430e34fb6bc37fb8d,2018-05-24,ce1a65abd0973638f1c887a6efcfa82d,organic_search,1,2018,5,3,0.7163777814260717,1869,222,0.11865735839068291,320.0,49.0,0.15042279411764706,POSITIVE,STRONG,0.48364269935730897,MEDIUM,Review and follow up based on capacity,origin shows a positive conversion signal; landing page shows a strong historical signal,472
ca6127525a83011e6a686a3e49cad955,2018-05-24,ce1a65abd0973638f1c887a6efcfa82d,organic_search,0,2018,5,3,0.7163777814260717,1869,222,0.11865735839068291,320.0,49.0,0.15042279411764706,POSITIVE,STRONG,0.48364269935730897,MEDIUM,Review and follow up based on capacity,origin shows a positive conversion signal; landing page shows a strong historical signal,473
39fd0bb6df13c8e89bbf7db0372df7ea,2018-05-24,ce1a65abd0973638f1c887a6efcfa82d,organic_search,0,2018,5,3,0.7163777814260717,1869,222,0.11865735839068291,320.0,49.0,0.15042279411764706,POSITIVE,STRONG,0.48364269935730897,MEDIUM,Review and follow up based on capacity,origin shows a positive conversion signal; landing page shows a strong historical signal,474
60041d31882e8d08e106b82dd4197a76,2018-05-31,ce1a65abd0973638f1c887a6efcfa82d,organic_search,0,2018,5,3,0.7163777814260717,1869,222,0.11865735839068291,320.0,49.0,0.15042279411764706,POSITIVE,STRONG,0.48364269935730897,MEDIUM,Review and follow up based on capacity,origin shows a positive conversion signal; landing page shows a strong historical signal,475
cdd41e8e7e609526df11a959b953cc0d,2018-05-10,ce1a65abd0973638f1c887a6efcfa82d,organic_search,1,2018,5,3,0.7163777814260717,1869,222,0.11865735839068291,320.0,49.0,0.15042279411764706,POSITIVE,STRONG,0.48364269935730897,MEDIUM,Review and follow up based on capacity,origin shows a positive conversion signal; landing page shows a strong historical signal,476
bf2f4d60479ee325b2fa8308009230b6,2018-05-24,ce1a65abd0973638f1c887a6efcfa82d,organic_search,0,2018,5,3,0.7163777814260717,1869,222,0.11865735839068291,320.0,49.0,0.15042279411764706,POSITIVE,STRONG,0.48364269935730897,MEDIUM,Review and follow up based on capacity,origin shows a positive conversion signal; landing page shows a strong historical signal,477
d7a57d0c4b7110dfcb07f4e3a480abe1,2018-05-24,ce1a65abd0973638f1c887a6efcfa82d,organic_search,0,2018,5,3,0.7163777814260717,1869,222,0.11865735839068291,320.0,49.0,0.15042279411764706,POSITIVE,STRONG,0.48364269935730897,MEDIUM,Review and follow up based on capacity,origin shows a positive conversion signal; landing page shows a strong historical signal,478
e824ff2df2d1765f6d491d00ec4d6b01,2018-05-04,ce1a65abd0973638f1c887a6efcfa82d,direct_traffic,0,2018,5,4,0.7143132321882077,406,48,0.11770833333333333,320.0,49.0,0.15042279411764706,POSITIVE,STRONG,0.48221416480312074,MEDIUM,Review and follow up based on capacity,origin shows a positive conversion signal; landing page shows a strong historical signal,479
605aef0bfcf4c561ad415e03c319f568,2018-05-18,ce1a65abd0973638f1c887a6efcfa82d,direct_traffic,0,2018,5,4,0.7143132321882077,406,48,0.11770833333333333,320.0,49.0,0.15042279411764706,POSITIVE,STRONG,0.48221416480312074,MEDIUM,Review and follow up based on capacity,origin shows a positive conversion signal; landing page shows a strong historical signal,480
a06df17094fd9599cad32555b897a0d3,2018-05-25,ce1a65abd0973638f1c887a6efcfa82d,direct_traffic,1,2018,5,4,0.7143132321882077,406,48,0.11770833333333333,320.0,49.0,0.15042279411764706,POSITIVE,STRONG,0.48221416480312074,MEDIUM,Review and follow up based on capacity,origin shows a positive conversion signal; landing page shows a strong historical signal,481
6ec00eeb639d309bafaeb0a3ea24fb3c,2018-05-23,ce1a65abd0973638f1c887a6efcfa82d,organic_search,0,2018,5,2,0.7133895610455903,1869,222,0.11865735839068291,320.0,49.0,0.15042279411764706,POSITIVE,STRONG,0.48184976712902017,MEDIUM,Review and follow up based on capacity,origin shows a positive conversion signal; landing page shows a strong historical signal,482
b2385ae6de2a909f2ad7b45f9922af69,2018-05-16,ce1a65abd0973638f1c887a6efcfa82d,organic_search,1,2018,5,2,0.7133895610455903,1869,222,0.11865735839068291,320.0,49.0,0.15042279411764706,POSITIVE,STRONG,0.48184976712902017,MEDIUM,Review and follow up based on capacity,origin shows a positive conversion signal; landing page shows a strong historical signal,483
7f56061fb30e16364c61cc7fc0a8b4e9,2018-05-16,ce1a65abd0973638f1c887a6efcfa82d,organic_search,0,2018,5,2,0.7133895610455903,1869,222,0.11865735839068291,320.0,49.0,0.15042279411764706,POSITIVE,STRONG,0.48184976712902017,MEDIUM,Review and follow up based on capacity,origin shows a positive conversion signal; landing page shows a strong historical signal,484
4a66c94e04d3094b75356c2cda68c8d9,2018-05-09,ce1a65abd0973638f1c887a6efcfa82d,organic_search,0,2018,5,2,0.7133895610455903,1869,222,0.11865735839068291,320.0,49.0,0.15042279411764706,POSITIVE,STRONG,0.48184976712902017,MEDIUM,Review and follow up based on capacity,origin shows a positive conversion signal; landing page shows a strong historical signal,485
81551074cfb8ca8453f46a9e3332044c,2018-05-30,ce1a65abd0973638f1c887a6efcfa82d,organic_search,0,2018,5,2,0.7133895610455903,1869,222,0.11865735839068291,320.0,49.0,0.15042279411764706,POSITIVE,STRONG,0.48184976712902017,MEDIUM,Review and follow up based on capacity,origin shows a positive conversion signal; landing page shows a strong historical signal,486
ea7436bc091539714e3f2f5d209aca12,2018-05-09,ce1a65abd0973638f1c887a6efcfa82d,organic_search,0,2018,5,2,0.7133895610455903,1869,222,0.11865735839068291,320.0,49.0,0.15042279411764706,POSITIVE,STRONG,0.48184976712902017,MEDIUM,Review and follow up based on capacity,origin shows a positive conversion signal; landing page shows a strong historical signal,487
3c66e60076630a5f5726a04ca590811e,2018-05-16,ce1a65abd0973638f1c887a6efcfa82d,organic_search,0,2018,5,2,0.7133895610455903,1869,222,0.11865735839068291,320.0,49.0,0.15042279411764706,POSITIVE,STRONG,0.48184976712902017,MEDIUM,Review and follow up based on capacity,origin shows a positive conversion signal; landing page shows a strong historical signal,488
c150275626bb4cfe3f7885074cc2b8d7,2018-05-16,ce1a65abd0973638f1c887a6efcfa82d,organic_search,0,2018,5,2,0.7133895610455903,1869,222,0.11865735839068291,320.0,49.0,0.15042279411764706,POSITIVE,STRONG,0.48184976712902017,MEDIUM,Review and follow up based on capacity,origin shows a positive conversion signal; landing page shows a strong historical signal,489
933b9909d5c4fcc2eb0ef8b2d9d7c02d,2018-04-26,ce1a65abd0973638f1c887a6efcfa82d,paid_search,0,2018,4,3,0.7111042470308956,1263,158,0.1248197583787997,320.0,49.0,0.15042279411764706,POSITIVE,STRONG,0.48171105871782666,MEDIUM,Review and follow up based on capacity,origin shows a positive conversion signal; landing page shows a strong historical signal,490
40203b20a6933a14a086bcc0c7c6959c,2018-05-03,b48ec5f3b04e9068441002a19df93c6c,organic_search,0,2018,5,3,0.7184394982808912,1869,222,0.11865735839068291,49.0,7.0,0.132518115942029,POSITIVE,POSITIVE,0.4812987938350771,MEDIUM,Review and follow up based on capacity,origin shows a positive conversion signal; landing page shows a positive historical signal,491
fb6bb1278f020833319dd6e557ca4d88,2018-05-10,ce1a65abd0973638f1c887a6efcfa82d,direct_traffic,0,2018,5,3,0.7113120255382467,406,48,0.11770833333333333,320.0,49.0,0.15042279411764706,POSITIVE,STRONG,0.4804134408131441,MEDIUM,Review and follow up based on capacity,origin shows a positive conversion signal; landing page shows a strong historical signal,492
68453fe4a8fe4478c75986c5da65af22,2018-05-24,ce1a65abd0973638f1c887a6efcfa82d,direct_traffic,0,2018,5,3,0.7113120255382467,406,48,0.11770833333333333,320.0,49.0,0.15042279411764706,POSITIVE,STRONG,0.4804134408131441,MEDIUM,Review and follow up based on capacity,origin shows a positive conversion signal; landing page shows a strong historical signal,493
9375fea0a120ddcc052f02b81cde38fe,2018-05-08,ce1a65abd0973638f1c887a6efcfa82d,organic_search,1,2018,5,1,0.7103825852375546,1869,222,0.11865735839068291,320.0,49.0,0.15042279411764706,POSITIVE,STRONG,0.48004558164419875,MEDIUM,Review and follow up based on capacity,origin shows a positive conversion signal; landing page shows a strong historical signal,494
45ec40b01a59e8f10dd49b290314c22e,2018-05-08,ce1a65abd0973638f1c887a6efcfa82d,organic_search,0,2018,5,1,0.7103825852375546,1869,222,0.11865735839068291,320.0,49.0,0.15042279411764706,POSITIVE,STRONG,0.48004558164419875,MEDIUM,Review and follow up based on capacity,origin shows a positive conversion signal; landing page shows a strong historical signal,495
bcc4f9f4940fe8a52f35d46469931fc0,2018-05-15,ce1a65abd0973638f1c887a6efcfa82d,organic_search,0,2018,5,1,0.7103825852375546,1869,222,0.11865735839068291,320.0,49.0,0.15042279411764706,POSITIVE,STRONG,0.48004558164419875,MEDIUM,Review and follow up based on capacity,origin shows a positive conversion signal; landing page shows a strong historical signal,496
6d070738b274ed8c45fba848a4a3760b,2018-05-22,ce1a65abd0973638f1c887a6efcfa82d,organic_search,0,2018,5,1,0.7103825852375546,1869,222,0.11865735839068291,320.0,49.0,0.15042279411764706,POSITIVE,STRONG,0.48004558164419875,MEDIUM,Review and follow up based on capacity,origin shows a positive conversion signal; landing page shows a strong historical signal,497
d4be5395ff28a5a25aa7e28646cfa3d4,2018-05-15,ce1a65abd0973638f1c887a6efcfa82d,organic_search,0,2018,5,1,0.7103825852375546,1869,222,0.11865735839068291,320.0,49.0,0.15042279411764706,POSITIVE,STRONG,0.48004558164419875,MEDIUM,Review and follow up based on capacity,origin shows a positive conversion signal; landing page shows a strong historical signal,498
fb3ca24280670b6cde3583783aefeac4,2018-05-15,ce1a65abd0973638f1c887a6efcfa82d,organic_search,0,2018,5,1,0.7103825852375546,1869,222,0.11865735839068291,320.0,49.0,0.15042279411764706,POSITIVE,STRONG,0.48004558164419875,MEDIUM,Review and follow up based on capacity,origin shows a positive conversion signal; landing page shows a strong historical signal,499
e58a710561d2841bbe6f99df0113a818,2018-05-04,d83b0d0e48c8447d1d5507a44027a955,organic_search,0,2018,5,4,0.7085985417767788,1869,222,0.11865735839068291,28.0,5.0,0.148828125,POSITIVE,STRONG,0.4786562217442039,MEDIUM,Review and follow up based on capacity,origin shows a positive conversion signal; landing page shows a strong historical signal,500
7067338bcbd7695a74e4950d00e5b482,2018-05-16,ce1a65abd0973638f1c887a6efcfa82d,direct_traffic,0,2018,5,2,0.708292165917093,406,48,0.11770833333333333,320.0,49.0,0.15042279411764706,POSITIVE,STRONG,0.47860152504045184,MEDIUM,Review and follow up based on capacity,origin shows a positive conversion signal; landing page shows a strong historical signal,501
54007efbb2ae51f02c995466f0738caa,2018-05-14,ce1a65abd0973638f1c887a6efcfa82d,organic_search,1,2018,5,0,0.707357003057846,1869,222,0.11865735839068291,320.0,49.0,0.15042279411764706,POSITIVE,STRONG,0.4782302323363736,MEDIUM,Review and follow up based on capacity,origin shows a positive conversion signal; landing page shows a strong historical signal,502
9a8da182a6185560f43cda94c19017eb,2018-05-28,ce1a65abd0973638f1c887a6efcfa82d,organic_search,0,2018,5,0,0.707357003057846,1869,222,0.11865735839068291,320.0,49.0,0.15042279411764706,POSITIVE,STRONG,0.4782302323363736,MEDIUM,Review and follow up based on capacity,origin shows a positive conversion signal; landing page shows a strong historical signal,503
0bdfd2a67deb53a40acbc39554d5a40c,2018-05-14,ce1a65abd0973638f1c887a6efcfa82d,organic_search,0,2018,5,0,0.707357003057846,1869,222,0.11865735839068291,320.0,49.0,0.15042279411764706,POSITIVE,STRONG,0.4782302323363736,MEDIUM,Review and follow up based on capacity,origin shows a positive conversion signal; landing page shows a strong historical signal,504
0b47657d6bcf28d3ea29ccea75dec4bc,2018-05-07,ce1a65abd0973638f1c887a6efcfa82d,organic_search,0,2018,5,0,0.707357003057846,1869,222,0.11865735839068291,320.0,49.0,0.15042279411764706,POSITIVE,STRONG,0.4782302323363736,MEDIUM,Review and follow up based on capacity,origin shows a positive conversion signal; landing page shows a strong historical signal,505
4ed0320ed979b48c8b1da129960a607d,2018-05-07,ce1a65abd0973638f1c887a6efcfa82d,organic_search,0,2018,5,0,0.707357003057846,1869,222,0.11865735839068291,320.0,49.0,0.15042279411764706,POSITIVE,STRONG,0.4782302323363736,MEDIUM,Review and follow up based on capacity,origin shows a positive conversion signal; landing page shows a strong historical signal,506
cab0c1402ec2d5a5301511ab089a08bf,2018-05-14,ce1a65abd0973638f1c887a6efcfa82d,organic_search,0,2018,5,0,0.707357003057846,1869,222,0.11865735839068291,320.0,49.0,0.15042279411764706,POSITIVE,STRONG,0.4782302323363736,MEDIUM,Review and follow up based on capacity,origin shows a positive conversion signal; landing page shows a strong historical signal,507
73114de8de57de8cafafd3774143a5e0,2018-05-21,ce1a65abd0973638f1c887a6efcfa82d,organic_search,0,2018,5,0,0.707357003057846,1869,222,0.11865735839068291,320.0,49.0,0.15042279411764706,POSITIVE,STRONG,0.4782302323363736,MEDIUM,Review and follow up based on capacity,origin shows a positive conversion signal; landing page shows a strong historical signal,508
a2f42f936446626e7dd5766806c9f5c9,2018-05-15,d28554990d8c5273fedfde51f1f8a59d,referral,0,2018,5,1,0.7205594741186239,219,15,0.07173117154811716,1.0,1.0,0.14970238095238098,NEGATIVE,LIMITED,0.47662239497127395,MEDIUM,Review and follow up based on capacity,origin historically converts below baseline,509
f101b87d3b9adb48f2016bf059067ea2,2018-05-02,d83b0d0e48c8447d1d5507a44027a955,organic_search,0,2018,5,2,0.7025071947716779,1869,222,0.11865735839068291,28.0,5.0,0.148828125,POSITIVE,STRONG,0.47500141354114334,MEDIUM,Review and follow up based on capacity,origin shows a positive conversion signal; landing page shows a strong historical signal,510
4f6f19ea03fdcda778f33d42c250fc0a,2018-05-27,a7982125ff7aa3b2054c6e44f9d28522,organic_search,0,2018,5,6,0.712364155754708,1869,222,0.11865735839068291,124.0,15.0,0.11905381944444444,POSITIVE,POSITIVE,0.4749607290198503,MEDIUM,Review and follow up based on capacity,origin shows a positive conversion signal; landing page shows a positive historical signal,511
18451bbdde2119755528a1e27fd7c9ab,2018-05-06,a7982125ff7aa3b2054c6e44f9d28522,organic_search,0,2018,5,6,0.712364155754708,1869,222,0.11865735839068291,124.0,15.0,0.11905381944444444,POSITIVE,POSITIVE,0.4749607290198503,MEDIUM,Review and follow up based on capacity,origin shows a positive conversion signal; landing page shows a positive historical signal,512
7d362ec0c2c1a826ffdd988a8da27bbc,2018-05-28,ce1a65abd0973638f1c887a6efcfa82d,direct_traffic,0,2018,5,0,0.7021971061103935,406,48,0.11770833333333333,320.0,49.0,0.15042279411764706,POSITIVE,STRONG,0.47494448915643217,MEDIUM,Review and follow up based on capacity,origin shows a positive conversion signal; landing page shows a strong historical signal,513
580c4496c6753715f35135749ec09bb3,2018-05-07,ce1a65abd0973638f1c887a6efcfa82d,direct_traffic,0,2018,5,0,0.7021971061103935,406,48,0.11770833333333333,320.0,49.0,0.15042279411764706,POSITIVE,STRONG,0.47494448915643217,MEDIUM,Review and follow up based on capacity,origin shows a positive conversion signal; landing page shows a strong historical signal,514
32360cc376d9eccccb1fe41583e4eabc,2018-05-28,ce1a65abd0973638f1c887a6efcfa82d,direct_traffic,0,2018,5,0,0.7021971061103935,406,48,0.11770833333333333,320.0,49.0,0.15042279411764706,POSITIVE,STRONG,0.47494448915643217,MEDIUM,Review and follow up based on capacity,origin shows a positive conversion signal; landing page shows a strong historical signal,515
3b988312366f22d4a782aee759e58e6c,2018-05-21,ce1a65abd0973638f1c887a6efcfa82d,direct_traffic,0,2018,5,0,0.7021971061103935,406,48,0.11770833333333333,320.0,49.0,0.15042279411764706,POSITIVE,STRONG,0.47494448915643217,MEDIUM,Review and follow up based on capacity,origin shows a positive conversion signal; landing page shows a strong historical signal,516
8be61bb4942454f1fce2c9ff38c40ec3,2018-05-31,0b353d6bc27566f1d238313c33d95f56,paid_search,0,2018,5,3,0.7025947852686718,1263,158,0.1248197583787997,3.0,1.0,0.13668478260869565,POSITIVE,LIMITED,0.4738577793587021,MEDIUM,Review and follow up based on capacity,origin shows a positive conversion signal,517
3cef5274bcca8c30f79c09a2aebc8669,2018-05-15,d83b0d0e48c8447d1d5507a44027a955,organic_search,0,2018,5,1,0.6994341497478191,1869,222,0.11865735839068291,28.0,5.0,0.148828125,POSITIVE,STRONG,0.4731575865268281,MEDIUM,Review and follow up based on capacity,origin shows a positive conversion signal; landing page shows a strong historical signal,518
0f0e3fa24833955ae7be0fc6ff2540f8,2018-05-12,a7982125ff7aa3b2054c6e44f9d28522,organic_search,0,2018,5,5,0.7093508049428017,1869,222,0.11865735839068291,124.0,15.0,0.11905381944444444,POSITIVE,POSITIVE,0.47315271853270646,MEDIUM,Review and follow up based on capacity,origin shows a positive conversion signal; landing page shows a positive historical signal,519
af88501909b010e3369be084d4335fc6,2018-05-19,a7982125ff7aa3b2054c6e44f9d28522,organic_search,0,2018,5,5,0.7093508049428017,1869,222,0.11865735839068291,124.0,15.0,0.11905381944444444,POSITIVE,POSITIVE,0.47315271853270646,MEDIUM,Review and follow up based on capacity,origin shows a positive conversion signal; landing page shows a positive historical signal,520
d23f1d1cd4efe77dac5482f856a9d12d,2018-04-28,ce1a65abd0973638f1c887a6efcfa82d,organic_search,0,2018,4,5,0.6963854169357603,1869,222,0.11865735839068291,320.0,49.0,0.15042279411764706,POSITIVE,STRONG,0.47164728066312217,MEDIUM,Review and follow up based on capacity,origin shows a positive conversion signal; landing page shows a strong historical signal,521
c16c4407a60fbdfc8930637b47cd2a1a,2018-05-11,a7982125ff7aa3b2054c6e44f9d28522,organic_search,0,2018,5,4,0.7063189000386839,1869,222,0.11865735839068291,124.0,15.0,0.11905381944444444,POSITIVE,POSITIVE,0.4713335755902358,MEDIUM,Review and follow up based on capacity,origin shows a positive conversion signal; landing page shows a positive historical signal,522
b0b5f5e1f8f548bbe5fafc4d06a3d527,2018-04-27,ce1a65abd0973638f1c887a6efcfa82d,organic_search,0,2018,4,4,0.6932767450629966,1869,222,0.11865735839068291,320.0,49.0,0.15042279411764706,POSITIVE,STRONG,0.469782077539464,MEDIUM,Review and follow up based on capacity,origin shows a positive conversion signal; landing page shows a strong historical signal,523
aadd608980d2f5f7ee3942cc912eef00,2018-05-31,a7982125ff7aa3b2054c6e44f9d28522,organic_search,1,2018,5,3,0.7032685979821303,1869,222,0.11865735839068291,124.0,15.0,0.11905381944444444,POSITIVE,POSITIVE,0.4695033943563036,MEDIUM,Review and follow up based on capacity,origin shows a positive conversion signal; landing page shows a positive historical signal,524
5b6359f4589fe6e5a4856110f0480240,2018-05-17,a7982125ff7aa3b2054c6e44f9d28522,organic_search,1,2018,5,3,0.7032685979821303,1869,222,0.11865735839068291,124.0,15.0,0.11905381944444444,POSITIVE,POSITIVE,0.4695033943563036,MEDIUM,Review and follow up based on capacity,origin shows a positive conversion signal; landing page shows a positive historical signal,525
1ca6bbff2b5e3a0f442e1407ec1c1654,2018-04-26,ce1a65abd0973638f1c887a6efcfa82d,organic_search,0,2018,4,3,0.690150406010749,1869,222,0.11865735839068291,320.0,49.0,0.15042279411764706,POSITIVE,STRONG,0.46790627410811536,MEDIUM,Review and follow up based on capacity,origin shows a positive conversion signal; landing page shows a strong historical signal,526
ff6fb10988a20c8d51c53e75bc6d5e3b,2018-04-26,ce1a65abd0973638f1c887a6efcfa82d,organic_search,0,2018,4,3,0.690150406010749,1869,222,0.11865735839068291,320.0,49.0,0.15042279411764706,POSITIVE,STRONG,0.46790627410811536,MEDIUM,Review and follow up based on capacity,origin shows a positive conversion signal; landing page shows a strong historical signal,527
0bab9af56671570e6eb8536602601dc2,2018-05-02,a7982125ff7aa3b2054c6e44f9d28522,organic_search,0,2018,5,2,0.7002000616011687,1869,222,0.11865735839068291,124.0,15.0,0.11905381944444444,POSITIVE,POSITIVE,0.46766227252772663,MEDIUM,Review and follow up based on capacity,origin shows a positive conversion signal; landing page shows a positive historical signal,528
ef5d2bfe2d638498f34261df115dfd3d,2018-05-16,a7982125ff7aa3b2054c6e44f9d28522,organic_search,0,2018,5,2,0.7002000616011687,1869,222,0.11865735839068291,124.0,15.0,0.11905381944444444,POSITIVE,POSITIVE,0.46766227252772663,MEDIUM,Review and follow up based on capacity,origin shows a positive conversion signal; landing page shows a positive historical signal,529
190179748dab1f6aefe985b7e604e609,2018-05-23,a7982125ff7aa3b2054c6e44f9d28522,organic_search,0,2018,5,2,0.7002000616011687,1869,222,0.11865735839068291,124.0,15.0,0.11905381944444444,POSITIVE,POSITIVE,0.46766227252772663,MEDIUM,Review and follow up based on capacity,origin shows a positive conversion signal; landing page shows a positive historical signal,530
82513eee71dec51bc9af7c445ed3add5,2018-05-23,a7982125ff7aa3b2054c6e44f9d28522,organic_search,0,2018,5,2,0.7002000616011687,1869,222,0.11865735839068291,124.0,15.0,0.11905381944444444,POSITIVE,POSITIVE,0.46766227252772663,MEDIUM,Review and follow up based on capacity,origin shows a positive conversion signal; landing page shows a positive historical signal,531
4a2c2a734b252dc23c12ab78188606df,2018-05-31,a7982125ff7aa3b2054c6e44f9d28522,direct_traffic,0,2018,5,3,0.6980673841067606,406,48,0.11770833333333333,124.0,15.0,0.11905381944444444,POSITIVE,POSITIVE,0.4661928610196119,MEDIUM,Review and follow up based on capacity,origin shows a positive conversion signal; landing page shows a positive historical signal,532
3b806ea25d00afb9a43874b68042e62a,2018-05-15,a7982125ff7aa3b2054c6e44f9d28522,organic_search,0,2018,5,1,0.6971134596187113,1869,222,0.11865735839068291,124.0,15.0,0.11905381944444444,POSITIVE,POSITIVE,0.46581031133825224,MEDIUM,Review and follow up based on capacity,origin shows a positive conversion signal; landing page shows a positive historical signal,533
44cc3bcbd1ab8ca953a84ec52398a16d,2018-05-29,a7982125ff7aa3b2054c6e44f9d28522,organic_search,0,2018,5,1,0.6971134596187113,1869,222,0.11865735839068291,124.0,15.0,0.11905381944444444,POSITIVE,POSITIVE,0.46581031133825224,MEDIUM,Review and follow up based on capacity,origin shows a positive conversion signal; landing page shows a positive historical signal,534
9e7dc95c541eb2d8bf26affe1089821f,2018-04-24,ce1a65abd0973638f1c887a6efcfa82d,organic_search,1,2018,4,1,0.6838454834360748,1869,222,0.11865735839068291,320.0,49.0,0.15042279411764706,POSITIVE,STRONG,0.46412332056331085,MEDIUM,Review and follow up based on capacity,origin shows a positive conversion signal; landing page shows a strong historical signal,535
e245fc8cc5805e79d2791d96c953e6c3,2018-05-07,a7982125ff7aa3b2054c6e44f9d28522,organic_search,0,2018,5,0,0.6940089666556853,1869,222,0.11865735839068291,124.0,15.0,0.11905381944444444,POSITIVE,POSITIVE,0.46394761556043673,MEDIUM,Review and follow up based on capacity,origin shows a positive conversion signal; landing page shows a positive historical signal,536
a83ba92c936f454cd9f11ef686461365,2018-05-07,a7982125ff7aa3b2054c6e44f9d28522,organic_search,0,2018,5,0,0.6940089666556853,1869,222,0.11865735839068291,124.0,15.0,0.11905381944444444,POSITIVE,POSITIVE,0.46394761556043673,MEDIUM,Review and follow up based on capacity,origin shows a positive conversion signal; landing page shows a positive historical signal,537
8f6285e2aea781df25a077fff1b14e31,2018-05-07,a7982125ff7aa3b2054c6e44f9d28522,organic_search,0,2018,5,0,0.6940089666556853,1869,222,0.11865735839068291,124.0,15.0,0.11905381944444444,POSITIVE,POSITIVE,0.46394761556043673,MEDIUM,Review and follow up based on capacity,origin shows a positive conversion signal; landing page shows a positive historical signal,538
de9605e0626838ac9bc425bbafec7050,2018-05-30,0218f6be0b76aca72ab4d00ee9e8cf10,paid_search,0,2018,5,2,0.6877273083920151,1263,158,0.1248197583787997,42.0,6.0,0.13135080645161293,POSITIVE,POSITIVE,0.46387049800129154,MEDIUM,Review and follow up based on capacity,origin shows a positive conversion signal; landing page shows a positive historical signal,539
c0a42600843859759a2d3918b7ccf0b1,2018-05-09,0218f6be0b76aca72ab4d00ee9e8cf10,paid_search,0,2018,5,2,0.6877273083920151,1263,158,0.1248197583787997,42.0,6.0,0.13135080645161293,POSITIVE,POSITIVE,0.46387049800129154,MEDIUM,Review and follow up based on capacity,origin shows a positive conversion signal; landing page shows a positive historical signal,540
fc6c40a57bca562c8067d1062eb91e6c,2018-05-25,007f9098284a86ee80ddeb25d53e0af8,paid_search,0,2018,5,4,0.7049606871902514,1263,158,0.1248197583787997,63.0,4.0,0.0740210843373494,POSITIVE,NEGATIVE,0.4627445808573806,MEDIUM,Review and follow up based on capacity,origin shows a positive conversion signal; landing page shows a negative historical signal,541
baf0353461042119372ff1b4ec01cff6,2018-04-30,a7982125ff7aa3b2054c6e44f9d28522,paid_search,0,2018,4,0,0.688500367927244,1263,158,0.1248197583787997,124.0,15.0,0.11905381944444444,POSITIVE,POSITIVE,0.4618749363209952,MEDIUM,Review and follow up based on capacity,origin shows a positive conversion signal; landing page shows a positive historical signal,542
31b7dbebefaf552b556cb54e164f94c5,2018-05-28,5dc848e7dd9418dffe183215b8ff0bc1,unknown,0,2018,5,0,0.6701390496579496,905,148,0.16231756756756757,11.0,2.0,0.1336693548387097,STRONG,POSITIVE,0.4612808142760252,MEDIUM,Review and follow up based on capacity,origin historically converts above baseline; landing page shows a positive historical signal,543
b45357b8257d2ec975e90db3da32947e,2018-05-27,22c29808c4f815213303f8933030604c,social,0,2018,5,6,0.6831844180274349,1018,63,0.06275891136801541,694.0,135.0,0.192078081232493,NEGATIVE,STRONG,0.4608780493365626,MEDIUM,Review and follow up based on capacity,origin historically converts below baseline; landing page shows a strong historical signal,544
9dc8c63495af559018c3a33fa4ee71f4,2018-05-20,22c29808c4f815213303f8933030604c,social,0,2018,5,6,0.6831844180274349,1018,63,0.06275891136801541,694.0,135.0,0.192078081232493,NEGATIVE,STRONG,0.4608780493365626,MEDIUM,Review and follow up based on capacity,origin historically converts below baseline; landing page shows a strong historical signal,545
60ff8e3e762262c7e36740e111c0aa61,2018-05-20,22c29808c4f815213303f8933030604c,social,0,2018,5,6,0.6831844180274349,1018,63,0.06275891136801541,694.0,135.0,0.192078081232493,NEGATIVE,STRONG,0.4608780493365626,MEDIUM,Review and follow up based on capacity,origin historically converts below baseline; landing page shows a strong historical signal,546
fe1e7a6ec9a1b0684752d2f5c02677dd,2018-04-29,a7982125ff7aa3b2054c6e44f9d28522,organic_search,0,2018,4,6,0.6859283475743065,1869,222,0.11865735839068291,124.0,15.0,0.11905381944444444,POSITIVE,POSITIVE,0.4590992441116094,MEDIUM,Review and follow up based on capacity,origin shows a positive conversion signal; landing page shows a positive historical signal,547
012849d3021dca5ddefa4d967324caeb,2018-05-12,22c29808c4f815213303f8933030604c,social,0,2018,5,5,0.6800026919397769,1018,63,0.06275891136801541,694.0,135.0,0.192078081232493,NEGATIVE,STRONG,0.4589690136839678,MEDIUM,Review and follow up based on capacity,origin historically converts below baseline; landing page shows a strong historical signal,548
e562c0deb50e01ea8306d21282d54d26,2018-05-22,bdaeb752e5c3caa215ebe04c61e22325,paid_search,0,2018,5,1,0.6771821929535484,1263,158,0.1248197583787997,19.0,3.0,0.13189102564102567,POSITIVE,POSITIVE,0.4576514725760941,MEDIUM,Review and follow up based on capacity,origin shows a positive conversion signal; landing page shows a positive historical signal,549
f72ea1e6ece2fdaf44afdde14a71f5b0,2018-05-15,0b9430edcbf2d9a95148c806af2b6699,paid_search,0,2018,5,1,0.6735079375441203,1263,158,0.1248197583787997,4.0,1.0,0.13098958333333335,POSITIVE,LIMITED,0.45526663086889874,MEDIUM,Review and follow up based on capacity,origin shows a positive conversion signal,550
3a1f43d84d14dbfe63867595caff9b93,2018-05-17,22c29808c4f815213303f8933030604c,social,0,2018,5,3,0.6735889406297094,1018,63,0.06275891136801541,694.0,135.0,0.192078081232493,NEGATIVE,STRONG,0.4551207628979273,MEDIUM,Review and follow up based on capacity,origin historically converts below baseline; landing page shows a strong historical signal,551
c18961bb80e7f3191e559a807c285346,2018-05-17,22c29808c4f815213303f8933030604c,social,0,2018,5,3,0.6735889406297094,1018,63,0.06275891136801541,694.0,135.0,0.192078081232493,NEGATIVE,STRONG,0.4551207628979273,MEDIUM,Review and follow up based on capacity,origin historically converts below baseline; landing page shows a strong historical signal,552
9bad02571a0355e4a035c155db391fcc,2018-05-28,0b353d6bc27566f1d238313c33d95f56,organic_search,0,2018,5,0,0.6716752422842821,1869,222,0.11865735839068291,3.0,1.0,0.13668478260869565,POSITIVE,LIMITED,0.454073573570445,MEDIUM,Review and follow up based on capacity,origin shows a positive conversion signal,553
1694d213f1a463560a0a1b142de02296,2018-05-09,22c29808c4f815213303f8933030604c,social,0,2018,5,2,0.6703573461213692,1018,63,0.06275891136801541,694.0,135.0,0.192078081232493,NEGATIVE,STRONG,0.4531818061929232,MEDIUM,Review and follow up based on capacity,origin historically converts below baseline; landing page shows a strong historical signal,554
161a5db437806287845f5ae3bb3c7be5,2018-05-20,22c29808c4f815213303f8933030604c,referral,0,2018,5,6,0.6662330597877749,219,15,0.07173117154811716,694.0,135.0,0.192078081232493,NEGATIVE,STRONG,0.45250168642878696,MEDIUM,Review and follow up based on capacity,origin historically converts below baseline; landing page shows a strong historical signal,555
0582a842e557634c641d6117fa862e24,2018-05-20,22c29808c4f815213303f8933030604c,referral,0,2018,5,6,0.6662330597877749,219,15,0.07173117154811716,694.0,135.0,0.192078081232493,NEGATIVE,STRONG,0.45250168642878696,MEDIUM,Review and follow up based on capacity,origin historically converts below baseline; landing page shows a strong historical signal,556
9d40c1970d3d8f7224664a8a6523c0ea,2018-05-03,0218f6be0b76aca72ab4d00ee9e8cf10,organic_search,0,2018,5,3,0.6691284534398144,1869,222,0.11865735839068291,42.0,6.0,0.13135080645161293,POSITIVE,POSITIVE,0.4514787050323479,MEDIUM,Review and follow up based on capacity,origin shows a positive conversion signal; landing page shows a positive historical signal,557
5ce1696154c224dd56c13b37e0f2c618,2018-05-05,22c29808c4f815213303f8933030604c,referral,0,2018,5,5,0.6629650782573102,219,15,0.07173117154811716,694.0,135.0,0.192078081232493,NEGATIVE,STRONG,0.45054089751050813,MEDIUM,Review and follow up based on capacity,origin historically converts below baseline; landing page shows a strong historical signal,558
adf61af6bf17e13d368bb0c47452b4f7,2018-05-02,0218f6be0b76aca72ab4d00ee9e8cf10,organic_search,0,2018,5,2,0.6658746036810135,1869,222,0.11865735839068291,42.0,6.0,0.13135080645161293,POSITIVE,POSITIVE,0.4495263951770673,MEDIUM,Review and follow up based on capacity,origin shows a positive conversion signal; landing page shows a positive historical signal,559
de615d957b9c5f4b8fd48893f7267a15,2018-05-25,22c29808c4f815213303f8933030604c,referral,1,2018,5,4,0.6596814438784991,219,15,0.07173117154811716,694.0,135.0,0.192078081232493,NEGATIVE,STRONG,0.44857071688322153,MEDIUM,Review and follow up based on capacity,origin historically converts below baseline; landing page shows a strong historical signal,560
cfa24dfc286adcb9975766587623be62,2018-05-18,22c29808c4f815213303f8933030604c,referral,0,2018,5,4,0.6596814438784991,219,15,0.07173117154811716,694.0,135.0,0.192078081232493,NEGATIVE,STRONG,0.44857071688322153,MEDIUM,Review and follow up based on capacity,origin historically converts below baseline; landing page shows a strong historical signal,561
ca5b658462069fbcf6db37967b8c9cec,2018-05-04,22c29808c4f815213303f8933030604c,referral,0,2018,5,4,0.6596814438784991,219,15,0.07173117154811716,694.0,135.0,0.192078081232493,NEGATIVE,STRONG,0.44857071688322153,MEDIUM,Review and follow up based on capacity,origin historically converts below baseline; landing page shows a strong historical signal,562
dcebacc996ed40656c7097704c600386,2018-05-04,22c29808c4f815213303f8933030604c,referral,1,2018,5,4,0.6596814438784991,219,15,0.07173117154811716,694.0,135.0,0.192078081232493,NEGATIVE,STRONG,0.44857071688322153,MEDIUM,Review and follow up based on capacity,origin historically converts below baseline; landing page shows a strong historical signal,563
f44829a144731e7d5518b625124e3520,2018-04-29,0b9430edcbf2d9a95148c806af2b6699,paid_search,0,2018,4,6,0.6618739254083688,1263,158,0.1248197583787997,4.0,1.0,0.13098958333333335,POSITIVE,LIMITED,0.44828622358744785,MEDIUM,Review and follow up based on capacity,origin shows a positive conversion signal,564
206116d9f79049ae26fe3c8d62f135ff,2018-04-30,a7982125ff7aa3b2054c6e44f9d28522,organic_search,0,2018,4,0,0.6666755414379583,1869,222,0.11865735839068291,124.0,15.0,0.11905381944444444,POSITIVE,POSITIVE,0.4475475604298005,MEDIUM,Review and follow up based on capacity,origin shows a positive conversion signal; landing page shows a positive historical signal,565
b952172111c8ee9611f15f35632f4c6a,2018-04-25,0218f6be0b76aca72ab4d00ee9e8cf10,paid_search,0,2018,4,2,0.6601075703570378,1263,158,0.1248197583787997,42.0,6.0,0.13135080645161293,POSITIVE,POSITIVE,0.4472986551803052,MEDIUM,Review and follow up based on capacity,origin shows a positive conversion signal; landing page shows a positive historical signal,566
cab49b7c26182e5279f969f606792866,2018-05-20,5dc848e7dd9418dffe183215b8ff0bc1,paid_search,0,2018,5,6,0.6587935891196717,1263,158,0.1248197583787997,11.0,2.0,0.1336693548387097,POSITIVE,POSITIVE,0.44697397611530487,MEDIUM,Review and follow up based on capacity,origin shows a positive conversion signal; landing page shows a positive historical signal,567
40025295e30fc6de2015af73793e583b,2018-05-20,5dc848e7dd9418dffe183215b8ff0bc1,paid_search,0,2018,5,6,0.6587935891196717,1263,158,0.1248197583787997,11.0,2.0,0.1336693548387097,POSITIVE,POSITIVE,0.44697397611530487,MEDIUM,Review and follow up based on capacity,origin shows a positive conversion signal; landing page shows a positive historical signal,568
1360d3a80eca6292f33a04f7aebb5fee,2018-05-31,22c29808c4f815213303f8933030604c,referral,1,2018,5,3,0.656382399326374,219,15,0.07173117154811716,694.0,135.0,0.192078081232493,NEGATIVE,STRONG,0.44659129015194643,MEDIUM,Review and follow up based on capacity,origin historically converts below baseline; landing page shows a strong historical signal,569
409b474080e928bbb5664659407b5947,2018-05-05,5dc848e7dd9418dffe183215b8ff0bc1,paid_search,1,2018,5,5,0.6554904325243645,1263,158,0.1248197583787997,11.0,2.0,0.1336693548387097,POSITIVE,POSITIVE,0.4449920821581205,MEDIUM,Review and follow up based on capacity,origin shows a positive conversion signal; landing page shows a positive historical signal,570
0c126e39f8d63756107d6c86751c9e7e,2018-05-05,5dc848e7dd9418dffe183215b8ff0bc1,paid_search,0,2018,5,5,0.6554904325243645,1263,158,0.1248197583787997,11.0,2.0,0.1336693548387097,POSITIVE,POSITIVE,0.4449920821581205,MEDIUM,Review and follow up based on capacity,origin shows a positive conversion signal; landing page shows a positive historical signal,571
739befafbab95d66b36ab14e9f04f86e,2018-05-19,5dc848e7dd9418dffe183215b8ff0bc1,paid_search,0,2018,5,5,0.6554904325243645,1263,158,0.1248197583787997,11.0,2.0,0.1336693548387097,POSITIVE,POSITIVE,0.4449920821581205,MEDIUM,Review and follow up based on capacity,origin shows a positive conversion signal; landing page shows a positive historical signal,572
9e06933b93b8ec7f863656f6f08f0417,2018-05-26,5dc848e7dd9418dffe183215b8ff0bc1,paid_search,0,2018,5,5,0.6554904325243645,1263,158,0.1248197583787997,11.0,2.0,0.1336693548387097,POSITIVE,POSITIVE,0.4449920821581205,MEDIUM,Review and follow up based on capacity,origin shows a positive conversion signal; landing page shows a positive historical signal,573
b5257afcdc69a68eda5bbe0556674ce0,2018-05-02,1ceb590cd1e00c7ee95220971f82693d,unknown,0,2018,5,2,0.6446633016851548,905,148,0.16231756756756757,28.0,4.0,0.1279947916666667,STRONG,POSITIVE,0.44486045285793974,MEDIUM,Review and follow up based on capacity,origin historically converts above baseline; landing page shows a positive historical signal,574
b56669fbdab303dea8afe5483fe4c3ad,2018-04-25,1baca9df5850e5ba75545d8b2eb8d966,organic_search,0,2018,4,2,0.6524246459387582,1869,222,0.11865735839068291,8.0,2.0,0.14799107142857146,POSITIVE,LIMITED,0.44478447352710576,MEDIUM,Review and follow up based on capacity,origin shows a positive conversion signal,575
fc0a87e43ede1f423412583293815598,2018-05-16,22c29808c4f815213303f8933030604c,referral,1,2018,5,2,0.6530681928864985,219,15,0.07173117154811716,694.0,135.0,0.192078081232493,NEGATIVE,STRONG,0.44460276628802115,MEDIUM,Review and follow up based on capacity,origin historically converts below baseline; landing page shows a strong historical signal,576
1d015de3059eb8754a365b5bbc735818,2018-05-23,22c29808c4f815213303f8933030604c,referral,1,2018,5,2,0.6530681928864985,219,15,0.07173117154811716,694.0,135.0,0.192078081232493,NEGATIVE,STRONG,0.44460276628802115,MEDIUM,Review and follow up based on capacity,origin historically converts below baseline; landing page shows a strong historical signal,577
26f17e8dbf8c2c06485d08cb0bd067e3,2018-05-23,22c29808c4f815213303f8933030604c,referral,0,2018,5,2,0.6530681928864985,219,15,0.07173117154811716,694.0,135.0,0.192078081232493,NEGATIVE,STRONG,0.44460276628802115,MEDIUM,Review and follow up based on capacity,origin historically converts below baseline; landing page shows a strong historical signal,578
daf133207e15777509621aaa83cb54fb,2018-05-23,22c29808c4f815213303f8933030604c,referral,0,2018,5,2,0.6530681928864985,219,15,0.07173117154811716,694.0,135.0,0.192078081232493,NEGATIVE,STRONG,0.44460276628802115,MEDIUM,Review and follow up based on capacity,origin historically converts below baseline; landing page shows a strong historical signal,579
58366cc25c833fe7ec47bdf70c996182,2018-05-30,22c29808c4f815213303f8933030604c,referral,0,2018,5,2,0.6530681928864985,219,15,0.07173117154811716,694.0,135.0,0.192078081232493,NEGATIVE,STRONG,0.44460276628802115,MEDIUM,Review and follow up based on capacity,origin historically converts below baseline; landing page shows a strong historical signal,580
0b99bbe436f28d115e4438efd42eeeea,2018-05-23,22c29808c4f815213303f8933030604c,referral,0,2018,5,2,0.6530681928864985,219,15,0.07173117154811716,694.0,135.0,0.192078081232493,NEGATIVE,STRONG,0.44460276628802115,MEDIUM,Review and follow up based on capacity,origin historically converts below baseline; landing page shows a strong historical signal,581
bc060de03aa94c7edf5e6b4f1755c1f0,2018-05-16,22c29808c4f815213303f8933030604c,referral,0,2018,5,2,0.6530681928864985,219,15,0.07173117154811716,694.0,135.0,0.192078081232493,NEGATIVE,STRONG,0.44460276628802115,MEDIUM,Review and follow up based on capacity,origin historically converts below baseline; landing page shows a strong historical signal,582
2c439bc245533a95d51329968b9b26be,2018-04-26,1baca9df5850e5ba75545d8b2eb8d966,direct_traffic,0,2018,4,3,0.6501219314657648,406,48,0.11770833333333333,8.0,2.0,0.14799107142857146,POSITIVE,LIMITED,0.44321303983183985,MEDIUM,Review and follow up based on capacity,origin shows a positive conversion signal,583
27848a3b8b38339b73bc30ff9deff7a2,2018-04-26,0b353d6bc27566f1d238313c33d95f56,organic_search,0,2018,4,3,0.6533986603836979,1869,222,0.11865735839068291,3.0,1.0,0.13668478260869565,POSITIVE,LIMITED,0.44310762443009444,MEDIUM,Review and follow up based on capacity,origin shows a positive conversion signal,584
7d2578091727918ed91a5bcf8639543a,2018-05-18,5dc848e7dd9418dffe183215b8ff0bc1,paid_search,0,2018,5,4,0.6521721819283153,1263,158,0.1248197583787997,11.0,2.0,0.1336693548387097,POSITIVE,POSITIVE,0.443001131800491,MEDIUM,Review and follow up based on capacity,origin shows a positive conversion signal; landing page shows a positive historical signal,585
ebc84c78cf306a9df6ae897754eb76e5,2018-05-18,5dc848e7dd9418dffe183215b8ff0bc1,paid_search,0,2018,5,4,0.6521721819283153,1263,158,0.1248197583787997,11.0,2.0,0.1336693548387097,POSITIVE,POSITIVE,0.443001131800491,MEDIUM,Review and follow up based on capacity,origin shows a positive conversion signal; landing page shows a positive historical signal,586
94df92c67698963892f60d2555502330,2018-05-25,5dc848e7dd9418dffe183215b8ff0bc1,paid_search,0,2018,5,4,0.6521721819283153,1263,158,0.1248197583787997,11.0,2.0,0.1336693548387097,POSITIVE,POSITIVE,0.443001131800491,MEDIUM,Review and follow up based on capacity,origin shows a positive conversion signal; landing page shows a positive historical signal,587
1274aec8ad9b0ae128e3c7ed01b3bd0a,2018-05-15,1ceb590cd1e00c7ee95220971f82693d,unknown,0,2018,5,1,0.6412978337348593,905,148,0.16231756756756757,28.0,4.0,0.1279947916666667,STRONG,POSITIVE,0.4428411720877624,MEDIUM,Review and follow up based on capacity,origin historically converts above baseline; landing page shows a positive historical signal,588
e3c91316d8f28b18d96869aebbb7c3ec,2018-05-16,0b9430edcbf2d9a95148c806af2b6699,organic_search,1,2018,5,2,0.6544876624231267,1869,222,0.11865735839068291,4.0,1.0,0.13098958333333335,POSITIVE,LIMITED,0.4426219857986793,MEDIUM,Review and follow up based on capacity,origin shows a positive conversion signal,589
1ed9b5733d23ac86bef5bcda662c56b6,2018-05-29,22c29808c4f815213303f8933030604c,referral,0,2018,5,1,0.6497390784053395,219,15,0.07173117154811716,694.0,135.0,0.192078081232493,NEGATIVE,STRONG,0.4426052975993257,MEDIUM,Review and follow up based on capacity,origin historically converts below baseline; landing page shows a strong historical signal,590
fd6052d4a1153f0cfb12aa6ff1a39a97,2018-05-22,22c29808c4f815213303f8933030604c,referral,0,2018,5,1,0.6497390784053395,219,15,0.07173117154811716,694.0,135.0,0.192078081232493,NEGATIVE,STRONG,0.4426052975993257,MEDIUM,Review and follow up based on capacity,origin historically converts below baseline; landing page shows a strong historical signal,591
8d57c03206c460f9e9637e46b8337713,2018-05-19,5dc848e7dd9418dffe183215b8ff0bc1,,0,2018,5,5,0.6325870145208639,42,9,0.17973790322580646,11.0,2.0,0.1336693548387097,STRONG,POSITIVE,0.44223366032542155,MEDIUM,Review and follow up based on capacity,origin historically converts above baseline; landing page shows a positive historical signal,592
2c5d7eba7610493f33dd6b68d75ef87c,2018-05-28,007f9098284a86ee80ddeb25d53e0af8,organic_search,0,2018,5,0,0.6709444091857124,1869,222,0.11865735839068291,63.0,4.0,0.0740210843373494,POSITIVE,NEGATIVE,0.4411023340570339,MEDIUM,Review and follow up based on capacity,origin shows a positive conversion signal; landing page shows a negative historical signal,593
253d8f9b33687d611943f3d57e67f729,2018-05-21,bdaeb752e5c3caa215ebe04c61e22325,organic_search,0,2018,5,0,0.651641140897889,1869,222,0.11865735839068291,19.0,3.0,0.13189102564102567,POSITIVE,POSITIVE,0.4410943613450752,MEDIUM,Review and follow up based on capacity,origin shows a positive conversion signal; landing page shows a positive historical signal,594
e658047c67a80c47b5ba982ab520b59a,2018-05-17,5dc848e7dd9418dffe183215b8ff0bc1,paid_search,0,2018,5,3,0.6488390926680908,1263,158,0.1248197583787997,11.0,2.0,0.1336693548387097,POSITIVE,POSITIVE,0.44100127824435637,MEDIUM,Review and follow up based on capacity,origin shows a positive conversion signal; landing page shows a positive historical signal,595
0a27d42aa8dba19f9cf326cf6620b29a,2018-04-24,007f9098284a86ee80ddeb25d53e0af8,paid_search,0,2018,4,1,0.6684779328352997,1263,158,0.1248197583787997,63.0,4.0,0.0740210843373494,POSITIVE,NEGATIVE,0.4408549282444096,MEDIUM,Review and follow up based on capacity,origin shows a positive conversion signal; landing page shows a negative historical signal,596
b2f96bd2d5b473224a9d859ddbc663bd,2018-05-01,0b9430edcbf2d9a95148c806af2b6699,organic_search,0,2018,5,1,0.651164893336044,1869,222,0.11865735839068291,4.0,1.0,0.13098958333333335,POSITIVE,LIMITED,0.4406283243464296,MEDIUM,Review and follow up based on capacity,origin shows a positive conversion signal,597
7a8a53c680deb1b715a7dce9c0f75de0,2018-05-08,0b9430edcbf2d9a95148c806af2b6699,organic_search,0,2018,5,1,0.651164893336044,1869,222,0.11865735839068291,4.0,1.0,0.13098958333333335,POSITIVE,LIMITED,0.4406283243464296,MEDIUM,Review and follow up based on capacity,origin shows a positive conversion signal,598
d54d63fb8fc496a8fe130011a4c46ed8,2018-05-28,22c29808c4f815213303f8933030604c,referral,0,2018,5,0,0.6463953152365891,219,15,0.07173117154811716,694.0,135.0,0.192078081232493,NEGATIVE,STRONG,0.4405990396980755,MEDIUM,Review and follow up based on capacity,origin historically converts below baseline; landing page shows a strong historical signal,599
954674fb3cb3c5ca77dba84adad450de,2018-05-07,22c29808c4f815213303f8933030604c,referral,0,2018,5,0,0.6463953152365891,219,15,0.07173117154811716,694.0,135.0,0.192078081232493,NEGATIVE,STRONG,0.4405990396980755,MEDIUM,Review and follow up based on capacity,origin historically converts below baseline; landing page shows a strong historical signal,600
ac3f291f10e6cded34a8c10cce182b10,2018-05-28,22c29808c4f815213303f8933030604c,referral,0,2018,5,0,0.6463953152365891,219,15,0.07173117154811716,694.0,135.0,0.192078081232493,NEGATIVE,STRONG,0.4405990396980755,MEDIUM,Review and follow up based on capacity,origin historically converts below baseline; landing page shows a strong historical signal,601
3ebe2a87a58cf391399b0bf0cb53c8ae,2018-05-14,22c29808c4f815213303f8933030604c,referral,0,2018,5,0,0.6463953152365891,219,15,0.07173117154811716,694.0,135.0,0.192078081232493,NEGATIVE,STRONG,0.4405990396980755,MEDIUM,Review and follow up based on capacity,origin historically converts below baseline; landing page shows a strong historical signal,602
2a5e1c52752a71a87c5c2cc5d594dfc0,2018-05-07,35c9b150ab36fe584c1f24fd458c453a,unknown,0,2018,5,0,0.6363612828519277,905,148,0.16231756756756757,21.0,3.0,0.12545731707317076,STRONG,POSITIVE,0.4393717466393043,MEDIUM,Review and follow up based on capacity,origin historically converts above baseline; landing page shows a positive historical signal,603
5f010fad6c00df05938cc531126614c7,2018-05-09,5dc848e7dd9418dffe183215b8ff0bc1,paid_search,0,2018,5,2,0.64549142557232,1263,158,0.1248197583787997,11.0,2.0,0.1336693548387097,POSITIVE,POSITIVE,0.43899267798689384,MEDIUM,Review and follow up based on capacity,origin shows a positive conversion signal; landing page shows a positive historical signal,604
e13963f0c129b9da11f1e4721f423745,2018-05-23,5dc848e7dd9418dffe183215b8ff0bc1,paid_search,0,2018,5,2,0.64549142557232,1263,158,0.1248197583787997,11.0,2.0,0.1336693548387097,POSITIVE,POSITIVE,0.43899267798689384,MEDIUM,Review and follow up based on capacity,origin shows a positive conversion signal; landing page shows a positive historical signal,605
afacea90291a3389e605de5de080ed12,2018-05-09,5dc848e7dd9418dffe183215b8ff0bc1,paid_search,0,2018,5,2,0.64549142557232,1263,158,0.1248197583787997,11.0,2.0,0.1336693548387097,POSITIVE,POSITIVE,0.43899267798689384,MEDIUM,Review and follow up based on capacity,origin shows a positive conversion signal; landing page shows a positive historical signal,606
88c84d1e17f5ccc985deb49af978e07a,2018-04-26,22c29808c4f815213303f8933030604c,social,0,2018,4,3,0.6453635393027951,1018,63,0.06275891136801541,694.0,135.0,0.192078081232493,NEGATIVE,STRONG,0.43818552210177875,MEDIUM,Review and follow up based on capacity,origin historically converts below baseline; landing page shows a strong historical signal,607
450f494136d806344675040a107518cd,2018-04-30,0b353d6bc27566f1d238313c33d95f56,organic_search,0,2018,4,0,0.6433719728706376,1869,222,0.11865735839068291,3.0,1.0,0.13668478260869565,POSITIVE,LIMITED,0.4370916119222583,MEDIUM,Review and follow up based on capacity,origin shows a positive conversion signal,608
7bc6fd37ca955009b464c9918ada8719,2018-05-08,5dc848e7dd9418dffe183215b8ff0bc1,paid_search,0,2018,5,1,0.6421294469028708,1263,158,0.1248197583787997,11.0,2.0,0.1336693548387097,POSITIVE,POSITIVE,0.4369754907852243,MEDIUM,Review and follow up based on capacity,origin shows a positive conversion signal; landing page shows a positive historical signal,609
c73f4d8f3e0c84920eef1464c4c73cb8,2018-05-01,5dc848e7dd9418dffe183215b8ff0bc1,paid_search,0,2018,5,1,0.6421294469028708,1263,158,0.1248197583787997,11.0,2.0,0.1336693548387097,POSITIVE,POSITIVE,0.4369754907852243,MEDIUM,Review and follow up based on capacity,origin shows a positive conversion signal; landing page shows a positive historical signal,610
9dff9ab17beb0a69734bac543900c536,2018-05-08,5dc848e7dd9418dffe183215b8ff0bc1,paid_search,0,2018,5,1,0.6421294469028708,1263,158,0.1248197583787997,11.0,2.0,0.1336693548387097,POSITIVE,POSITIVE,0.4369754907852243,MEDIUM,Review and follow up based on capacity,origin shows a positive conversion signal; landing page shows a positive historical signal,611
6ebaea9076291d5b4ce3bf24a1c59395,2018-05-16,37cf94070e940a694969304de58debe1,other_publicities,0,2018,5,2,0.6536720804764984,55,3,0.06858333333333334,7.0,2.0,0.15347222222222226,NEGATIVE,LIMITED,0.43661435939701015,MEDIUM,Review and follow up based on capacity,origin historically converts below baseline,612
bc79c67c7b22cbc0cf25abf756cd7e52,2018-05-10,40dec9f3d5259a3d2dbcdab2114fae47,social,0,2018,5,3,0.6419706761937957,1018,63,0.06275891136801541,275.0,55.0,0.19370762711864406,NEGATIVE,STRONG,0.4364757134136093,MEDIUM,Review and follow up based on capacity,origin historically converts below baseline; landing page shows a strong historical signal,613
b8e4e4a2f63a80248fbe27cf57a24b34,2018-05-18,37cf94070e940a694969304de58debe1,referral,0,2018,5,4,0.6520964047097813,219,15,0.07173117154811716,7.0,2.0,0.15347222222222226,NEGATIVE,LIMITED,0.43629852157993665,MEDIUM,Review and follow up based on capacity,origin historically converts below baseline,614
f6a55a2a55a160ba72bb9acdfccf164e,2018-04-29,22c29808c4f815213303f8933030604c,referral,0,2018,4,6,0.6377136919947396,219,15,0.07173117154811716,694.0,135.0,0.192078081232493,NEGATIVE,STRONG,0.4353900657529658,MEDIUM,Review and follow up based on capacity,origin historically converts below baseline; landing page shows a strong historical signal,615
52427b6097c05044266c10cf110bb16c,2018-04-29,22c29808c4f815213303f8933030604c,referral,1,2018,4,6,0.6377136919947396,219,15,0.07173117154811716,694.0,135.0,0.192078081232493,NEGATIVE,STRONG,0.4353900657529658,MEDIUM,Review and follow up based on capacity,origin historically converts below baseline; landing page shows a strong historical signal,616
9e57be5389ed6ba4e95ec7bdd5ff9f2f,2018-05-28,5dc848e7dd9418dffe183215b8ff0bc1,paid_search,0,2018,5,0,0.638753428291976,1263,158,0.1248197583787997,11.0,2.0,0.1336693548387097,POSITIVE,POSITIVE,0.4349498796186875,MEDIUM,Review and follow up based on capacity,origin shows a positive conversion signal; landing page shows a positive historical signal,617
8f8ec9e69f21033556ac3e2950b7a538,2018-05-28,5dc848e7dd9418dffe183215b8ff0bc1,paid_search,0,2018,5,0,0.638753428291976,1263,158,0.1248197583787997,11.0,2.0,0.1336693548387097,POSITIVE,POSITIVE,0.4349498796186875,MEDIUM,Review and follow up based on capacity,origin shows a positive conversion signal; landing page shows a positive historical signal,618
9588bf5a0386ffed13edebe714ee75e5,2018-05-07,5dc848e7dd9418dffe183215b8ff0bc1,paid_search,0,2018,5,0,0.638753428291976,1263,158,0.1248197583787997,11.0,2.0,0.1336693548387097,POSITIVE,POSITIVE,0.4349498796186875,MEDIUM,Review and follow up based on capacity,origin shows a positive conversion signal; landing page shows a positive historical signal,619
e94973dff35019bfc7ecb83adec7be44,2018-05-21,5dc848e7dd9418dffe183215b8ff0bc1,paid_search,0,2018,5,0,0.638753428291976,1263,158,0.1248197583787997,11.0,2.0,0.1336693548387097,POSITIVE,POSITIVE,0.4349498796186875,MEDIUM,Review and follow up based on capacity,origin shows a positive conversion signal; landing page shows a positive historical signal,620
a9588e180ff6d0bf6396566a35e9f36f,2018-05-26,40dec9f3d5259a3d2dbcdab2114fae47,referral,0,2018,5,5,0.6308816499248439,219,15,0.07173117154811716,275.0,55.0,0.19370762711864406,NEGATIVE,STRONG,0.4316167496882586,MEDIUM,Review and follow up based on capacity,origin historically converts below baseline; landing page shows a strong historical signal,621
88227a1a686875aa865d7ecc55d440c4,2018-04-27,22c29808c4f815213303f8933030604c,referral,0,2018,4,4,0.6309123936938128,219,15,0.07173117154811716,694.0,135.0,0.192078081232493,NEGATIVE,STRONG,0.4313092867724097,MEDIUM,Review and follow up based on capacity,origin historically converts below baseline; landing page shows a strong historical signal,622
32fb0afb79c483a66f39391a80354f8c,2018-05-29,2228a43ac0bc372e25f9569e69fc9015,paid_search,0,2018,5,1,0.6401779280483377,1263,158,0.1248197583787997,19.0,2.0,0.10625000000000002,POSITIVE,NEUTRAL,0.43032070850476256,MEDIUM,Review and follow up based on capacity,origin shows a positive conversion signal,623
a727afed2900c4a8b9d5d393a691419a,2018-04-30,0218f6be0b76aca72ab4d00ee9e8cf10,organic_search,0,2018,4,0,0.6305370403570709,1869,222,0.11865735839068291,42.0,6.0,0.13135080645161293,POSITIVE,POSITIVE,0.4283238571827017,MEDIUM,Review and follow up based on capacity,origin shows a positive conversion signal; landing page shows a positive historical signal,624
87760659a610879e83b0cb7684dc821e,2018-05-25,5dc848e7dd9418dffe183215b8ff0bc1,organic_search,0,2018,5,4,0.6291729621709069,1869,222,0.11865735839068291,11.0,2.0,0.1336693548387097,POSITIVE,POSITIVE,0.4279691199484227,MEDIUM,Review and follow up based on capacity,origin shows a positive conversion signal; landing page shows a positive historical signal,625
60466bdf7f23352d678d2c69674917d1,2018-05-25,5dc848e7dd9418dffe183215b8ff0bc1,organic_search,0,2018,5,4,0.6291729621709069,1869,222,0.11865735839068291,11.0,2.0,0.1336693548387097,POSITIVE,POSITIVE,0.4279691199484227,MEDIUM,Review and follow up based on capacity,origin shows a positive conversion signal; landing page shows a positive historical signal,626
363d93b89826b0bde38f57bd7bf52e20,2018-05-10,5dc848e7dd9418dffe183215b8ff0bc1,organic_search,0,2018,5,3,0.6257459545824186,1869,222,0.11865735839068291,11.0,2.0,0.1336693548387097,POSITIVE,POSITIVE,0.42591291539532966,MEDIUM,Review and follow up based on capacity,origin shows a positive conversion signal; landing page shows a positive historical signal,627
822f723bda1311c1e8864206b4d865e4,2018-05-16,40dec9f3d5259a3d2dbcdab2114fae47,referral,0,2018,5,2,0.6205818261472813,219,15,0.07173117154811716,275.0,55.0,0.19370762711864406,NEGATIVE,STRONG,0.42543685542172105,MEDIUM,Review and follow up based on capacity,origin historically converts below baseline; landing page shows a strong historical signal,628
73751fa59c3cfa96c7d3330adb106066,2018-05-27,7fa6214d82e911d070f51ef79381b956,referral,0,2018,5,6,0.6359916230401469,219,15,0.07173117154811716,50.0,8.0,0.1449107142857143,NEGATIVE,STRONG,0.42492335099085443,MEDIUM,Review and follow up based on capacity,origin historically converts below baseline; landing page shows a strong historical signal,629
eeb5561fc3656ff7933e06dee6f691ea,2018-05-13,35c9b150ab36fe584c1f24fd458c453a,paid_search,0,2018,5,6,0.6245050175576895,1263,158,0.1248197583787997,21.0,3.0,0.12545731707317076,POSITIVE,POSITIVE,0.42475842562500776,MEDIUM,Review and follow up based on capacity,origin shows a positive conversion signal; landing page shows a positive historical signal,630
271a299f0893b2173e77162c5c768b89,2018-05-19,1ceb590cd1e00c7ee95220971f82693d,paid_search,1,2018,5,5,0.6226446297047611,1263,158,0.1248197583787997,28.0,4.0,0.1279947916666667,POSITIVE,POSITIVE,0.42414968783194995,MEDIUM,Review and follow up based on capacity,origin shows a positive conversion signal; landing page shows a positive historical signal,631
f2e46b57c887314c461b477fdb838122,2018-05-26,1ceb590cd1e00c7ee95220971f82693d,paid_search,0,2018,5,5,0.6226446297047611,1263,158,0.1248197583787997,28.0,4.0,0.1279947916666667,POSITIVE,POSITIVE,0.42414968783194995,MEDIUM,Review and follow up based on capacity,origin shows a positive conversion signal; landing page shows a positive historical signal,632
3d2c7bb8be9ea80c1477b6778fbd2cf6,2018-05-12,1ceb590cd1e00c7ee95220971f82693d,paid_search,1,2018,5,5,0.6226446297047611,1263,158,0.1248197583787997,28.0,4.0,0.1279947916666667,POSITIVE,POSITIVE,0.42414968783194995,MEDIUM,Review and follow up based on capacity,origin shows a positive conversion signal; landing page shows a positive historical signal,633
4dd9f2351f5b9a8175321b87cc5e5be0,2018-05-19,1ceb590cd1e00c7ee95220971f82693d,paid_search,0,2018,5,5,0.6226446297047611,1263,158,0.1248197583787997,28.0,4.0,0.1279947916666667,POSITIVE,POSITIVE,0.42414968783194995,MEDIUM,Review and follow up based on capacity,origin shows a positive conversion signal; landing page shows a positive historical signal,634
80c713ef32f2cb8ae3361dbd27a9c81b,2018-05-25,b76ef37428e6799c421989521c0e5077,social,0,2018,5,4,0.6230708130219582,1018,63,0.06275891136801541,735.0,140.0,0.1882698675496689,NEGATIVE,STRONG,0.4240482435967118,MEDIUM,Review and follow up based on capacity,origin historically converts below baseline; landing page shows a strong historical signal,635
09fc3fd7cf26523393428b92114831cb,2018-05-08,358adb2fee9a122549618e46925a00a5,other_publicities,0,2018,5,1,0.6270506390498894,55,3,0.06858333333333334,5.0,2.0,0.16575000000000004,NEGATIVE,LIMITED,0.4230970500966003,MEDIUM,Review and follow up based on capacity,origin historically converts below baseline,636
3498327ae8564a1191c4243b38616bf7,2018-05-18,1ceb590cd1e00c7ee95220971f82693d,paid_search,0,2018,5,4,0.6191938060860518,1263,158,0.1248197583787997,28.0,4.0,0.1279947916666667,POSITIVE,POSITIVE,0.42207919366072433,MEDIUM,Review and follow up based on capacity,origin shows a positive conversion signal; landing page shows a positive historical signal,637
286142eb41f5c745b97e5dd10782e008,2018-05-11,1ceb590cd1e00c7ee95220971f82693d,paid_search,0,2018,5,4,0.6191938060860518,1263,158,0.1248197583787997,28.0,4.0,0.1279947916666667,POSITIVE,POSITIVE,0.42207919366072433,MEDIUM,Review and follow up based on capacity,origin shows a positive conversion signal; landing page shows a positive historical signal,638
971b4cd5b83adf79dd26d9d518a67005,2018-05-18,1ceb590cd1e00c7ee95220971f82693d,paid_search,0,2018,5,4,0.6191938060860518,1263,158,0.1248197583787997,28.0,4.0,0.1279947916666667,POSITIVE,POSITIVE,0.42207919366072433,MEDIUM,Review and follow up based on capacity,origin shows a positive conversion signal; landing page shows a positive historical signal,639
3df7396cd096a478643b671713de26fb,2018-05-25,1ceb590cd1e00c7ee95220971f82693d,paid_search,0,2018,5,4,0.6191938060860518,1263,158,0.1248197583787997,28.0,4.0,0.1279947916666667,POSITIVE,POSITIVE,0.42207919366072433,MEDIUM,Review and follow up based on capacity,origin shows a positive conversion signal; landing page shows a positive historical signal,640
7c229eb911f585be823686b4cfccb35f,2018-05-25,1ceb590cd1e00c7ee95220971f82693d,paid_search,0,2018,5,4,0.6191938060860518,1263,158,0.1248197583787997,28.0,4.0,0.1279947916666667,POSITIVE,POSITIVE,0.42207919366072433,MEDIUM,Review and follow up based on capacity,origin shows a positive conversion signal; landing page shows a positive historical signal,641
6286bfc662a7bbd771e9531b3bc72b39,2018-05-29,5dc848e7dd9418dffe183215b8ff0bc1,organic_search,0,2018,5,1,0.6188542645662363,1869,222,0.11865735839068291,11.0,2.0,0.1336693548387097,POSITIVE,POSITIVE,0.42177790138562027,MEDIUM,Review and follow up based on capacity,origin shows a positive conversion signal; landing page shows a positive historical signal,642
a58bc8cfed4166df1e58739cf56c5a04,2018-04-26,c494978688ccf66ad9fad3d6a3338c22,organic_search,0,2018,4,3,0.6247587532324014,1869,222,0.11865735839068291,8.0,1.0,0.11227678571428572,POSITIVE,LIMITED,0.42104208076043453,MEDIUM,Review and follow up based on capacity,origin shows a positive conversion signal,643
99fc32e3c05e03597a692c4fd9a9d162,2018-05-11,7fa6214d82e911d070f51ef79381b956,referral,1,2018,5,4,0.6291767947393717,219,15,0.07173117154811716,50.0,8.0,0.1449107142857143,NEGATIVE,STRONG,0.4208344540103893,MEDIUM,Review and follow up based on capacity,origin historically converts below baseline; landing page shows a strong historical signal,644
2252b347a04841cf0c35467a47d2cc29,2018-05-25,35c9b150ab36fe584c1f24fd458c453a,paid_search,0,2018,5,4,0.6176044407911675,1263,158,0.1248197583787997,21.0,3.0,0.12545731707317076,POSITIVE,POSITIVE,0.42061807956509456,MEDIUM,Review and follow up based on capacity,origin shows a positive conversion signal; landing page shows a positive historical signal,645
fa9032f8af3c9bd9029241db3cc8a38b,2018-05-25,35c9b150ab36fe584c1f24fd458c453a,paid_search,0,2018,5,4,0.6176044407911675,1263,158,0.1248197583787997,21.0,3.0,0.12545731707317076,POSITIVE,POSITIVE,0.42061807956509456,MEDIUM,Review and follow up based on capacity,origin shows a positive conversion signal; landing page shows a positive historical signal,646
98f57d973e7f90b1b813f13e5ebd847c,2018-05-24,1ceb590cd1e00c7ee95220971f82693d,paid_search,1,2018,5,3,0.6157309010909428,1263,158,0.1248197583787997,28.0,4.0,0.1279947916666667,POSITIVE,POSITIVE,0.4200014506636589,MEDIUM,Review and follow up based on capacity,origin shows a positive conversion signal; landing page shows a positive historical signal,647
01705df5db71738be54c3a7969eb8390,2018-05-10,1ceb590cd1e00c7ee95220971f82693d,paid_search,0,2018,5,3,0.6157309010909428,1263,158,0.1248197583787997,28.0,4.0,0.1279947916666667,POSITIVE,POSITIVE,0.4200014506636589,MEDIUM,Review and follow up based on capacity,origin shows a positive conversion signal; landing page shows a positive historical signal,648
d9639bfd60f2dd0054317ba6e4f8fa40,2018-05-24,1ceb590cd1e00c7ee95220971f82693d,paid_search,0,2018,5,3,0.6157309010909428,1263,158,0.1248197583787997,28.0,4.0,0.1279947916666667,POSITIVE,POSITIVE,0.4200014506636589,MEDIUM,Review and follow up based on capacity,origin shows a positive conversion signal; landing page shows a positive historical signal,649
3e2c2f9925484cb63048d31ddc2564b9,2018-05-10,1ceb590cd1e00c7ee95220971f82693d,paid_search,0,2018,5,3,0.6157309010909428,1263,158,0.1248197583787997,28.0,4.0,0.1279947916666667,POSITIVE,POSITIVE,0.4200014506636589,MEDIUM,Review and follow up based on capacity,origin shows a positive conversion signal; landing page shows a positive historical signal,650
459a40cf7017c786a1112eaff835d34c,2018-05-03,1ceb590cd1e00c7ee95220971f82693d,paid_search,0,2018,5,3,0.6157309010909428,1263,158,0.1248197583787997,28.0,4.0,0.1279947916666667,POSITIVE,POSITIVE,0.4200014506636589,MEDIUM,Review and follow up based on capacity,origin shows a positive conversion signal; landing page shows a positive historical signal,651
e90925dc271ec13b3e8f0bf306759bd5,2018-05-03,1ceb590cd1e00c7ee95220971f82693d,paid_search,0,2018,5,3,0.6157309010909428,1263,158,0.1248197583787997,28.0,4.0,0.1279947916666667,POSITIVE,POSITIVE,0.4200014506636589,MEDIUM,Review and follow up based on capacity,origin shows a positive conversion signal; landing page shows a positive historical signal,652
1d50d2c72d133bf09d09cc73bbe2f5fd,2018-05-03,1ceb590cd1e00c7ee95220971f82693d,paid_search,0,2018,5,3,0.6157309010909428,1263,158,0.1248197583787997,28.0,4.0,0.1279947916666667,POSITIVE,POSITIVE,0.4200014506636589,MEDIUM,Review and follow up based on capacity,origin shows a positive conversion signal; landing page shows a positive historical signal,653
9d9f448d935a04af924537c9aae20e2f,2018-05-17,1ceb590cd1e00c7ee95220971f82693d,paid_search,0,2018,5,3,0.6157309010909428,1263,158,0.1248197583787997,28.0,4.0,0.1279947916666667,POSITIVE,POSITIVE,0.4200014506636589,MEDIUM,Review and follow up based on capacity,origin shows a positive conversion signal; landing page shows a positive historical signal,654
06908932bbf6e2930a902e9597fa5e58,2018-05-24,1ceb590cd1e00c7ee95220971f82693d,paid_search,0,2018,5,3,0.6157309010909428,1263,158,0.1248197583787997,28.0,4.0,0.1279947916666667,POSITIVE,POSITIVE,0.4200014506636589,MEDIUM,Review and follow up based on capacity,origin shows a positive conversion signal; landing page shows a positive historical signal,655
56e421575126bfe4c0592353bab5cfe6,2018-05-31,35c9b150ab36fe584c1f24fd458c453a,paid_search,1,2018,5,3,0.6141360894644312,1263,158,0.1248197583787997,21.0,3.0,0.12545731707317076,POSITIVE,POSITIVE,0.4185370687690528,MEDIUM,Review and follow up based on capacity,origin shows a positive conversion signal; landing page shows a positive historical signal,656
20b3a16b78ece9a01165504b7c0a1ace,2018-05-31,35c9b150ab36fe584c1f24fd458c453a,paid_search,0,2018,5,3,0.6141360894644312,1263,158,0.1248197583787997,21.0,3.0,0.12545731707317076,POSITIVE,POSITIVE,0.4185370687690528,MEDIUM,Review and follow up based on capacity,origin shows a positive conversion signal; landing page shows a positive historical signal,657
5290f86dffbdf4f7673878fe5a544535,2018-05-24,35c9b150ab36fe584c1f24fd458c453a,paid_search,0,2018,5,3,0.6141360894644312,1263,158,0.1248197583787997,21.0,3.0,0.12545731707317076,POSITIVE,POSITIVE,0.4185370687690528,MEDIUM,Review and follow up based on capacity,origin shows a positive conversion signal; landing page shows a positive historical signal,658
ce6b01e4cd4166124283f11b1a09fe8a,2018-05-24,35c9b150ab36fe584c1f24fd458c453a,paid_search,0,2018,5,3,0.6141360894644312,1263,158,0.1248197583787997,21.0,3.0,0.12545731707317076,POSITIVE,POSITIVE,0.4185370687690528,MEDIUM,Review and follow up based on capacity,origin shows a positive conversion signal; landing page shows a positive historical signal,659
2a58aa8243a51dda6dcde523c3565688,2018-05-30,1ceb590cd1e00c7ee95220971f82693d,paid_search,0,2018,5,2,0.6122562252467783,1263,158,0.1248197583787997,28.0,4.0,0.1279947916666667,POSITIVE,POSITIVE,0.4179166451571602,MEDIUM,Review and follow up based on capacity,origin shows a positive conversion signal; landing page shows a positive historical signal,660
e0bcbf50b9afa71ee130b94dfe8bcf2e,2018-05-02,1ceb590cd1e00c7ee95220971f82693d,paid_search,1,2018,5,2,0.6122562252467783,1263,158,0.1248197583787997,28.0,4.0,0.1279947916666667,POSITIVE,POSITIVE,0.4179166451571602,MEDIUM,Review and follow up based on capacity,origin shows a positive conversion signal; landing page shows a positive historical signal,661
045ce2e6853c2a1183f06fb5c0ed0850,2018-05-02,1ceb590cd1e00c7ee95220971f82693d,paid_search,0,2018,5,2,0.6122562252467783,1263,158,0.1248197583787997,28.0,4.0,0.1279947916666667,POSITIVE,POSITIVE,0.4179166451571602,MEDIUM,Review and follow up based on capacity,origin shows a positive conversion signal; landing page shows a positive historical signal,662
e2d5466377ae503933e23110e5942a3a,2018-05-02,1ceb590cd1e00c7ee95220971f82693d,paid_search,0,2018,5,2,0.6122562252467783,1263,158,0.1248197583787997,28.0,4.0,0.1279947916666667,POSITIVE,POSITIVE,0.4179166451571602,MEDIUM,Review and follow up based on capacity,origin shows a positive conversion signal; landing page shows a positive historical signal,663
21b4df59ea06deb09278bb2693ee08f8,2018-05-09,1ceb590cd1e00c7ee95220971f82693d,paid_search,0,2018,5,2,0.6122562252467783,1263,158,0.1248197583787997,28.0,4.0,0.1279947916666667,POSITIVE,POSITIVE,0.4179166451571602,MEDIUM,Review and follow up based on capacity,origin shows a positive conversion signal; landing page shows a positive historical signal,664
02d3da8fbcddd08b35d3a740f584d899,2018-05-09,1ceb590cd1e00c7ee95220971f82693d,paid_search,0,2018,5,2,0.6122562252467783,1263,158,0.1248197583787997,28.0,4.0,0.1279947916666667,POSITIVE,POSITIVE,0.4179166451571602,MEDIUM,Review and follow up based on capacity,origin shows a positive conversion signal; landing page shows a positive historical signal,665
732f9857d1f7f8f90232100a1d263a91,2018-05-23,1ceb590cd1e00c7ee95220971f82693d,paid_search,0,2018,5,2,0.6122562252467783,1263,158,0.1248197583787997,28.0,4.0,0.1279947916666667,POSITIVE,POSITIVE,0.4179166451571602,MEDIUM,Review and follow up based on capacity,origin shows a positive conversion signal; landing page shows a positive historical signal,666
9c2bfd97ce00ce9553bdc0f34c3532b6,2018-05-23,1ceb590cd1e00c7ee95220971f82693d,paid_search,1,2018,5,2,0.6122562252467783,1263,158,0.1248197583787997,28.0,4.0,0.1279947916666667,POSITIVE,POSITIVE,0.4179166451571602,MEDIUM,Review and follow up based on capacity,origin shows a positive conversion signal; landing page shows a positive historical signal,667
110878f7699ae319728029f4e7bbe81c,2018-04-27,733adfe409c752b5c200bf23fa2f22d0,paid_search,0,2018,4,4,0.6230029612239592,1263,158,0.1248197583787997,13.0,1.0,0.09526515151515152,POSITIVE,NEUTRAL,0.4178187587131657,MEDIUM,Review and follow up based on capacity,origin shows a positive conversion signal,668
26a6bd1ee535715480898b5e9ebd03a7,2018-05-02,35c9b150ab36fe584c1f24fd458c453a,paid_search,0,2018,5,2,0.6106561115096374,1263,158,0.1248197583787997,21.0,3.0,0.12545731707317076,POSITIVE,POSITIVE,0.4164490819961765,MEDIUM,Review and follow up based on capacity,origin shows a positive conversion signal; landing page shows a positive historical signal,669
49d3b4db2721b0aa94033cd2bbbdde43,2018-05-09,35c9b150ab36fe584c1f24fd458c453a,paid_search,0,2018,5,2,0.6106561115096374,1263,158,0.1248197583787997,21.0,3.0,0.12545731707317076,POSITIVE,POSITIVE,0.4164490819961765,MEDIUM,Review and follow up based on capacity,origin shows a positive conversion signal; landing page shows a positive historical signal,670
8eda503db8f01a5fe0006e1c27655211,2018-05-02,35c9b150ab36fe584c1f24fd458c453a,paid_search,0,2018,5,2,0.6106561115096374,1263,158,0.1248197583787997,21.0,3.0,0.12545731707317076,POSITIVE,POSITIVE,0.4164490819961765,MEDIUM,Review and follow up based on capacity,origin shows a positive conversion signal; landing page shows a positive historical signal,671
7fe6a2549dd3c145826cec43c82231f2,2018-05-02,35c9b150ab36fe584c1f24fd458c453a,paid_search,0,2018,5,2,0.6106561115096374,1263,158,0.1248197583787997,21.0,3.0,0.12545731707317076,POSITIVE,POSITIVE,0.4164490819961765,MEDIUM,Review and follow up based on capacity,origin shows a positive conversion signal; landing page shows a positive historical signal,672
03ea1650a51bb2cba14bb6fe15c12b46,2018-05-02,35c9b150ab36fe584c1f24fd458c453a,paid_search,0,2018,5,2,0.6106561115096374,1263,158,0.1248197583787997,21.0,3.0,0.12545731707317076,POSITIVE,POSITIVE,0.4164490819961765,MEDIUM,Review and follow up based on capacity,origin shows a positive conversion signal; landing page shows a positive historical signal,673
ab226bf7dc4eccb159825803a6726f3a,2018-05-09,35c9b150ab36fe584c1f24fd458c453a,paid_search,0,2018,5,2,0.6106561115096374,1263,158,0.1248197583787997,21.0,3.0,0.12545731707317076,POSITIVE,POSITIVE,0.4164490819961765,MEDIUM,Review and follow up based on capacity,origin shows a positive conversion signal; landing page shows a positive historical signal,674
62b91df0b51ee76ce66f2fa6874afbb8,2018-05-16,35c9b150ab36fe584c1f24fd458c453a,paid_search,0,2018,5,2,0.6106561115096374,1263,158,0.1248197583787997,21.0,3.0,0.12545731707317076,POSITIVE,POSITIVE,0.4164490819961765,MEDIUM,Review and follow up based on capacity,origin shows a positive conversion signal; landing page shows a positive historical signal,675
72321155cd8e47d3bb0f0801f5024f9f,2018-05-08,1ceb590cd1e00c7ee95220971f82693d,paid_search,0,2018,5,1,0.6087700937338332,1263,158,0.1248197583787997,28.0,4.0,0.1279947916666667,POSITIVE,POSITIVE,0.41582496624939314,MEDIUM,Review and follow up based on capacity,origin shows a positive conversion signal; landing page shows a positive historical signal,676
748fab8b7e42bd2467a07cbd200034b2,2018-05-15,1ceb590cd1e00c7ee95220971f82693d,paid_search,0,2018,5,1,0.6087700937338332,1263,158,0.1248197583787997,28.0,4.0,0.1279947916666667,POSITIVE,POSITIVE,0.41582496624939314,MEDIUM,Review and follow up based on capacity,origin shows a positive conversion signal; landing page shows a positive historical signal,677
06f9e96bd9cfa3a22ca321a53dece2f8,2018-05-22,1ceb590cd1e00c7ee95220971f82693d,paid_search,0,2018,5,1,0.6087700937338332,1263,158,0.1248197583787997,28.0,4.0,0.1279947916666667,POSITIVE,POSITIVE,0.41582496624939314,MEDIUM,Review and follow up based on capacity,origin shows a positive conversion signal; landing page shows a positive historical signal,678
a1dc88a49b4e8487ec802e857d5de7d4,2018-05-08,1ceb590cd1e00c7ee95220971f82693d,paid_search,0,2018,5,1,0.6087700937338332,1263,158,0.1248197583787997,28.0,4.0,0.1279947916666667,POSITIVE,POSITIVE,0.41582496624939314,MEDIUM,Review and follow up based on capacity,origin shows a positive conversion signal; landing page shows a positive historical signal,679
47cd9b242ad7a8e2ebc41a4ea69d2ca9,2018-05-28,b76ef37428e6799c421989521c0e5077,social,0,2018,5,0,0.6092021118396536,1018,63,0.06275891136801541,735.0,140.0,0.1882698675496689,NEGATIVE,STRONG,0.415727022887329,MEDIUM,Review and follow up based on capacity,origin historically converts below baseline; landing page shows a strong historical signal,680
a2b3cbe949d6c9cdd5e41ae444be14f5,2018-05-15,35c9b150ab36fe584c1f24fd458c453a,paid_search,0,2018,5,1,0.6071648242109079,1263,158,0.1248197583787997,21.0,3.0,0.12545731707317076,POSITIVE,POSITIVE,0.4143543096169388,MEDIUM,Review and follow up based on capacity,origin shows a positive conversion signal; landing page shows a positive historical signal,681
0df6570042b58ec026e899f45b8e840a,2018-05-15,35c9b150ab36fe584c1f24fd458c453a,paid_search,0,2018,5,1,0.6071648242109079,1263,158,0.1248197583787997,21.0,3.0,0.12545731707317076,POSITIVE,POSITIVE,0.4143543096169388,MEDIUM,Review and follow up based on capacity,origin shows a positive conversion signal; landing page shows a positive historical signal,682
b02c6bdb3693e65bd8e9b75df65fe2c4,2018-05-01,35c9b150ab36fe584c1f24fd458c453a,paid_search,1,2018,5,1,0.6071648242109079,1263,158,0.1248197583787997,21.0,3.0,0.12545731707317076,POSITIVE,POSITIVE,0.4143543096169388,MEDIUM,Review and follow up based on capacity,origin shows a positive conversion signal; landing page shows a positive historical signal,683
070c61a09952fe8d1d8580e54d2e5077,2018-05-01,35c9b150ab36fe584c1f24fd458c453a,paid_search,0,2018,5,1,0.6071648242109079,1263,158,0.1248197583787997,21.0,3.0,0.12545731707317076,POSITIVE,POSITIVE,0.4143543096169388,MEDIUM,Review and follow up based on capacity,origin shows a positive conversion signal; landing page shows a positive historical signal,684
8bd1189eabd85baf05782c2e1c463672,2018-05-22,35c9b150ab36fe584c1f24fd458c453a,paid_search,0,2018,5,1,0.6071648242109079,1263,158,0.1248197583787997,21.0,3.0,0.12545731707317076,POSITIVE,POSITIVE,0.4143543096169388,MEDIUM,Review and follow up based on capacity,origin shows a positive conversion signal; landing page shows a positive historical signal,685
1a3005b7edd159af4eb9c4fca0bb8767,2018-05-07,35c9b150ab36fe584c1f24fd458c453a,paid_search,0,2018,5,0,0.603662549356369,1263,158,0.1248197583787997,21.0,3.0,0.12545731707317076,POSITIVE,POSITIVE,0.4122529447042155,MEDIUM,Review and follow up based on capacity,origin shows a positive conversion signal; landing page shows a positive historical signal,686
2c81a094d632c8b510c6c676eec4c358,2018-05-21,35c9b150ab36fe584c1f24fd458c453a,paid_search,0,2018,5,0,0.603662549356369,1263,158,0.1248197583787997,21.0,3.0,0.12545731707317076,POSITIVE,POSITIVE,0.4122529447042155,MEDIUM,Review and follow up based on capacity,origin shows a positive conversion signal; landing page shows a positive historical signal,687
8122bf18052063455d3ec59fe8b564ef,2018-05-28,35c9b150ab36fe584c1f24fd458c453a,paid_search,0,2018,5,0,0.603662549356369,1263,158,0.1248197583787997,21.0,3.0,0.12545731707317076,POSITIVE,POSITIVE,0.4122529447042155,MEDIUM,Review and follow up based on capacity,origin shows a positive conversion signal; landing page shows a positive historical signal,688
3acba2462aedc96a84aa63c995f13572,2018-05-07,35c9b150ab36fe584c1f24fd458c453a,paid_search,0,2018,5,0,0.603662549356369,1263,158,0.1248197583787997,21.0,3.0,0.12545731707317076,POSITIVE,POSITIVE,0.4122529447042155,MEDIUM,Review and follow up based on capacity,origin shows a positive conversion signal; landing page shows a positive historical signal,689
f5386ed31571beed0361427ff58a9778,2018-05-07,35c9b150ab36fe584c1f24fd458c453a,paid_search,1,2018,5,0,0.603662549356369,1263,158,0.1248197583787997,21.0,3.0,0.12545731707317076,POSITIVE,POSITIVE,0.4122529447042155,MEDIUM,Review and follow up based on capacity,origin shows a positive conversion signal; landing page shows a positive historical signal,690
0c051e687e5a624f4543dd6adca7508b,2018-05-28,35c9b150ab36fe584c1f24fd458c453a,paid_search,0,2018,5,0,0.603662549356369,1263,158,0.1248197583787997,21.0,3.0,0.12545731707317076,POSITIVE,POSITIVE,0.4122529447042155,MEDIUM,Review and follow up based on capacity,origin shows a positive conversion signal; landing page shows a positive historical signal,691
89f88e2b3281be852faae4f18b8c0fcb,2018-05-08,22c29808c4f815213303f8933030604c,email,0,2018,5,1,0.6090923354612341,383,12,0.035096153846153846,694.0,135.0,0.192078081232493,NEGATIVE,STRONG,0.4108902482924698,MEDIUM,Review and follow up based on capacity,origin historically converts below baseline; landing page shows a strong historical signal,692
f2169fa8be6ba030c53e9f81c47c1d99,2018-05-27,58326e62183c14b0c03085c33b9fdc44,unknown,0,2018,5,6,0.6069891112359727,905,148,0.16231756756756757,236.0,16.0,0.0708740234375,STRONG,NEGATIVE,0.4108317849425971,MEDIUM,Review and follow up based on capacity,origin historically converts above baseline; landing page shows a negative historical signal,693
255ca2107423f7f52254a5564d6d04ad,2018-05-23,b76ef37428e6799c421989521c0e5077,referral,0,2018,5,2,0.597734125222298,219,15,0.07173117154811716,735.0,140.0,0.1882698675496689,NEGATIVE,STRONG,0.410640682952936,MEDIUM,Review and follow up based on capacity,origin historically converts below baseline; landing page shows a strong historical signal,694
58350ebc61b97bd7c28aeaca836c9c26,2018-05-15,b76ef37428e6799c421989521c0e5077,referral,0,2018,5,1,0.5942039654545647,219,15,0.07173117154811716,735.0,140.0,0.1882698675496689,NEGATIVE,STRONG,0.408522587092296,MEDIUM,Review and follow up based on capacity,origin historically converts below baseline; landing page shows a strong historical signal,695
8047b03d52384ba8b0f9680baacddcf7,2018-05-21,330b9d44078a1ae5a221d655dcb77afa,unknown,0,2018,5,0,0.5960710505912705,905,148,0.16231756756756757,36.0,3.0,0.09185267857142858,STRONG,NEUTRAL,0.4084766795825615,MEDIUM,Review and follow up based on capacity,origin historically converts above baseline,696
64346f3fd75112f55f90dbb6b766c3a8,2018-05-25,1ceb590cd1e00c7ee95220971f82693d,organic_search,0,2018,5,4,0.5953669118192227,1869,222,0.11865735839068291,28.0,4.0,0.1279947916666667,POSITIVE,POSITIVE,0.4065505771030036,MEDIUM,Review and follow up based on capacity,origin shows a positive conversion signal; landing page shows a positive historical signal,697
0b2dc5b52bfadc656ccc226aac89c006,2018-05-18,1ceb590cd1e00c7ee95220971f82693d,organic_search,0,2018,5,4,0.5953669118192227,1869,222,0.11865735839068291,28.0,4.0,0.1279947916666667,POSITIVE,POSITIVE,0.4065505771030036,MEDIUM,Review and follow up based on capacity,origin shows a positive conversion signal; landing page shows a positive historical signal,698
629cbc850fdffd979db78d9d37b2bab1,2018-04-27,5dc848e7dd9418dffe183215b8ff0bc1,direct_traffic,0,2018,4,4,0.5934216943728454,406,48,0.11770833333333333,11.0,2.0,0.1336693548387097,POSITIVE,POSITIVE,0.40632855425811587,MEDIUM,Review and follow up based on capacity,origin shows a positive conversion signal; landing page shows a positive historical signal,699
7a2831d578da49e38936bc3fa5ce5ca6,2018-05-25,35c9b150ab36fe584c1f24fd458c453a,organic_search,0,2018,5,4,0.5937433476350843,1869,222,0.11865735839068291,21.0,3.0,0.12545731707317076,POSITIVE,POSITIVE,0.4050689436738213,MEDIUM,Review and follow up based on capacity,origin shows a positive conversion signal; landing page shows a positive historical signal,700
82ab631faae192a17db862389778fb2c,2018-05-06,ce1a65abd0973638f1c887a6efcfa82d,social,0,2018,5,6,0.6039917194826226,1018,63,0.06275891136801541,320.0,49.0,0.15042279411764706,NEGATIVE,STRONG,0.4050313727867061,MEDIUM,Review and follow up based on capacity,origin historically converts below baseline; landing page shows a strong historical signal,701
881dff85873f2c056e6db4363a8ca25c,2018-05-21,a0fbc0263cb98bdb0d72b9f9f283a172,other_publicities,0,2018,5,0,0.6066304290845418,55,3,0.06858333333333334,27.0,4.0,0.130718085106383,NEGATIVE,POSITIVE,0.4038385411386683,MEDIUM,Review and follow up based on capacity,origin historically converts below baseline; landing page shows a positive historical signal,702
87f7f8f823a0bc9edecdf4c22aa2007a,2018-05-24,35c9b150ab36fe584c1f24fd458c453a,organic_search,0,2018,5,3,0.5902021764982784,1869,222,0.11865735839068291,21.0,3.0,0.12545731707317076,POSITIVE,POSITIVE,0.4029442409917378,MEDIUM,Review and follow up based on capacity,origin shows a positive conversion signal; landing page shows a positive historical signal,703
4be7cee3530ff65c6ca9d86119b50716,2018-05-12,ce1a65abd0973638f1c887a6efcfa82d,social,0,2018,5,5,0.6004797699106573,1018,63,0.06275891136801541,320.0,49.0,0.15042279411764706,NEGATIVE,STRONG,0.4029242030435269,MEDIUM,Review and follow up based on capacity,origin historically converts below baseline; landing page shows a strong historical signal,704
d8c6b8a52c837b407a6c7ab08ccb1c25,2018-05-23,1ceb590cd1e00c7ee95220971f82693d,organic_search,0,2018,5,2,0.5882838801233103,1869,222,0.11865735839068291,28.0,4.0,0.1279947916666667,POSITIVE,POSITIVE,0.4023007580854562,MEDIUM,Review and follow up based on capacity,origin shows a positive conversion signal; landing page shows a positive historical signal,705
8abd9143c60963e01449abdf2f36328b,2018-04-26,1ceb590cd1e00c7ee95220971f82693d,paid_search,0,2018,4,3,0.585580512594856,1263,158,0.1248197583787997,28.0,4.0,0.1279947916666667,POSITIVE,POSITIVE,0.4019112175660069,MEDIUM,Review and follow up based on capacity,origin shows a positive conversion signal; landing page shows a positive historical signal,706
b3ccc9cda16e771cb1b087a0c29cc07c,2018-05-09,35c9b150ab36fe584c1f24fd458c453a,organic_search,0,2018,5,2,0.5866516271715292,1869,222,0.11865735839068291,21.0,3.0,0.12545731707317076,POSITIVE,POSITIVE,0.4008139113956882,MEDIUM,Review and follow up based on capacity,origin shows a positive conversion signal; landing page shows a positive historical signal,707
58c07bd222183a648f687888daf96733,2018-05-09,35c9b150ab36fe584c1f24fd458c453a,organic_search,0,2018,5,2,0.5866516271715292,1869,222,0.11865735839068291,21.0,3.0,0.12545731707317076,POSITIVE,POSITIVE,0.4008139113956882,MEDIUM,Review and follow up based on capacity,origin shows a positive conversion signal; landing page shows a positive historical signal,708
c57bf132f2ca64d288f7353f2e11a38a,2018-04-26,35c9b150ab36fe584c1f24fd458c453a,paid_search,0,2018,4,3,0.5839451219242642,1263,158,0.1248197583787997,21.0,3.0,0.12545731707317076,POSITIVE,POSITIVE,0.4004224882449526,MEDIUM,Review and follow up based on capacity,origin shows a positive conversion signal; landing page shows a positive historical signal,709
54430319f44a3febe74012d9ced38a1d,2018-05-08,58326e62183c14b0c03085c33b9fdc44,unknown,0,2018,5,1,0.5893718983565034,905,148,0.16231756756756757,236.0,16.0,0.0708740234375,STRONG,NEGATIVE,0.4002614572149155,MEDIUM,Review and follow up based on capacity,origin historically converts above baseline; landing page shows a negative historical signal,710
a5b1612c586470dd5dc023c28474e101,2018-05-29,1ceb590cd1e00c7ee95220971f82693d,organic_search,0,2018,5,1,0.5847284046589297,1869,222,0.11865735839068291,28.0,4.0,0.1279947916666667,POSITIVE,POSITIVE,0.40016747280682774,MEDIUM,Review and follow up based on capacity,origin shows a positive conversion signal; landing page shows a positive historical signal,711
f63c50ba409100be3ff7fa4b4cde9de7,2018-05-08,1ceb590cd1e00c7ee95220971f82693d,organic_search,0,2018,5,1,0.5847284046589297,1869,222,0.11865735839068291,28.0,4.0,0.1279947916666667,POSITIVE,POSITIVE,0.40016747280682774,MEDIUM,Review and follow up based on capacity,origin shows a positive conversion signal; landing page shows a positive historical signal,712
f456a28071ee5b9f7385aad6b11c3423,2018-04-25,1ceb590cd1e00c7ee95220971f82693d,paid_search,0,2018,4,2,0.5820182788204069,1263,158,0.1248197583787997,28.0,4.0,0.1279947916666667,POSITIVE,POSITIVE,0.3997738773013374,LOW,Keep in nurture queue and monitor,origin shows a positive conversion signal; landing page shows a positive historical signal,713
3b16ba31dd3221344e011b18e4b1043d,2018-05-03,ce1a65abd0973638f1c887a6efcfa82d,social,0,2018,5,3,0.5934251187442251,1018,63,0.06275891136801541,320.0,49.0,0.15042279411764706,NEGATIVE,STRONG,0.39869141234366756,LOW,Keep in nurture queue and monitor,origin historically converts below baseline; landing page shows a strong historical signal,714
1bdde90ebfdef547440410e79b1877bf,2018-05-17,ce1a65abd0973638f1c887a6efcfa82d,social,0,2018,5,3,0.5934251187442251,1018,63,0.06275891136801541,320.0,49.0,0.15042279411764706,NEGATIVE,STRONG,0.39869141234366756,LOW,Keep in nurture queue and monitor,origin historically converts below baseline; landing page shows a strong historical signal,715
f2fa7f76d5a1cd7a8fd9f41857a2eea8,2018-04-25,35c9b150ab36fe584c1f24fd458c453a,paid_search,0,2018,4,2,0.5803789041523996,1263,158,0.1248197583787997,21.0,3.0,0.12545731707317076,POSITIVE,POSITIVE,0.3982827575818338,LOW,Keep in nurture queue and monitor,origin shows a positive conversion signal; landing page shows a positive historical signal,716
1292e5b9689d1e616e2034b44e1e701a,2018-05-21,58326e62183c14b0c03085c33b9fdc44,unknown,0,2018,5,0,0.5858192036008723,905,148,0.16231756756756757,236.0,16.0,0.0708740234375,STRONG,NEGATIVE,0.3981298403615368,LOW,Keep in nurture queue and monitor,origin historically converts above baseline; landing page shows a negative historical signal,717
2771adc30ef07c074a4f220f2c51f3a4,2018-05-28,1ceb590cd1e00c7ee95220971f82693d,organic_search,0,2018,5,0,0.5811640852316708,1869,222,0.11865735839068291,28.0,4.0,0.1279947916666667,POSITIVE,POSITIVE,0.3980288811504724,LOW,Keep in nurture queue and monitor,origin shows a positive conversion signal; landing page shows a positive historical signal,718
2121376a323507c01c5e92c39ae8ccd4,2018-05-28,1ceb590cd1e00c7ee95220971f82693d,organic_search,0,2018,5,0,0.5811640852316708,1869,222,0.11865735839068291,28.0,4.0,0.1279947916666667,POSITIVE,POSITIVE,0.3980288811504724,LOW,Keep in nurture queue and monitor,origin shows a positive conversion signal; landing page shows a positive historical signal,719
f03efc46acef307d9f7d48d8005707c2,2018-04-25,b76ef37428e6799c421989521c0e5077,other_publicities,0,2018,4,2,0.5760466503072998,55,3,0.06858333333333334,735.0,140.0,0.1882698675496689,NEGATIVE,STRONG,0.3969986303609803,LOW,Keep in nurture queue and monitor,origin historically converts below baseline; landing page shows a strong historical signal,720
cc4ec90b270b9f1de8dc2d8864425252,2018-04-26,22c29808c4f815213303f8933030604c,email,1,2018,4,3,0.5859088624531541,383,12,0.035096153846153846,694.0,135.0,0.192078081232493,NEGATIVE,STRONG,0.3969801644876218,LOW,Keep in nurture queue and monitor,origin historically converts below baseline; landing page shows a strong historical signal,721
9458a2f8516751e16831dfba0c019582,2018-04-30,c6f28f804cf6330e6de735ef6e6fe95c,unknown,0,2018,4,0,0.5721830603135828,905,148,0.16231756756756757,10.0,1.0,0.10479166666666667,STRONG,NEUTRAL,0.3967316830349965,LOW,Keep in nurture queue and monitor,origin historically converts above baseline,722
aa3845080ecdff9a553b681aa61c2ad8,2018-05-11,c0fb5b3c854a4b30334892c71faa13c2,unknown,0,2018,5,4,0.5708243968698145,905,148,0.16231756756756757,0.0,,0.1071875,STRONG,LIMITED,0.3963956516354022,LOW,Keep in nurture queue and monitor,origin historically converts above baseline,723
ca9e2abfc4b54221804d727d207accb1,2018-05-18,8e1f60cfb4a7def895d8baf0eec1394e,unknown,0,2018,5,4,0.5708243968698145,905,148,0.16231756756756757,0.0,,0.1071875,STRONG,LIMITED,0.3963956516354022,LOW,Keep in nurture queue and monitor,origin historically converts above baseline,724
36fa774e2070c58cdc2ddb03d8645356,2018-04-30,1ceb590cd1e00c7ee95220971f82693d,paid_search,0,2018,4,0,0.5748684343313339,1263,158,0.1248197583787997,28.0,4.0,0.1279947916666667,POSITIVE,POSITIVE,0.39548397060789364,LOW,Keep in nurture queue and monitor,origin shows a positive conversion signal; landing page shows a positive historical signal,725
48300fd42032d6e6256e9ee006555ce9,2018-05-15,35c9b150ab36fe584c1f24fd458c453a,direct_traffic,0,2018,5,1,0.5770511908469383,406,48,0.11770833333333333,21.0,3.0,0.12545731707317076,POSITIVE,POSITIVE,0.39486384458946383,LOW,Keep in nurture queue and monitor,origin shows a positive conversion signal; landing page shows a positive historical signal,726
c1b951c33c83e75b4102e4396b29633f,2018-04-25,22c29808c4f815213303f8933030604c,email,0,2018,4,2,0.5823474380642678,383,12,0.035096153846153846,694.0,135.0,0.192078081232493,NEGATIVE,STRONG,0.39484330985429006,LOW,Keep in nurture queue and monitor,origin historically converts below baseline; landing page shows a strong historical signal,727
2f096f9c5b7e2483fcc661e9ca9a24ec,2018-05-31,fa6f59a21825d841e307151460fb0302,unknown,0,2018,5,3,0.5672290638374724,905,148,0.16231756756756757,0.0,,0.1071875,STRONG,LIMITED,0.3942384518159969,LOW,Keep in nurture queue and monitor,origin historically converts above baseline,728
b478e76e6a84df66dc6e89d7b03ac7dd,2018-05-10,c0fb5b3c854a4b30334892c71faa13c2,unknown,0,2018,5,3,0.5672290638374724,905,148,0.16231756756756757,0.0,,0.1071875,STRONG,LIMITED,0.3942384518159969,LOW,Keep in nurture queue and monitor,origin historically converts above baseline,729
6649b621033ae95a2e9da0dd9c99fa48,2018-05-31,320669df6e03fc8a691a1a4c61c56a32,unknown,0,2018,5,3,0.5672290638374724,905,148,0.16231756756756757,0.0,,0.1071875,STRONG,LIMITED,0.3942384518159969,LOW,Keep in nurture queue and monitor,origin historically converts above baseline,730
94c72a6d91e030affb4a487c7c5ee8b9,2018-04-30,35c9b150ab36fe584c1f24fd458c453a,paid_search,0,2018,4,0,0.5732215799639927,1263,158,0.1248197583787997,21.0,3.0,0.12545731707317076,POSITIVE,POSITIVE,0.3939883630687897,LOW,Keep in nurture queue and monitor,origin shows a positive conversion signal; landing page shows a positive historical signal,731
c3764ab3fed8fbf556c87fdeaea744a9,2018-04-30,35c9b150ab36fe584c1f24fd458c453a,paid_search,0,2018,4,0,0.5732215799639927,1263,158,0.1248197583787997,21.0,3.0,0.12545731707317076,POSITIVE,POSITIVE,0.3939883630687897,LOW,Keep in nurture queue and monitor,origin shows a positive conversion signal; landing page shows a positive historical signal,732
6451343e4f4041fb19ddf7b9dc58538b,2018-04-30,35c9b150ab36fe584c1f24fd458c453a,paid_search,1,2018,4,0,0.5732215799639927,1263,158,0.1248197583787997,21.0,3.0,0.12545731707317076,POSITIVE,POSITIVE,0.3939883630687897,LOW,Keep in nurture queue and monitor,origin shows a positive conversion signal; landing page shows a positive historical signal,733
cb5baa5a1c966f95c78dd39327f7dbd3,2018-05-25,358adb2fee9a122549618e46925a00a5,email,0,2018,5,4,0.5873203320905939,383,12,0.035096153846153846,5.0,2.0,0.16575000000000004,NEGATIVE,LIMITED,0.3925614300235871,LOW,Keep in nurture queue and monitor,origin historically converts below baseline,734
e1b0f4a84e4310226c204b496b77bbe0,2018-05-16,6a110e795dd487f1cf8d7583671987af,unknown,0,2018,5,2,0.5636266365820333,905,148,0.16231756756756757,0.0,,0.1071875,STRONG,LIMITED,0.39207699546273345,LOW,Keep in nurture queue and monitor,origin historically converts above baseline,735
e21fbb46105c5238f41b8184125658ad,2018-05-23,6744140b06a752fafd3c7e4937075ca8,unknown,0,2018,5,2,0.5636266365820333,905,148,0.16231756756756757,0.0,,0.1071875,STRONG,LIMITED,0.39207699546273345,LOW,Keep in nurture queue and monitor,origin historically converts above baseline,736
4486ad40507c7f22eb05dde3747e34de,2018-05-09,099ddda4feb08e89c402f2d38ca94b2e,unknown,0,2018,5,2,0.5636266365820333,905,148,0.16231756756756757,0.0,,0.1071875,STRONG,LIMITED,0.39207699546273345,LOW,Keep in nurture queue and monitor,origin historically converts above baseline,737
dc4851f871abe517bd3c0ac7a804af33,2018-05-02,bfd05fa9f9fe2aedee539951a84f2aaf,unknown,0,2018,5,2,0.5636266365820333,905,148,0.16231756756756757,0.0,,0.1071875,STRONG,LIMITED,0.39207699546273345,LOW,Keep in nurture queue and monitor,origin historically converts above baseline,738
32161d8c28e20d7c92e4bc602c7ef5a8,2018-05-30,8ff57dffc365fcb5233232fff6e6bfd0,unknown,0,2018,5,2,0.5636266365820333,905,148,0.16231756756756757,0.0,,0.1071875,STRONG,LIMITED,0.39207699546273345,LOW,Keep in nurture queue and monitor,origin historically converts above baseline,739
3b7585682efa3f3cb07b4e7ae6ec53d4,2018-05-09,b634a925e3768734c5b7b2325c88a082,unknown,1,2018,5,2,0.5636266365820333,905,148,0.16231756756756757,0.0,,0.1071875,STRONG,LIMITED,0.39207699546273345,LOW,Keep in nurture queue and monitor,origin historically converts above baseline,740
25393b46957e31fcdc605d76428cae67,2018-05-03,649b7b8b46b254497e92038d88f6ced8,paid_search,0,2018,5,3,0.5845229067495957,1263,158,0.1248197583787997,58.0,4.0,0.07876602564102565,POSITIVE,NEUTRAL,0.39143090085372245,LOW,Keep in nurture queue and monitor,origin shows a positive conversion signal,741
d964a58a93323e99de31502ef22e3079,2018-05-29,40dec9f3d5259a3d2dbcdab2114fae47,email,0,2018,5,1,0.5751668549028434,383,12,0.035096153846153846,275.0,55.0,0.19370762711864406,NEGATIVE,STRONG,0.3908608691346656,LOW,Keep in nurture queue and monitor,origin historically converts below baseline; landing page shows a strong historical signal,742
ee8c32be50cf39acaff23d6e4c3482c1,2018-05-15,6a110e795dd487f1cf8d7583671987af,unknown,0,2018,5,1,0.560017482350557,905,148,0.16231756756756757,0.0,,0.1071875,STRONG,LIMITED,0.38991150292384774,LOW,Keep in nurture queue and monitor,origin historically converts above baseline,743
5261961cfcb904628f54edd0c5f9739f,2018-05-15,6a110e795dd487f1cf8d7583671987af,unknown,0,2018,5,1,0.560017482350557,905,148,0.16231756756756757,0.0,,0.1071875,STRONG,LIMITED,0.38991150292384774,LOW,Keep in nurture queue and monitor,origin historically converts above baseline,744
1ff69bc1abf8681a2fbff7326f86f76f,2018-05-15,431a558885d03bf98bc3747f78cdfab7,unknown,0,2018,5,1,0.560017482350557,905,148,0.16231756756756757,0.0,,0.1071875,STRONG,LIMITED,0.38991150292384774,LOW,Keep in nurture queue and monitor,origin historically converts above baseline,745
62bd738b34b531c688288d719e54d5f8,2018-05-15,6a110e795dd487f1cf8d7583671987af,unknown,0,2018,5,1,0.560017482350557,905,148,0.16231756756756757,0.0,,0.1071875,STRONG,LIMITED,0.38991150292384774,LOW,Keep in nurture queue and monitor,origin historically converts above baseline,746
e6f6dea5ad5af912b84d619aeb71258d,2018-05-22,375e354da26e8619e407002dde41f19c,unknown,0,2018,5,1,0.560017482350557,905,148,0.16231756756756757,0.0,,0.1071875,STRONG,LIMITED,0.38991150292384774,LOW,Keep in nurture queue and monitor,origin historically converts above baseline,747
b050285d2ce40b4398647c923ffc769f,2018-05-15,19f7d64c187f64e4c089786e84510ff2,unknown,0,2018,5,1,0.560017482350557,905,148,0.16231756756756757,0.0,,0.1071875,STRONG,LIMITED,0.38991150292384774,LOW,Keep in nurture queue and monitor,origin historically converts above baseline,748
9f4a44a16dec1a082e77acf25f2a5992,2018-05-15,6a110e795dd487f1cf8d7583671987af,unknown,0,2018,5,1,0.560017482350557,905,148,0.16231756756756757,0.0,,0.1071875,STRONG,LIMITED,0.38991150292384774,LOW,Keep in nurture queue and monitor,origin historically converts above baseline,749
3b14bb16b93056a7eab0448b99490428,2018-05-15,6a110e795dd487f1cf8d7583671987af,unknown,0,2018,5,1,0.560017482350557,905,148,0.16231756756756757,0.0,,0.1071875,STRONG,LIMITED,0.38991150292384774,LOW,Keep in nurture queue and monitor,origin historically converts above baseline,750
f5a1d0cc197cca41eaa5035bbffd4841,2018-05-15,67215f7bc6c2a85df0711d66d514a3d9,unknown,0,2018,5,1,0.560017482350557,905,148,0.16231756756756757,0.0,,0.1071875,STRONG,LIMITED,0.38991150292384774,LOW,Keep in nurture queue and monitor,origin historically converts above baseline,751
67aa773382d70db394d69c0d6941b885,2018-05-07,4e33f301b88ec7f40f82be48344f7a4e,unknown,0,2018,5,0,0.5564019712113316,905,148,0.16231756756756757,0.0,,0.1071875,STRONG,LIMITED,0.3877421962403125,LOW,Keep in nurture queue and monitor,origin historically converts above baseline,752
57cc530f74e4507c2c21808dfb840ae4,2018-05-28,ef8fd2bd651e9bede81dfb6e45480793,unknown,0,2018,5,0,0.5564019712113316,905,148,0.16231756756756757,0.0,,0.1071875,STRONG,LIMITED,0.3877421962403125,LOW,Keep in nurture queue and monitor,origin historically converts above baseline,753
d4b60729388ac1c3435ee0fcefba1ebe,2018-05-21,8ff57dffc365fcb5233232fff6e6bfd0,unknown,1,2018,5,0,0.5564019712113316,905,148,0.16231756756756757,0.0,,0.1071875,STRONG,LIMITED,0.3877421962403125,LOW,Keep in nurture queue and monitor,origin historically converts above baseline,754
6ddbaad1111bb58e0d0fa94febfdad7c,2018-05-07,30c86954adc2eec0f2589a8bfc4c573f,unknown,0,2018,5,0,0.5564019712113316,905,148,0.16231756756756757,0.0,,0.1071875,STRONG,LIMITED,0.3877421962403125,LOW,Keep in nurture queue and monitor,origin historically converts above baseline,755
6ad68e971f818c8b3c5c9d5fda523810,2018-05-14,ce1a65abd0973638f1c887a6efcfa82d,referral,0,2018,5,0,0.5638770559795645,219,15,0.07173117154811716,320.0,49.0,0.15042279411764706,NEGATIVE,STRONG,0.3827570267208915,LOW,Keep in nurture queue and monitor,origin historically converts below baseline; landing page shows a strong historical signal,756
cb5ee661c68128229cbc049927193fff,2018-04-30,1d4ddc25ccaa2adeded340b6eda66182,organic_search,0,2018,4,0,0.5617421582867618,1869,222,0.11865735839068291,10.0,1.0,0.10479166666666667,POSITIVE,NEUTRAL,0.381735099983527,LOW,Keep in nurture queue and monitor,origin shows a positive conversion signal,757
9ed9b6174ec2dd7a7dd3f54bab3da3a2,2018-05-04,872eb32141128a5320bfe7b8cf80fc14,paid_search,0,2018,5,4,0.5663152649513763,1263,158,0.1248197583787997,19.0,1.0,0.08060897435897436,POSITIVE,NEUTRAL,0.3808749055183806,LOW,Keep in nurture queue and monitor,origin shows a positive conversion signal,758
e7a0681c0c6541d26d83817efea9f94c,2018-05-14,b48ec5f3b04e9068441002a19df93c6c,referral,0,2018,5,0,0.5663763226354179,219,15,0.07173117154811716,49.0,7.0,0.132518115942029,NEGATIVE,POSITIVE,0.38067565107928003,LOW,Keep in nurture queue and monitor,origin historically converts below baseline; landing page shows a positive historical signal,759
ee5e316ecc89554a4609fa2f56eb3ca5,2018-04-30,35c9b150ab36fe584c1f24fd458c453a,organic_search,0,2018,4,0,0.5486151294659454,1869,222,0.11865735839068291,21.0,3.0,0.12545731707317076,POSITIVE,POSITIVE,0.37799201277233796,LOW,Keep in nurture queue and monitor,origin shows a positive conversion signal; landing page shows a positive historical signal,760
6d236926d8864f1f5d88048c4f2a1948,2018-04-27,f80696b73d17fb34f5c4fde157f119d8,unknown,0,2018,4,4,0.5397840944098846,905,148,0.16231756756756757,0.0,,0.1071875,STRONG,LIMITED,0.3777714701594443,LOW,Keep in nurture queue and monitor,origin historically converts above baseline,761
99ba5c4097c6b8fef5ed774a1a6714b8,2018-05-26,58326e62183c14b0c03085c33b9fdc44,,0,2018,5,5,0.5451828749167534,42,9,0.17973790322580646,236.0,16.0,0.0708740234375,STRONG,NEGATIVE,0.3772321102827133,LOW,Keep in nurture queue and monitor,origin historically converts above baseline; landing page shows a negative historical signal,762
f4ed3f6aa2baaced0d790bbd9d7ead15,2018-05-10,58326e62183c14b0c03085c33b9fdc44,paid_search,0,2018,5,3,0.56262806030467,1263,158,0.1248197583787997,236.0,16.0,0.0708740234375,POSITIVE,NEGATIVE,0.37671559254606196,LOW,Keep in nurture queue and monitor,origin shows a positive conversion signal; landing page shows a negative historical signal,763
b7517a0edb64409325721909b041132a,2018-05-02,c6f28f804cf6330e6de735ef6e6fe95c,organic_search,0,2018,5,2,0.5515759793385102,1869,222,0.11865735839068291,10.0,1.0,0.10479166666666667,POSITIVE,NEUTRAL,0.37563539261457607,LOW,Keep in nurture queue and monitor,origin shows a positive conversion signal,764
496515dec2a1c280f145f6ccb34851fb,2018-04-26,3f3196b43b4af9aafbe878f6a1bbc7bd,unknown,1,2018,4,3,0.5361400346882793,905,148,0.16231756756756757,0.0,,0.1071875,STRONG,LIMITED,0.3755850343264811,LOW,Keep in nurture queue and monitor,origin historically converts above baseline,765
fca7a9a39563f62e67a0018690b0d4c9,2018-04-26,f80696b73d17fb34f5c4fde157f119d8,unknown,0,2018,4,3,0.5361400346882793,905,148,0.16231756756756757,0.0,,0.1071875,STRONG,LIMITED,0.3755850343264811,LOW,Keep in nurture queue and monitor,origin historically converts above baseline,766
3067c356701b93f393f765bed1256bfd,2018-05-26,330b9d44078a1ae5a221d655dcb77afa,organic_search,0,2018,5,5,0.5556776679642624,1869,222,0.11865735839068291,36.0,3.0,0.09185267857142858,POSITIVE,NEUTRAL,0.37550860817097975,LOW,Keep in nurture queue and monitor,origin shows a positive conversion signal,767
8de6774e62a2984bc1c5e2dd52ff23ea,2018-04-25,f80696b73d17fb34f5c4fde157f119d8,unknown,0,2018,4,2,0.5324921114338137,905,148,0.16231756756756757,0.0,,0.1071875,STRONG,LIMITED,0.37339628037380174,LOW,Keep in nurture queue and monitor,origin historically converts above baseline,768
9c0337cae9651759e4e69a56444719b0,2018-04-25,f80696b73d17fb34f5c4fde157f119d8,unknown,0,2018,4,2,0.5324921114338137,905,148,0.16231756756756757,0.0,,0.1071875,STRONG,LIMITED,0.37339628037380174,LOW,Keep in nurture queue and monitor,origin historically converts above baseline,769
115bf41df324b0f46b72bd091ce4c00e,2018-04-25,758daa2c01d04b06f42a8aa819ad8d46,unknown,0,2018,4,2,0.5324921114338137,905,148,0.16231756756756757,0.0,,0.1071875,STRONG,LIMITED,0.37339628037380174,LOW,Keep in nurture queue and monitor,origin historically converts above baseline,770
ebea519cc0cae7f746ec818c8df32992,2018-05-25,330b9d44078a1ae5a221d655dcb77afa,organic_search,0,2018,5,4,0.5520550200349544,1869,222,0.11865735839068291,36.0,3.0,0.09185267857142858,POSITIVE,NEUTRAL,0.373335019413395,LOW,Keep in nurture queue and monitor,origin shows a positive conversion signal,771
d24802faacea07a0f93f06662aa12a40,2018-05-20,34c9ef8fb69f256ff66add711305d279,paid_search,0,2018,5,6,0.5438075929108305,1263,158,0.1248197583787997,0.0,,0.1071875,POSITIVE,LIMITED,0.3726860074222582,LOW,Keep in nurture queue and monitor,origin shows a positive conversion signal,772
c3449c7cc8d96b2e1d6dcdd915e7235c,2018-05-27,8ff57dffc365fcb5233232fff6e6bfd0,paid_search,0,2018,5,6,0.5438075929108305,1263,158,0.1248197583787997,0.0,,0.1071875,POSITIVE,LIMITED,0.3726860074222582,LOW,Keep in nurture queue and monitor,origin shows a positive conversion signal,773
51d81424aa2d36bf4248ae8a4a3cc885,2018-05-26,330b9d44078a1ae5a221d655dcb77afa,direct_traffic,1,2018,5,5,0.5495464548865756,406,48,0.11770833333333333,36.0,3.0,0.09185267857142858,POSITIVE,NEUTRAL,0.3716400753128977,LOW,Keep in nurture queue and monitor,origin shows a positive conversion signal,774
5af48a7f56dcce4f168b0ce5ced62d2f,2018-05-24,330b9d44078a1ae5a221d655dcb77afa,organic_search,0,2018,5,3,0.5484268385956058,1869,222,0.11865735839068291,36.0,3.0,0.09185267857142858,POSITIVE,NEUTRAL,0.3711581105497858,LOW,Keep in nurture queue and monitor,origin shows a positive conversion signal,775
a8da9e43859d5040532f379059831a0b,2018-05-03,330b9d44078a1ae5a221d655dcb77afa,organic_search,0,2018,5,3,0.5484268385956058,1869,222,0.11865735839068291,36.0,3.0,0.09185267857142858,POSITIVE,NEUTRAL,0.3711581105497858,LOW,Keep in nurture queue and monitor,origin shows a positive conversion signal,776
7e0a79cfc141c8bfc8ee8247f40ce8cf,2018-05-12,bfd05fa9f9fe2aedee539951a84f2aaf,paid_search,0,2018,5,5,0.5401682520681698,1263,158,0.1248197583787997,0.0,,0.1071875,POSITIVE,LIMITED,0.37050240291666175,LOW,Keep in nurture queue and monitor,origin shows a positive conversion signal,777
38281a755d3843e2bd060945522326e4,2018-05-26,bfd05fa9f9fe2aedee539951a84f2aaf,paid_search,0,2018,5,5,0.5401682520681698,1263,158,0.1248197583787997,0.0,,0.1071875,POSITIVE,LIMITED,0.37050240291666175,LOW,Keep in nurture queue and monitor,origin shows a positive conversion signal,778
10678b97635e173b084e8f3c681527cb,2018-05-08,a7982125ff7aa3b2054c6e44f9d28522,referral,0,2018,5,1,0.5517935172427827,219,15,0.07173117154811716,124.0,15.0,0.11905381944444444,NEGATIVE,POSITIVE,0.3692331085441819,LOW,Keep in nurture queue and monitor,origin historically converts below baseline; landing page shows a positive historical signal,779
7f6401a2da5927d2c2fe3b6b946a9f37,2018-04-30,c2826f1fb1ca7c1b7c7b63c1018b8ba5,unknown,1,2018,4,0,0.5251862217424144,905,148,0.16231756756756757,0.0,,0.1071875,STRONG,LIMITED,0.3690127465589621,LOW,Keep in nurture queue and monitor,origin historically converts above baseline,780
d0d7861372c4b545496c2a2b5c4a62e3,2018-04-30,557cc18ae3b10b7fd35fbed2019910b1,unknown,0,2018,4,0,0.5251862217424144,905,148,0.16231756756756757,0.0,,0.1071875,STRONG,LIMITED,0.3690127465589621,LOW,Keep in nurture queue and monitor,origin historically converts above baseline,781
a0ded2409ac6c2c2cd77d11e3f03a357,2018-05-02,330b9d44078a1ae5a221d655dcb77afa,organic_search,0,2018,5,2,0.5447935017374257,1869,222,0.11865735839068291,36.0,3.0,0.09185267857142858,POSITIVE,NEUTRAL,0.3689781084348777,LOW,Keep in nurture queue and monitor,origin shows a positive conversion signal,782
7cc538b1337957dae283c30ad46def38,2018-05-01,58326e62183c14b0c03085c33b9fdc44,,0,2018,5,1,0.5306073340278569,42,9,0.17973790322580646,236.0,16.0,0.0708740234375,STRONG,NEGATIVE,0.3684867857493754,LOW,Keep in nurture queue and monitor,origin historically converts above baseline; landing page shows a negative historical signal,783
93e27399801114c829497baae0003c28,2018-05-18,bfd05fa9f9fe2aedee539951a84f2aaf,paid_search,0,2018,5,4,0.5365246223653458,1263,158,0.1248197583787997,0.0,,0.1071875,POSITIVE,LIMITED,0.3683162250949674,LOW,Keep in nurture queue and monitor,origin shows a positive conversion signal,784
f7ca7d028d1de42814caecded57249fa,2018-05-18,bfd05fa9f9fe2aedee539951a84f2aaf,paid_search,0,2018,5,4,0.5365246223653458,1263,158,0.1248197583787997,0.0,,0.1071875,POSITIVE,LIMITED,0.3683162250949674,LOW,Keep in nurture queue and monitor,origin shows a positive conversion signal,785
8551ef0d517bfc756cb31e0477ac4adc,2018-05-11,fa6f59a21825d841e307151460fb0302,paid_search,1,2018,5,4,0.5365246223653458,1263,158,0.1248197583787997,0.0,,0.1071875,POSITIVE,LIMITED,0.3683162250949674,LOW,Keep in nurture queue and monitor,origin shows a positive conversion signal,786
dcda4faf1ee68fd824f9bdefc41b8e19,2018-05-20,58326e62183c14b0c03085c33b9fdc44,organic_search,0,2018,5,6,0.5488156777644727,1869,222,0.11865735839068291,236.0,16.0,0.0708740234375,POSITIVE,NEGATIVE,0.3671956830243202,LOW,Keep in nurture queue and monitor,origin shows a positive conversion signal; landing page shows a negative historical signal,787
2ef1bbdc45ad8e0abaa18d187033bca2,2018-05-15,330b9d44078a1ae5a221d655dcb77afa,organic_search,0,2018,5,1,0.5411553897363972,1869,222,0.11865735839068291,36.0,3.0,0.09185267857142858,POSITIVE,NEUTRAL,0.3667952412342606,LOW,Keep in nurture queue and monitor,origin shows a positive conversion signal,788
f473cce8e1fe128830d36a2c5216b213,2018-05-15,330b9d44078a1ae5a221d655dcb77afa,organic_search,0,2018,5,1,0.5411553897363972,1869,222,0.11865735839068291,36.0,3.0,0.09185267857142858,POSITIVE,NEUTRAL,0.3667952412342606,LOW,Keep in nurture queue and monitor,origin shows a positive conversion signal,789
eeee10ca0e0d0bef8556dc43da2097dc,2018-05-22,330b9d44078a1ae5a221d655dcb77afa,organic_search,0,2018,5,1,0.5411553897363972,1869,222,0.11865735839068291,36.0,3.0,0.09185267857142858,POSITIVE,NEUTRAL,0.3667952412342606,LOW,Keep in nurture queue and monitor,origin shows a positive conversion signal,790
58aebd719336ce690932d83d0f0162d5,2018-05-22,330b9d44078a1ae5a221d655dcb77afa,organic_search,0,2018,5,1,0.5411553897363972,1869,222,0.11865735839068291,36.0,3.0,0.09185267857142858,POSITIVE,NEUTRAL,0.3667952412342606,LOW,Keep in nurture queue and monitor,origin shows a positive conversion signal,791
32a16c22a08b5360601d155c4803b7f2,2018-04-25,330b9d44078a1ae5a221d655dcb77afa,paid_search,0,2018,4,2,0.5383853914006507,1263,158,0.1248197583787997,36.0,3.0,0.09185267857142858,POSITIVE,NEUTRAL,0.366365722230436,LOW,Keep in nurture queue and monitor,origin shows a positive conversion signal,792
19f3ca179d09e8518d25a28d8e4e443f,2018-05-28,58326e62183c14b0c03085c33b9fdc44,,0,2018,5,0,0.5269542903244935,42,9,0.17973790322580646,236.0,16.0,0.0708740234375,STRONG,NEGATIVE,0.36629495952735736,LOW,Keep in nurture queue and monitor,origin historically converts above baseline; landing page shows a negative historical signal,793
070349261f23248ee28a2fd0978252b5,2018-05-31,6265f632e27ca4d14268e0cb91ebc4a4,paid_search,0,2018,5,3,0.5328770884542477,1263,158,0.1248197583787997,0.0,,0.1071875,POSITIVE,LIMITED,0.3661277047483086,LOW,Keep in nurture queue and monitor,origin shows a positive conversion signal,794
585290b0ed4953f353078a3788934ca0,2018-05-24,8ff57dffc365fcb5233232fff6e6bfd0,paid_search,0,2018,5,3,0.5328770884542477,1263,158,0.1248197583787997,0.0,,0.1071875,POSITIVE,LIMITED,0.3661277047483086,LOW,Keep in nurture queue and monitor,origin shows a positive conversion signal,795
146872de864d8019276493ea5c0e7389,2018-05-10,c0fb5b3c854a4b30334892c71faa13c2,paid_search,0,2018,5,3,0.5328770884542477,1263,158,0.1248197583787997,0.0,,0.1071875,POSITIVE,LIMITED,0.3661277047483086,LOW,Keep in nurture queue and monitor,origin shows a positive conversion signal,796
56852300c43eeb8674290c2d6f383a30,2018-05-03,dafec09efd4f106ce6a1ea20db24e9ac,paid_search,0,2018,5,3,0.5328770884542477,1263,158,0.1248197583787997,0.0,,0.1071875,POSITIVE,LIMITED,0.3661277047483086,LOW,Keep in nurture queue and monitor,origin shows a positive conversion signal,797
abcb67d98a01dcf18478fd47823a8dad,2018-05-15,21a104c3279681d9856b8a48723c4fee,unknown,1,2018,5,1,0.5355794472052394,905,148,0.16231756756756757,32.0,1.0,0.060456730769230776,STRONG,NEGATIVE,0.3659025279905033,LOW,Keep in nurture queue and monitor,origin historically converts above baseline; landing page shows a negative historical signal,798
b16e34cc63d75ffc0e29ef3229802db9,2018-05-21,330b9d44078a1ae5a221d655dcb77afa,organic_search,0,2018,5,0,0.5375128848962931,1869,222,0.11865735839068291,36.0,3.0,0.09185267857142858,POSITIVE,NEUTRAL,0.36460973833019816,LOW,Keep in nurture queue and monitor,origin shows a positive conversion signal,799
349495688c536b6a7a4bf026ad76dc42,2018-05-21,330b9d44078a1ae5a221d655dcb77afa,organic_search,0,2018,5,0,0.5375128848962931,1869,222,0.11865735839068291,36.0,3.0,0.09185267857142858,POSITIVE,NEUTRAL,0.36460973833019816,LOW,Keep in nurture queue and monitor,origin shows a positive conversion signal,800
5d8297e451a0e650c38252a91bcc88ef,2018-05-21,330b9d44078a1ae5a221d655dcb77afa,organic_search,0,2018,5,0,0.5375128848962931,1869,222,0.11865735839068291,36.0,3.0,0.09185267857142858,POSITIVE,NEUTRAL,0.36460973833019816,LOW,Keep in nurture queue and monitor,origin shows a positive conversion signal,801
6b0ac5c5ab0f8939442c42704c5493b0,2018-05-25,9d72960ad2cfeaa46192fa3dba4e498e,,0,2018,5,4,0.5116050694928965,42,9,0.17973790322580646,0.0,,0.1071875,STRONG,LIMITED,0.3643481223408992,LOW,Keep in nurture queue and monitor,origin historically converts above baseline,802
dbda8f25d0b2e3b1d3712ac08963fadb,2018-05-02,f80696b73d17fb34f5c4fde157f119d8,paid_search,0,2018,5,2,0.5292260366514766,1263,158,0.1248197583787997,0.0,,0.1071875,POSITIVE,LIMITED,0.3639370736666459,LOW,Keep in nurture queue and monitor,origin shows a positive conversion signal,803
7bfe168f64fb31f08811347a43204d8e,2018-05-02,447cabeecc99dc245cb42be7122cba9e,paid_search,0,2018,5,2,0.5292260366514766,1263,158,0.1248197583787997,0.0,,0.1071875,POSITIVE,LIMITED,0.3639370736666459,LOW,Keep in nurture queue and monitor,origin shows a positive conversion signal,804
d6aebf3c270e28da6467427979d7d35f,2018-05-16,90ab6406c7a390e1c8aed08045676a91,paid_search,0,2018,5,2,0.5292260366514766,1263,158,0.1248197583787997,0.0,,0.1071875,POSITIVE,LIMITED,0.3639370736666459,LOW,Keep in nurture queue and monitor,origin shows a positive conversion signal,805
937ae010840679f1d5b1d822452389bd,2018-05-16,346137f3e0157d94372d1cafc5675908,paid_search,0,2018,5,2,0.5292260366514766,1263,158,0.1248197583787997,0.0,,0.1071875,POSITIVE,LIMITED,0.3639370736666459,LOW,Keep in nurture queue and monitor,origin shows a positive conversion signal,806
1550809bafe5147e0d9e0e8b44455bc1,2018-05-05,9fa37f5177115156b1814ffc237402a6,paid_search,0,2018,5,5,0.5290981806736308,1263,158,0.1248197583787997,10.0,1.0,0.10479166666666667,POSITIVE,NEUTRAL,0.36338119341327174,LOW,Keep in nurture queue and monitor,origin shows a positive conversion signal,807
79c57bf41c34485dfe8b0d15d45a5fa2,2018-05-27,f017be4dbf86243af5c1ebed0cff36a2,paid_search,1,2018,5,6,0.5417876024708391,1263,158,0.1248197583787997,267.0,16.0,0.06321864111498258,POSITIVE,NEGATIVE,0.3626802413812599,LOW,Keep in nurture queue and monitor,origin shows a positive conversion signal; landing page shows a negative historical signal,808
cef5d42e943133ca564a6edad3f5f8c8,2018-05-20,f017be4dbf86243af5c1ebed0cff36a2,paid_search,0,2018,5,6,0.5417876024708391,1263,158,0.1248197583787997,267.0,16.0,0.06321864111498258,POSITIVE,NEGATIVE,0.3626802413812599,LOW,Keep in nurture queue and monitor,origin shows a positive conversion signal; landing page shows a negative historical signal,809
baf5ecd84c6a8766519b98f66eec1511,2018-05-10,6dca9fc31d8a95cdbcfafcc307012768,,1,2018,5,3,0.5079412819510797,42,9,0.17973790322580646,0.0,,0.1071875,STRONG,LIMITED,0.3621498498158091,LOW,Keep in nurture queue and monitor,origin historically converts above baseline,810
b16caa2fa08a03ed5bfe3e889dfba641,2018-05-15,fc4db0e1e8dfd5a305da563f9b2fc192,paid_search,0,2018,5,1,0.5255718547759213,1263,158,0.1248197583787997,0.0,,0.1071875,POSITIVE,LIMITED,0.3617445645413127,LOW,Keep in nurture queue and monitor,origin shows a positive conversion signal,811
261f67921edd024375a9a83e9ddf6a47,2018-05-01,346137f3e0157d94372d1cafc5675908,paid_search,0,2018,5,1,0.5255718547759213,1263,158,0.1248197583787997,0.0,,0.1071875,POSITIVE,LIMITED,0.3617445645413127,LOW,Keep in nurture queue and monitor,origin shows a positive conversion signal,812
8e12ae4ee6dc484ecf2277a19b845658,2018-05-08,3c3d58faafc86beae6e757f1470ce9f0,paid_search,1,2018,5,1,0.5255718547759213,1263,158,0.1248197583787997,0.0,,0.1071875,POSITIVE,LIMITED,0.3617445645413127,LOW,Keep in nurture queue and monitor,origin shows a positive conversion signal,813
6e668e75a724c96385d31729d5f7759b,2018-05-29,bfd05fa9f9fe2aedee539951a84f2aaf,paid_search,1,2018,5,1,0.5255718547759213,1263,158,0.1248197583787997,0.0,,0.1071875,POSITIVE,LIMITED,0.3617445645413127,LOW,Keep in nurture queue and monitor,origin shows a positive conversion signal,814
41947964e392efcf6b95c43e9aacba20,2018-05-22,bfd05fa9f9fe2aedee539951a84f2aaf,paid_search,0,2018,5,1,0.5255718547759213,1263,158,0.1248197583787997,0.0,,0.1071875,POSITIVE,LIMITED,0.3617445645413127,LOW,Keep in nurture queue and monitor,origin shows a positive conversion signal,815
4259f88ec5599c3e58266f349beceb45,2018-05-11,9fa37f5177115156b1814ffc237402a6,paid_search,0,2018,5,4,0.525443896278665,1263,158,0.1248197583787997,10.0,1.0,0.10479166666666667,POSITIVE,NEUTRAL,0.36118862277629227,LOW,Keep in nurture queue and monitor,origin shows a positive conversion signal,816
eff2afaf73d134f6ea9eb98ff373426c,2018-05-02,f80696b73d17fb34f5c4fde157f119d8,,0,2018,5,2,0.5042766412072776,42,9,0.17973790322580646,0.0,,0.1071875,STRONG,LIMITED,0.3599510653695278,LOW,Keep in nurture queue and monitor,origin historically converts above baseline,817
f42c61b0473deca6a719dfce6c235d8f,2018-05-07,30534107aa0013db92899c96a1017d0b,paid_search,0,2018,5,0,0.5219149319849725,1263,158,0.1248197583787997,0.0,,0.1071875,POSITIVE,LIMITED,0.35955041086674344,LOW,Keep in nurture queue and monitor,origin shows a positive conversion signal,818
472a3b0078de94d9743715bad1d9fb90,2018-05-28,346137f3e0157d94372d1cafc5675908,paid_search,0,2018,5,0,0.5219149319849725,1263,158,0.1248197583787997,0.0,,0.1071875,POSITIVE,LIMITED,0.35955041086674344,LOW,Keep in nurture queue and monitor,origin shows a positive conversion signal,819
1df51bfdf508045bda96f0d958cd2304,2018-05-14,bfd05fa9f9fe2aedee539951a84f2aaf,paid_search,0,2018,5,0,0.5219149319849725,1263,158,0.1248197583787997,0.0,,0.1071875,POSITIVE,LIMITED,0.35955041086674344,LOW,Keep in nurture queue and monitor,origin shows a positive conversion signal,820
fa8a19487bcedc1a7d6630926bee8c6b,2018-05-07,34c9ef8fb69f256ff66add711305d279,paid_search,0,2018,5,0,0.5219149319849725,1263,158,0.1248197583787997,0.0,,0.1071875,POSITIVE,LIMITED,0.35955041086674344,LOW,Keep in nurture queue and monitor,origin shows a positive conversion signal,821
5dd6e129b5884dc2ecc98e8e24aa5b6a,2018-05-21,f08397f6bf693eef76648ea83ed2ece8,paid_search,0,2018,5,0,0.5219149319849725,1263,158,0.1248197583787997,0.0,,0.1071875,POSITIVE,LIMITED,0.35955041086674344,LOW,Keep in nurture queue and monitor,origin shows a positive conversion signal,822
43829cbde6a6862b0f13133736da5c0c,2018-04-30,f017be4dbf86243af5c1ebed0cff36a2,unknown,0,2018,4,0,0.523156078009762,905,148,0.16231756756756757,267.0,16.0,0.06321864111498258,STRONG,NEGATIVE,0.3590008885423673,LOW,Keep in nurture queue and monitor,origin historically converts above baseline; landing page shows a negative historical signal,823
6feb1ebd75919b550ce9f8ac09e242cf,2018-05-10,9fa37f5177115156b1814ffc237402a6,paid_search,0,2018,5,3,0.5217868846121233,1263,158,0.1248197583787997,10.0,1.0,0.10479166666666667,POSITIVE,NEUTRAL,0.35899441577636726,LOW,Keep in nurture queue and monitor,origin shows a positive conversion signal,824
1571d58519c49044fe800d2346e81aae,2018-05-10,9fa37f5177115156b1814ffc237402a6,paid_search,0,2018,5,3,0.5217868846121233,1263,158,0.1248197583787997,10.0,1.0,0.10479166666666667,POSITIVE,NEUTRAL,0.35899441577636726,LOW,Keep in nurture queue and monitor,origin shows a positive conversion signal,825
8e07aa10a5403c30415e19d7cd694b97,2018-05-03,9fa37f5177115156b1814ffc237402a6,paid_search,0,2018,5,3,0.5217868846121233,1263,158,0.1248197583787997,10.0,1.0,0.10479166666666667,POSITIVE,NEUTRAL,0.35899441577636726,LOW,Keep in nurture queue and monitor,origin shows a positive conversion signal,826
49707cf9a38a9b8ee27e0de996121283,2018-05-24,9fa37f5177115156b1814ffc237402a6,paid_search,0,2018,5,3,0.5217868846121233,1263,158,0.1248197583787997,10.0,1.0,0.10479166666666667,POSITIVE,NEUTRAL,0.35899441577636726,LOW,Keep in nurture queue and monitor,origin shows a positive conversion signal,827
86f7d456aa5848c284f7940bdecdef5d,2018-05-03,9fa37f5177115156b1814ffc237402a6,paid_search,0,2018,5,3,0.5217868846121233,1263,158,0.1248197583787997,10.0,1.0,0.10479166666666667,POSITIVE,NEUTRAL,0.35899441577636726,LOW,Keep in nurture queue and monitor,origin shows a positive conversion signal,828
1e4be82281a54a839c8849d1e7440d32,2018-05-24,9fa37f5177115156b1814ffc237402a6,paid_search,0,2018,5,3,0.5217868846121233,1263,158,0.1248197583787997,10.0,1.0,0.10479166666666667,POSITIVE,NEUTRAL,0.35899441577636726,LOW,Keep in nurture queue and monitor,origin shows a positive conversion signal,829
f46f61cd63260f08d5e9873280cfb833,2018-05-23,9fa37f5177115156b1814ffc237402a6,paid_search,0,2018,5,2,0.5181275360429739,1263,158,0.1248197583787997,10.0,1.0,0.10479166666666667,POSITIVE,NEUTRAL,0.3567988066348776,LOW,Keep in nurture queue and monitor,origin shows a positive conversion signal,830
9c1905521e41acf1fcb24a248447ed22,2018-05-02,9fa37f5177115156b1814ffc237402a6,paid_search,0,2018,5,2,0.5181275360429739,1263,158,0.1248197583787997,10.0,1.0,0.10479166666666667,POSITIVE,NEUTRAL,0.3567988066348776,LOW,Keep in nurture queue and monitor,origin shows a positive conversion signal,831
550087d2dcb6ff5567452f2efcadb8c4,2018-05-16,9fa37f5177115156b1814ffc237402a6,paid_search,0,2018,5,2,0.5181275360429739,1263,158,0.1248197583787997,10.0,1.0,0.10479166666666667,POSITIVE,NEUTRAL,0.3567988066348776,LOW,Keep in nurture queue and monitor,origin shows a positive conversion signal,832
a42434c7a619630f358df0642b4dd7ff,2018-05-16,9fa37f5177115156b1814ffc237402a6,paid_search,0,2018,5,2,0.5181275360429739,1263,158,0.1248197583787997,10.0,1.0,0.10479166666666667,POSITIVE,NEUTRAL,0.3567988066348776,LOW,Keep in nurture queue and monitor,origin shows a positive conversion signal,833
907f872fe100d37c2fd9a9a1a616dc54,2018-05-09,9fa37f5177115156b1814ffc237402a6,paid_search,0,2018,5,2,0.5181275360429739,1263,158,0.1248197583787997,10.0,1.0,0.10479166666666667,POSITIVE,NEUTRAL,0.3567988066348776,LOW,Keep in nurture queue and monitor,origin shows a positive conversion signal,834
104aaa348cdf955361b5e9d57cda3394,2018-05-09,872eb32141128a5320bfe7b8cf80fc14,direct_traffic,0,2018,5,2,0.5281654269138447,406,48,0.11770833333333333,19.0,1.0,0.08060897435897436,POSITIVE,NEUTRAL,0.3565627176867684,LOW,Keep in nurture queue and monitor,origin shows a positive conversion signal,835
58df5c4f13e698517e6a9aa00e311f9a,2018-05-13,8ff57dffc365fcb5233232fff6e6bfd0,organic_search,0,2018,5,6,0.5189285124027624,1869,222,0.11865735839068291,0.0,,0.1071875,POSITIVE,LIMITED,0.356526079119794,LOW,Keep in nurture queue and monitor,origin shows a positive conversion signal,836
6f7b9e11d7c19b10334ddbb8ef024c9f,2018-05-06,e0d41e6d874fd065008378950917bca3,organic_search,0,2018,5,6,0.5189285124027624,1869,222,0.11865735839068291,0.0,,0.1071875,POSITIVE,LIMITED,0.356526079119794,LOW,Keep in nurture queue and monitor,origin shows a positive conversion signal,837
42a95a86a589b3e37d7e9a739821b11a,2018-05-27,a6daba667aa785424adbf4ae4848f753,organic_search,0,2018,5,6,0.5189285124027624,1869,222,0.11865735839068291,0.0,,0.1071875,POSITIVE,LIMITED,0.356526079119794,LOW,Keep in nurture queue and monitor,origin shows a positive conversion signal,838
60dfc9f44b250ed03992a2a1b39a30c1,2018-05-22,58326e62183c14b0c03085c33b9fdc44,organic_search,0,2018,5,1,0.5306073340278569,1869,222,0.11865735839068291,236.0,16.0,0.0708740234375,POSITIVE,NEGATIVE,0.3562706767823507,LOW,Keep in nurture queue and monitor,origin shows a positive conversion signal; landing page shows a negative historical signal,839
48ad2736ecc89272abbc29dcb09b9209,2018-05-15,58326e62183c14b0c03085c33b9fdc44,organic_search,0,2018,5,1,0.5306073340278569,1869,222,0.11865735839068291,236.0,16.0,0.0708740234375,POSITIVE,NEGATIVE,0.3562706767823507,LOW,Keep in nurture queue and monitor,origin shows a positive conversion signal; landing page shows a negative historical signal,840
d29a8d2929a392319e84dcc21046ca9d,2018-04-28,21a104c3279681d9856b8a48723c4fee,unknown,0,2018,4,5,0.5188560628611363,905,148,0.16231756756756757,32.0,1.0,0.060456730769230776,STRONG,NEGATIVE,0.3558684973840414,LOW,Keep in nurture queue and monitor,origin historically converts above baseline; landing page shows a negative historical signal,841
d2ac71782272659e7171150d20d59158,2018-05-14,a850a8a187e36cb07a8d06700d141993,,1,2018,5,0,0.4969463748807504,42,9,0.17973790322580646,0.0,,0.1071875,STRONG,LIMITED,0.3555529055736115,LOW,Keep in nurture queue and monitor,origin historically converts above baseline,842
6755ef4a92cca507c771ebec973b45cf,2018-05-09,908dad5b22342480f5cc055b8dd55e7e,other,0,2018,5,2,0.5335785985766303,135,3,0.033185483870967744,9.0,2.0,0.14288793103448277,NEGATIVE,LIMITED,0.35536184212706823,LOW,Keep in nurture queue and monitor,origin historically converts below baseline,843
7fb66e04510d2fa826e9fb43817c5851,2018-05-15,9fa37f5177115156b1814ffc237402a6,paid_search,0,2018,5,1,0.5144662419417932,1263,158,0.1248197583787997,10.0,1.0,0.10479166666666667,POSITIVE,NEUTRAL,0.35460203017416925,LOW,Keep in nurture queue and monitor,origin shows a positive conversion signal,844
c84b270aa5893770d53468e5ccd5d512,2018-05-02,58326e62183c14b0c03085c33b9fdc44,direct_traffic,0,2018,5,2,0.5280813336219169,406,48,0.11770833333333333,236.0,16.0,0.0708740234375,POSITIVE,NEGATIVE,0.3545652715273168,LOW,Keep in nurture queue and monitor,origin shows a positive conversion signal; landing page shows a negative historical signal,845
971dc6073a2e2440bc0c4a0fe51ba2a4,2018-05-19,8ff57dffc365fcb5233232fff6e6bfd0,organic_search,0,2018,5,5,0.5152676105569404,1869,222,0.11865735839068291,0.0,,0.1071875,POSITIVE,LIMITED,0.3543295380123008,LOW,Keep in nurture queue and monitor,origin shows a positive conversion signal,846
deb6b191ee8801b9c491c4c101dea707,2018-05-28,58326e62183c14b0c03085c33b9fdc44,organic_search,0,2018,5,0,0.5269542903244935,1869,222,0.11865735839068291,236.0,16.0,0.0708740234375,POSITIVE,NEGATIVE,0.35407885056033267,LOW,Keep in nurture queue and monitor,origin shows a positive conversion signal; landing page shows a negative historical signal,847
3e984ce2ff389ee3a938f3ca5b014e4d,2018-04-29,bfd05fa9f9fe2aedee539951a84f2aaf,paid_search,0,2018,4,6,0.5124821220825868,1263,158,0.1248197583787997,0.0,,0.1071875,POSITIVE,LIMITED,0.353890724925312,LOW,Keep in nurture queue and monitor,origin shows a positive conversion signal,848
60438b39047b64189d7cc0a6f7dd5df8,2018-05-20,c2fbb52ea85264169ad5109ee7775d06,direct_traffic,0,2018,5,6,0.5127348671633811,406,48,0.11770833333333333,0.0,,0.1071875,POSITIVE,LIMITED,0.3526200869646953,LOW,Keep in nurture queue and monitor,origin shows a positive conversion signal,849
f0adba5e5ab49b4bcc17febff2d1c7bd,2018-05-21,9fa37f5177115156b1814ffc237402a6,paid_search,0,2018,5,0,0.5108033945137554,1263,158,0.1248197583787997,10.0,1.0,0.10479166666666667,POSITIVE,NEUTRAL,0.35240432171734654,LOW,Keep in nurture queue and monitor,origin shows a positive conversion signal,850
fbb00e1e842e9e5350a7643e6d014863,2018-05-14,9fa37f5177115156b1814ffc237402a6,paid_search,0,2018,5,0,0.5108033945137554,1263,158,0.1248197583787997,10.0,1.0,0.10479166666666667,POSITIVE,NEUTRAL,0.35240432171734654,LOW,Keep in nurture queue and monitor,origin shows a positive conversion signal,851
5fee73752ea487e464e6d547c7697f15,2018-05-21,9fa37f5177115156b1814ffc237402a6,paid_search,0,2018,5,0,0.5108033945137554,1263,158,0.1248197583787997,10.0,1.0,0.10479166666666667,POSITIVE,NEUTRAL,0.35240432171734654,LOW,Keep in nurture queue and monitor,origin shows a positive conversion signal,852
99edc3daf630586eae1fa7529e68bb78,2018-05-04,c0f9e439226ea0373a7e3c0dfe71e4f9,organic_search,0,2018,5,4,0.5116050694928965,1869,222,0.11865735839068291,0.0,,0.1071875,POSITIVE,LIMITED,0.3521320133738745,LOW,Keep in nurture queue and monitor,origin shows a positive conversion signal,853
4810e3ec0a42f9824768643af3d99313,2018-05-25,8ff57dffc365fcb5233232fff6e6bfd0,organic_search,0,2018,5,4,0.5116050694928965,1869,222,0.11865735839068291,0.0,,0.1071875,POSITIVE,LIMITED,0.3521320133738745,LOW,Keep in nurture queue and monitor,origin shows a positive conversion signal,854
c70bb5cfd0305c9d18312d92f820c321,2018-05-07,fb58285f6f6c4e504dfa628de116cae8,unknown,0,2018,5,0,0.4985018609592966,905,148,0.16231756756756757,1.0,0.0,0.10208333333333335,STRONG,LIMITED,0.3519812967557582,LOW,Keep in nurture queue and monitor,origin historically converts above baseline,855
479605b650be05c9bd2f3b772260444a,2018-05-08,f017be4dbf86243af5c1ebed0cff36a2,paid_search,0,2018,5,1,0.523541864026465,1263,158,0.1248197583787997,267.0,16.0,0.06321864111498258,POSITIVE,NEGATIVE,0.35173279831463544,LOW,Keep in nurture queue and monitor,origin shows a positive conversion signal; landing page shows a negative historical signal,856
e47810d3bcc6fb73d2c868287ed890a2,2018-05-31,6265f632e27ca4d14268e0cb91ebc4a4,organic_search,0,2018,5,3,0.5079412819510797,1869,222,0.11865735839068291,0.0,,0.1071875,POSITIVE,LIMITED,0.3499337408487844,LOW,Keep in nurture queue and monitor,origin shows a positive conversion signal,857
508cfab9631f5b501a9991a62d93b669,2018-05-24,32d0cd3623c4eab3ededbe84943049d2,organic_search,0,2018,5,3,0.5079412819510797,1869,222,0.11865735839068291,0.0,,0.1071875,POSITIVE,LIMITED,0.3499337408487844,LOW,Keep in nurture queue and monitor,origin shows a positive conversion signal,858
5c54c0e87e5883b70dc2488ffad09d9d,2018-05-03,c1dbbbd410e1721a1932b550fdcef09b,organic_search,0,2018,5,3,0.5079412819510797,1869,222,0.11865735839068291,0.0,,0.1071875,POSITIVE,LIMITED,0.3499337408487844,LOW,Keep in nurture queue and monitor,origin shows a positive conversion signal,859
5f798f5a3adcaeeca1ece15e954ae46f,2018-05-10,8ff57dffc365fcb5233232fff6e6bfd0,organic_search,0,2018,5,3,0.5079412819510797,1869,222,0.11865735839068291,0.0,,0.1071875,POSITIVE,LIMITED,0.3499337408487844,LOW,Keep in nurture queue and monitor,origin shows a positive conversion signal,860
dcaadd992d05b51b8a81e2e6821a4574,2018-05-03,fa6f59a21825d841e307151460fb0302,organic_search,0,2018,5,3,0.5079412819510797,1869,222,0.11865735839068291,0.0,,0.1071875,POSITIVE,LIMITED,0.3499337408487844,LOW,Keep in nurture queue and monitor,origin shows a positive conversion signal,861
82fe1347d0cd0194a7bc3c4c48a8d7fa,2018-04-27,bfd05fa9f9fe2aedee539951a84f2aaf,paid_search,0,2018,4,4,0.5051541249025333,1263,158,0.1248197583787997,0.0,,0.1071875,POSITIVE,LIMITED,0.3494939266172799,LOW,Keep in nurture queue and monitor,origin shows a positive conversion signal,862
f2f28358656f049dba5140a578e0f1d3,2018-05-04,386ab4223b463542f214d97a27247329,direct_traffic,0,2018,5,4,0.5054070025968559,406,48,0.11770833333333333,0.0,,0.1071875,POSITIVE,LIMITED,0.3482233682247802,LOW,Keep in nurture queue and monitor,origin shows a positive conversion signal,863
3567cfd1c686f29a14001b0e2d6bb6bc,2018-05-16,5950e5dfc73454c6d83969bb09ba7fcd,organic_search,0,2018,5,2,0.5042766412072776,1869,222,0.11865735839068291,0.0,,0.1071875,POSITIVE,LIMITED,0.3477349564025031,LOW,Keep in nurture queue and monitor,origin shows a positive conversion signal,864
288ba9abad93ef50e6a76089ae84aab3,2018-05-30,346137f3e0157d94372d1cafc5675908,organic_search,1,2018,5,2,0.5042766412072776,1869,222,0.11865735839068291,0.0,,0.1071875,POSITIVE,LIMITED,0.3477349564025031,LOW,Keep in nurture queue and monitor,origin shows a positive conversion signal,865
8a44192374dd613240bf74f1f2498cfc,2018-05-16,6a110e795dd487f1cf8d7583671987af,organic_search,0,2018,5,2,0.5042766412072776,1869,222,0.11865735839068291,0.0,,0.1071875,POSITIVE,LIMITED,0.3477349564025031,LOW,Keep in nurture queue and monitor,origin shows a positive conversion signal,866
5b7b29577c93096ec507f2257eaaaa83,2018-05-30,ef8fd2bd651e9bede81dfb6e45480793,organic_search,0,2018,5,2,0.5042766412072776,1869,222,0.11865735839068291,0.0,,0.1071875,POSITIVE,LIMITED,0.3477349564025031,LOW,Keep in nurture queue and monitor,origin shows a positive conversion signal,867
63394a27949763b1e3b3673c4d5e61f9,2018-05-16,a6daba667aa785424adbf4ae4848f753,organic_search,0,2018,5,2,0.5042766412072776,1869,222,0.11865735839068291,0.0,,0.1071875,POSITIVE,LIMITED,0.3477349564025031,LOW,Keep in nurture queue and monitor,origin shows a positive conversion signal,868
255509891065036fb60f4db77a073988,2018-05-02,f80696b73d17fb34f5c4fde157f119d8,organic_search,0,2018,5,2,0.5042766412072776,1869,222,0.11865735839068291,0.0,,0.1071875,POSITIVE,LIMITED,0.3477349564025031,LOW,Keep in nurture queue and monitor,origin shows a positive conversion signal,869
5b2b90013bf899246dfdfd063813e999,2018-05-09,8ff57dffc365fcb5233232fff6e6bfd0,organic_search,0,2018,5,2,0.5042766412072776,1869,222,0.11865735839068291,0.0,,0.1071875,POSITIVE,LIMITED,0.3477349564025031,LOW,Keep in nurture queue and monitor,origin shows a positive conversion signal,870
9fa80e175795759b2749da4ab953784d,2018-05-16,6a110e795dd487f1cf8d7583671987af,organic_search,0,2018,5,2,0.5042766412072776,1869,222,0.11865735839068291,0.0,,0.1071875,POSITIVE,LIMITED,0.3477349564025031,LOW,Keep in nurture queue and monitor,origin shows a positive conversion signal,871
a7f3f490c7f84e0169307b56f9f474f7,2018-05-02,f80696b73d17fb34f5c4fde157f119d8,organic_search,0,2018,5,2,0.5042766412072776,1869,222,0.11865735839068291,0.0,,0.1071875,POSITIVE,LIMITED,0.3477349564025031,LOW,Keep in nurture queue and monitor,origin shows a positive conversion signal,872
bae62bddc68200ea11b5c7bacbcb1682,2018-04-26,f80696b73d17fb34f5c4fde157f119d8,paid_search,0,2018,4,3,0.501489098776549,1263,158,0.1248197583787997,0.0,,0.1071875,POSITIVE,LIMITED,0.34729491094168935,LOW,Keep in nurture queue and monitor,origin shows a positive conversion signal,873
94b7cee526e7478a1d4c97340d74b467,2018-04-26,bfd05fa9f9fe2aedee539951a84f2aaf,paid_search,0,2018,4,3,0.501489098776549,1263,158,0.1248197583787997,0.0,,0.1071875,POSITIVE,LIMITED,0.34729491094168935,LOW,Keep in nurture queue and monitor,origin shows a positive conversion signal,874
f13684de18647e19fc4edacf6b285920,2018-05-13,a7982125ff7aa3b2054c6e44f9d28522,email,0,2018,5,6,0.5266821214188022,383,12,0.035096153846153846,124.0,15.0,0.11905381944444444,NEGATIVE,POSITIVE,0.346839267509401,LOW,Keep in nurture queue and monitor,origin historically converts below baseline; landing page shows a positive historical signal,875
fc804d532af1ae8155de91061e37d756,2018-05-20,f017be4dbf86243af5c1ebed0cff36a2,organic_search,0,2018,5,6,0.5168962247602732,1869,222,0.11865735839068291,267.0,16.0,0.06321864111498258,POSITIVE,NEGATIVE,0.34651293475729705,LOW,Keep in nurture queue and monitor,origin shows a positive conversion signal; landing page shows a negative historical signal,876
2ace49d4e72215e330d67d5f45db12e5,2018-05-03,5c517d06e51b50ae51785450e0b806d5,direct_traffic,0,2018,5,3,0.501742002039003,406,48,0.11770833333333333,0.0,,0.1071875,POSITIVE,LIMITED,0.34602436789006846,LOW,Keep in nurture queue and monitor,origin shows a positive conversion signal,877
88265682f64ddb514c09888a3a37c511,2018-05-10,0a946f83fbafa9ebf3d1c1083a6d865b,direct_traffic,0,2018,5,3,0.501742002039003,406,48,0.11770833333333333,0.0,,0.1071875,POSITIVE,LIMITED,0.34602436789006846,LOW,Keep in nurture queue and monitor,origin shows a positive conversion signal,878
168253866cf4542ad1895c7d2dd3a175,2018-05-10,44cb5e9f50dfa3b36e485b0f26c4fe5f,direct_traffic,0,2018,5,3,0.501742002039003,406,48,0.11770833333333333,0.0,,0.1071875,POSITIVE,LIMITED,0.34602436789006846,LOW,Keep in nurture queue and monitor,origin shows a positive conversion signal,879
7446f6200e3167caa3cab7b651d11828,2018-05-10,3e2dbc66617ded5ca6a69bdb3a354d4a,direct_traffic,0,2018,5,3,0.501742002039003,406,48,0.11770833333333333,0.0,,0.1071875,POSITIVE,LIMITED,0.34602436789006846,LOW,Keep in nurture queue and monitor,origin shows a positive conversion signal,880
69dd3adb0041b1f8f96fdeb353d418a5,2018-05-08,f80696b73d17fb34f5c4fde157f119d8,organic_search,0,2018,5,1,0.5006115409038709,1869,222,0.11865735839068291,0.0,,0.1071875,POSITIVE,LIMITED,0.34553589622045916,LOW,Keep in nurture queue and monitor,origin shows a positive conversion signal,881
189627e6dfdb79c621a10584770d0427,2018-05-08,f80696b73d17fb34f5c4fde157f119d8,organic_search,0,2018,5,1,0.5006115409038709,1869,222,0.11865735839068291,0.0,,0.1071875,POSITIVE,LIMITED,0.34553589622045916,LOW,Keep in nurture queue and monitor,origin shows a positive conversion signal,882
b64eccfaa3c560d142a15ca43a0ddc98,2018-05-08,8ff57dffc365fcb5233232fff6e6bfd0,organic_search,1,2018,5,1,0.5006115409038709,1869,222,0.11865735839068291,0.0,,0.1071875,POSITIVE,LIMITED,0.34553589622045916,LOW,Keep in nurture queue and monitor,origin shows a positive conversion signal,883
5601077f1cc5aa2ec7bdad06aa84b45f,2018-05-29,8ff57dffc365fcb5233232fff6e6bfd0,organic_search,0,2018,5,1,0.5006115409038709,1869,222,0.11865735839068291,0.0,,0.1071875,POSITIVE,LIMITED,0.34553589622045916,LOW,Keep in nurture queue and monitor,origin shows a positive conversion signal,884
1736246cb52ecbe46bddc1cd2b60cf48,2018-05-29,e0d41e6d874fd065008378950917bca3,organic_search,0,2018,5,1,0.5006115409038709,1869,222,0.11865735839068291,0.0,,0.1071875,POSITIVE,LIMITED,0.34553589622045916,LOW,Keep in nurture queue and monitor,origin shows a positive conversion signal,885
91091ac32f525d88daa6d6b721420ac1,2018-05-22,ef8fd2bd651e9bede81dfb6e45480793,organic_search,0,2018,5,1,0.5006115409038709,1869,222,0.11865735839068291,0.0,,0.1071875,POSITIVE,LIMITED,0.34553589622045916,LOW,Keep in nurture queue and monitor,origin shows a positive conversion signal,886
c63ba052767e8a11779df4a71caf0b4d,2018-05-01,f1ac5ca9008183011d8a8e770bcbbdbb,organic_search,0,2018,5,1,0.5006115409038709,1869,222,0.11865735839068291,0.0,,0.1071875,POSITIVE,LIMITED,0.34553589622045916,LOW,Keep in nurture queue and monitor,origin shows a positive conversion signal,887
9a1bd630a47dabafa6f4cab7338d01df,2018-04-27,73f31a40697cc90a86c1273563ac230e,unknown,0,2018,4,4,0.5051559995665917,905,148,0.16231756756756757,106.0,4.0,0.04875992063492064,STRONG,NEGATIVE,0.3453090973804527,LOW,Keep in nurture queue and monitor,origin historically converts above baseline; landing page shows a negative historical signal,888
c1080323abd122db8e79376998d29915,2018-04-25,f80696b73d17fb34f5c4fde157f119d8,paid_search,0,2018,4,2,0.49782391262459874,1263,158,0.1248197583787997,0.0,,0.1071875,POSITIVE,LIMITED,0.34509579925051914,LOW,Keep in nurture queue and monitor,origin shows a positive conversion signal,889
4ed1821c31cd5c17f150a5149ec39f8e,2018-04-25,f80696b73d17fb34f5c4fde157f119d8,paid_search,0,2018,4,2,0.49782391262459874,1263,158,0.1248197583787997,0.0,,0.1071875,POSITIVE,LIMITED,0.34509579925051914,LOW,Keep in nurture queue and monitor,origin shows a positive conversion signal,890
8980cfa9b304002ed0b058511901b55a,2018-04-25,f80696b73d17fb34f5c4fde157f119d8,paid_search,0,2018,4,2,0.49782391262459874,1263,158,0.1248197583787997,0.0,,0.1071875,POSITIVE,LIMITED,0.34509579925051914,LOW,Keep in nurture queue and monitor,origin shows a positive conversion signal,891
9d02788d7cf4ed2fd71f530add408b8f,2018-05-05,f017be4dbf86243af5c1ebed0cff36a2,organic_search,0,2018,5,5,0.5132343643727821,1869,222,0.11865735839068291,267.0,16.0,0.06321864111498258,POSITIVE,NEGATIVE,0.3443158185248024,LOW,Keep in nurture queue and monitor,origin shows a positive conversion signal; landing page shows a negative historical signal,892
b380daa278888a81d3a803e941b93dd4,2018-05-12,f017be4dbf86243af5c1ebed0cff36a2,organic_search,0,2018,5,5,0.5132343643727821,1869,222,0.11865735839068291,267.0,16.0,0.06321864111498258,POSITIVE,NEGATIVE,0.3443158185248024,LOW,Keep in nurture queue and monitor,origin shows a positive conversion signal; landing page shows a negative historical signal,893
af773c83af5e2fec9711833bcbe37b30,2018-05-05,f017be4dbf86243af5c1ebed0cff36a2,organic_search,0,2018,5,5,0.5132343643727821,1869,222,0.11865735839068291,267.0,16.0,0.06321864111498258,POSITIVE,NEGATIVE,0.3443158185248024,LOW,Keep in nurture queue and monitor,origin shows a positive conversion signal; landing page shows a negative historical signal,894
da4e7a3d424c98f7377e21cd7a4290bc,2018-05-19,f017be4dbf86243af5c1ebed0cff36a2,organic_search,0,2018,5,5,0.5132343643727821,1869,222,0.11865735839068291,267.0,16.0,0.06321864111498258,POSITIVE,NEGATIVE,0.3443158185248024,LOW,Keep in nurture queue and monitor,origin shows a positive conversion signal; landing page shows a negative historical signal,895
204dbb40a6272d96566a58b0b2387bc5,2018-05-16,8ff57dffc365fcb5233232fff6e6bfd0,direct_traffic,0,2018,5,2,0.49807681427755235,406,48,0.11770833333333333,0.0,,0.1071875,POSITIVE,LIMITED,0.34382525523319807,LOW,Keep in nurture queue and monitor,origin shows a positive conversion signal,896
4a893a88d15d3770375c5410eca302f3,2018-05-15,ce1a65abd0973638f1c887a6efcfa82d,display,0,2018,5,1,0.5034080193561085,105,5,0.057150000000000006,320.0,49.0,0.15042279411764706,NEGATIVE,STRONG,0.3435593704371945,LOW,Keep in nurture queue and monitor,origin historically converts below baseline; landing page shows a strong historical signal,897
48f02bed60a8daf40921885dc057107f,2018-05-15,d83b0d0e48c8447d1d5507a44027a955,email,0,2018,5,1,0.5111333521902667,383,12,0.035096153846153846,28.0,5.0,0.148828125,NEGATIVE,STRONG,0.3434648670833908,LOW,Keep in nurture queue and monitor,origin historically converts below baseline; landing page shows a strong historical signal,898
3a019cd8c7a1346a415470e8717f0da2,2018-05-21,431a558885d03bf98bc3747f78cdfab7,organic_search,0,2018,5,0,0.4969463748807504,1869,222,0.11865735839068291,0.0,,0.1071875,POSITIVE,LIMITED,0.34333679660658684,LOW,Keep in nurture queue and monitor,origin shows a positive conversion signal,899
696f528c370cf145a481248a60ed85b5,2018-05-14,dd26cc89043f913c5441e3c88f2c26b6,organic_search,0,2018,5,0,0.4969463748807504,1869,222,0.11865735839068291,0.0,,0.1071875,POSITIVE,LIMITED,0.34333679660658684,LOW,Keep in nurture queue and monitor,origin shows a positive conversion signal,900
a9a0fade5a9e1e3ad02e2e730ff3378c,2018-05-07,8ff57dffc365fcb5233232fff6e6bfd0,organic_search,0,2018,5,0,0.4969463748807504,1869,222,0.11865735839068291,0.0,,0.1071875,POSITIVE,LIMITED,0.34333679660658684,LOW,Keep in nurture queue and monitor,origin shows a positive conversion signal,901
768e0cc7e7645b8ef7f9e6846fb31a48,2018-05-14,a3d84321c2ae810ea876baffd7ae050d,organic_search,0,2018,5,0,0.4969463748807504,1869,222,0.11865735839068291,0.0,,0.1071875,POSITIVE,LIMITED,0.34333679660658684,LOW,Keep in nurture queue and monitor,origin shows a positive conversion signal,902
41b388b1c94a67752c29f62a6b12b0fa,2018-05-17,9fa37f5177115156b1814ffc237402a6,organic_search,0,2018,5,3,0.4968180874770856,1869,222,0.11865735839068291,10.0,1.0,0.10479166666666667,POSITIVE,NEUTRAL,0.3427806574977213,LOW,Keep in nurture queue and monitor,origin shows a positive conversion signal,903
0fcbf0a290e4dba30d5702ec0ed9444e,2018-05-25,f017be4dbf86243af5c1ebed0cff36a2,organic_search,0,2018,5,4,0.5095710827383723,1869,222,0.11865735839068291,267.0,16.0,0.06321864111498258,POSITIVE,NEGATIVE,0.34211784954415647,LOW,Keep in nurture queue and monitor,origin shows a positive conversion signal; landing page shows a negative historical signal,904
a3f0bf3bab7b197f173b2fc81a275eae,2018-05-25,f017be4dbf86243af5c1ebed0cff36a2,organic_search,0,2018,5,4,0.5095710827383723,1869,222,0.11865735839068291,267.0,16.0,0.06321864111498258,POSITIVE,NEGATIVE,0.34211784954415647,LOW,Keep in nurture queue and monitor,origin shows a positive conversion signal; landing page shows a negative historical signal,905
3208ff3ee150fa0918cd46d2c0dddc1c,2018-05-18,f017be4dbf86243af5c1ebed0cff36a2,organic_search,0,2018,5,4,0.5095710827383723,1869,222,0.11865735839068291,267.0,16.0,0.06321864111498258,POSITIVE,NEGATIVE,0.34211784954415647,LOW,Keep in nurture queue and monitor,origin shows a positive conversion signal; landing page shows a negative historical signal,906
cc033bc7d61c82cbefe72f540117c64e,2018-05-03,21a104c3279681d9856b8a48723c4fee,paid_search,0,2018,5,3,0.5082552755830888,1263,158,0.1248197583787997,32.0,1.0,0.060456730769230776,POSITIVE,NEGATIVE,0.3420084631794594,LOW,Keep in nurture queue and monitor,origin shows a positive conversion signal; landing page shows a negative historical signal,907
a89e6866631d78784f00f728cdbe0fa8,2018-05-08,7fa6590e1b6cc9f17eb5cfdcfad63d50,direct_traffic,0,2018,5,1,0.49441183318998716,406,48,0.11770833333333333,0.0,,0.1071875,POSITIVE,LIMITED,0.341626266580659,LOW,Keep in nurture queue and monitor,origin shows a positive conversion signal,908
4d9687c66adadc63934f5102bf079d74,2018-05-08,7fa6590e1b6cc9f17eb5cfdcfad63d50,direct_traffic,0,2018,5,1,0.49441183318998716,406,48,0.11770833333333333,0.0,,0.1071875,POSITIVE,LIMITED,0.341626266580659,LOW,Keep in nurture queue and monitor,origin shows a positive conversion signal,909
38527f6aa36f7cf468e6f6b561afe994,2018-05-08,fa6f59a21825d841e307151460fb0302,direct_traffic,0,2018,5,1,0.49441183318998716,406,48,0.11770833333333333,0.0,,0.1071875,POSITIVE,LIMITED,0.341626266580659,LOW,Keep in nurture queue and monitor,origin shows a positive conversion signal,910
97ce84b684875fd93dd134c18099ade9,2018-05-08,f80696b73d17fb34f5c4fde157f119d8,direct_traffic,0,2018,5,1,0.49441183318998716,406,48,0.11770833333333333,0.0,,0.1071875,POSITIVE,LIMITED,0.341626266580659,LOW,Keep in nurture queue and monitor,origin shows a positive conversion signal,911
46cdab6ee8d08331f2369b4b04a4a4d5,2018-05-25,e492ee5eaf1697716985cc6f33f9cd9b,unknown,0,2018,5,4,0.4991071672030052,905,148,0.16231756756756757,234.0,9.0,0.043873031496062996,STRONG,NEGATIVE,0.3407024201345292,LOW,Keep in nurture queue and monitor,origin historically converts above baseline; landing page shows a negative historical signal,912
540d39088f57303a44a9ad9ed6937c71,2018-04-30,bfd05fa9f9fe2aedee539951a84f2aaf,paid_search,0,2018,4,0,0.4904946356494511,1263,158,0.1248197583787997,0.0,,0.1071875,POSITIVE,LIMITED,0.34069823306543057,LOW,Keep in nurture queue and monitor,origin shows a positive conversion signal,913
75189197f1edfc7d60d2aa4f0abf02a4,2018-05-17,f017be4dbf86243af5c1ebed0cff36a2,organic_search,0,2018,5,3,0.5059067729155208,1869,222,0.11865735839068291,267.0,16.0,0.06321864111498258,POSITIVE,NEGATIVE,0.3399192636504456,LOW,Keep in nurture queue and monitor,origin shows a positive conversion signal; landing page shows a negative historical signal,914
a1668ffc4a96b650355d86b7d70fe59a,2018-05-24,f017be4dbf86243af5c1ebed0cff36a2,organic_search,0,2018,5,3,0.5059067729155208,1869,222,0.11865735839068291,267.0,16.0,0.06321864111498258,POSITIVE,NEGATIVE,0.3399192636504456,LOW,Keep in nurture queue and monitor,origin shows a positive conversion signal; landing page shows a negative historical signal,915
c4a8744c537cc4c5c147292d6ca84144,2018-05-10,f017be4dbf86243af5c1ebed0cff36a2,organic_search,0,2018,5,3,0.5059067729155208,1869,222,0.11865735839068291,267.0,16.0,0.06321864111498258,POSITIVE,NEGATIVE,0.3399192636504456,LOW,Keep in nurture queue and monitor,origin shows a positive conversion signal; landing page shows a negative historical signal,916
d847776976cb4d14fd28d53d9f326190,2018-05-27,a7982125ff7aa3b2054c6e44f9d28522,display,0,2018,5,6,0.5058205842359661,105,5,0.057150000000000006,124.0,15.0,0.11905381944444444,NEGATIVE,POSITIVE,0.3387331144304685,LOW,Keep in nurture queue and monitor,origin historically converts below baseline; landing page shows a positive historical signal,917
b41d773d96c92dc45260232ed8129134,2018-05-02,5f8ff9510f85e3e9dcb1d74965bf8d48,organic_search,0,2018,5,2,0.4903609575191266,1869,222,0.11865735839068291,1.0,0.0,0.10208333333333335,POSITIVE,LIMITED,0.3383647128562793,LOW,Keep in nurture queue and monitor,origin shows a positive conversion signal,918
c58717d58c6bed3a03c508ff5d14b560,2018-04-25,9fa37f5177115156b1814ffc237402a6,paid_search,0,2018,4,2,0.486703129576336,1263,158,0.1248197583787997,10.0,1.0,0.10479166666666667,POSITIVE,NEUTRAL,0.33794416275489486,LOW,Keep in nurture queue and monitor,origin shows a positive conversion signal,919
cd1c758ef1fa8b3fa90d46efc6e4c66d,2018-04-25,9fa37f5177115156b1814ffc237402a6,paid_search,1,2018,4,2,0.486703129576336,1263,158,0.1248197583787997,10.0,1.0,0.10479166666666667,POSITIVE,NEUTRAL,0.33794416275489486,LOW,Keep in nurture queue and monitor,origin shows a positive conversion signal,920
af2de23c98a456d8fe1171e3e0395e32,2018-05-02,f017be4dbf86243af5c1ebed0cff36a2,organic_search,0,2018,5,2,0.5022418284044072,1869,222,0.11865735839068291,267.0,16.0,0.06321864111498258,POSITIVE,NEGATIVE,0.3377202969437775,LOW,Keep in nurture queue and monitor,origin shows a positive conversion signal; landing page shows a negative historical signal,921
8c9b3de1e2d4afbb00c8d0ed13c9da34,2018-05-19,a7982125ff7aa3b2054c6e44f9d28522,display,0,2018,5,5,0.5021556295365295,105,5,0.057150000000000006,124.0,15.0,0.11905381944444444,NEGATIVE,POSITIVE,0.3365341416108065,LOW,Keep in nurture queue and monitor,origin historically converts below baseline; landing page shows a positive historical signal,922
32b586f1cd4f9b692394beb92839893f,2018-05-17,f017be4dbf86243af5c1ebed0cff36a2,direct_traffic,0,2018,5,3,0.49970710704513444,406,48,0.11770833333333333,267.0,16.0,0.06321864111498258,POSITIVE,NEGATIVE,0.33600965911674385,LOW,Keep in nurture queue and monitor,origin shows a positive conversion signal; landing page shows a negative historical signal,923
6dcca2f79e4a4672f7c91f58385b4582,2018-04-24,9fa37f5177115156b1814ffc237402a6,paid_search,1,2018,4,1,0.48304129685160074,1263,158,0.1248197583787997,10.0,1.0,0.10479166666666667,POSITIVE,NEUTRAL,0.3357470631200537,LOW,Keep in nurture queue and monitor,origin shows a positive conversion signal,924
8f7a73fe6b9682ff2ad7400c0744a043,2018-05-08,f017be4dbf86243af5c1ebed0cff36a2,organic_search,0,2018,5,1,0.49857664297796156,1869,222,0.11865735839068291,267.0,16.0,0.06321864111498258,POSITIVE,NEGATIVE,0.33552118568791006,LOW,Keep in nurture queue and monitor,origin shows a positive conversion signal; landing page shows a negative historical signal,925
6e217b33f06c363aaca7dfd937b8fb89,2018-05-21,b6cd08ac77c501fd6857f7916d2c24f3,organic_search,0,2018,5,0,0.4936678797322953,1869,222,0.11865735839068291,22.0,1.0,0.07485119047619049,POSITIVE,NEGATIVE,0.3349024376127519,LOW,Keep in nurture queue and monitor,origin shows a positive conversion signal; landing page shows a negative historical signal,926
7281f75a3496aa1e3643f44cd5773a65,2018-05-08,27cd3540bace1f4a4b2bc6d319b0553c,unknown,1,2018,5,1,0.47531848490369055,905,148,0.16231756756756757,17.0,1.0,0.08496621621621622,STRONG,NEUTRAL,0.3346478476989711,LOW,Keep in nurture queue and monitor,origin historically converts above baseline,927
cf911f83947bf6be88b36a02b5512288,2018-04-30,b817df3a69949ef27ed885bfcbfd5125,unknown,0,2018,4,0,0.4719136076885938,905,148,0.16231756756756757,3.0,0.0,0.09320652173913045,STRONG,LIMITED,0.33425298247449586,LOW,Keep in nurture queue and monitor,origin historically converts above baseline,928
bc5cbed16977e921c857898f3754ca5c,2018-05-25,b51b5a040fd76d72567c599481147956,paid_search,0,2018,5,4,0.4853690805780628,1263,158,0.1248197583787997,4.0,0.0,0.08932291666666668,POSITIVE,LIMITED,0.33404998335593095,LOW,Keep in nurture queue and monitor,origin shows a positive conversion signal,929
169ea72d893b7bfe6a36b531a78b48af,2018-04-25,9fa37f5177115156b1814ffc237402a6,,0,2018,4,2,0.46179198149615097,42,9,0.17973790322580646,10.0,1.0,0.10479166666666667,STRONG,NEUTRAL,0.3339811028761852,LOW,Keep in nurture queue and monitor,origin historically converts above baseline,930
0eeda8e4fb95a71fd5260ceabf058137,2018-05-16,f017be4dbf86243af5c1ebed0cff36a2,direct_traffic,0,2018,5,2,0.49604198539498623,406,48,0.11770833333333333,267.0,16.0,0.06321864111498258,POSITIVE,NEGATIVE,0.33381058612665493,LOW,Keep in nurture queue and monitor,origin shows a positive conversion signal; landing page shows a negative historical signal,931
76069877da8f1384cce3ca8826982c1a,2018-04-29,30534107aa0013db92899c96a1017d0b,direct_traffic,0,2018,4,6,0.481310841890885,406,48,0.11770833333333333,0.0,,0.1071875,POSITIVE,LIMITED,0.3337656718011977,LOW,Keep in nurture queue and monitor,origin shows a positive conversion signal,932
9b095e0906047abe5d69950086857a14,2018-05-03,4ed6bf4ac34e75c7c81fcf829d96b739,paid_search,0,2018,5,3,0.4804890864941758,1263,158,0.1248197583787997,1.0,0.0,0.10208333333333335,POSITIVE,LIMITED,0.3336740702389321,LOW,Keep in nurture queue and monitor,origin shows a positive conversion signal,933
71de73700199314daad7658522640fa5,2018-04-28,c494978688ccf66ad9fad3d6a3338c22,social,0,2018,4,5,0.49767413356737017,1018,63,0.06275891136801541,8.0,1.0,0.11227678571428572,NEGATIVE,LIMITED,0.3336116195568823,LOW,Keep in nurture queue and monitor,origin historically converts below baseline,934
801e72ef2ebe2b80ef71fb8b968d9b48,2018-04-30,9fa37f5177115156b1814ffc237402a6,paid_search,0,2018,4,0,0.47938128451322237,1263,158,0.1248197583787997,10.0,1.0,0.10479166666666667,POSITIVE,NEUTRAL,0.3335510557170267,LOW,Keep in nurture queue and monitor,origin shows a positive conversion signal,935
b90658ac073c1d522b88fe8d00ba799f,2018-04-30,9fa37f5177115156b1814ffc237402a6,paid_search,0,2018,4,0,0.47938128451322237,1263,158,0.1248197583787997,10.0,1.0,0.10479166666666667,POSITIVE,NEUTRAL,0.3335510557170267,LOW,Keep in nurture queue and monitor,origin shows a positive conversion signal,936
4da6c4d07033d355453ce49273d591c6,2018-05-18,0c83f57c786a0b4a39efab23731c7ebc,,0,2018,5,4,0.46194779430777544,42,9,0.17973790322580646,1.0,0.0,0.10208333333333335,STRONG,LIMITED,0.33353292389649325,LOW,Keep in nurture queue and monitor,origin historically converts above baseline,937
be29a77514abbab45ce7c52d27ee292d,2018-05-07,f017be4dbf86243af5c1ebed0cff36a2,organic_search,0,2018,5,0,0.49491161051266297,1869,222,0.11865735839068291,267.0,16.0,0.06321864111498258,POSITIVE,NEGATIVE,0.3333221662087309,LOW,Keep in nurture queue and monitor,origin shows a positive conversion signal; landing page shows a negative historical signal,938
6916222172eb021e5d5f0043453078b9,2018-05-28,f017be4dbf86243af5c1ebed0cff36a2,organic_search,0,2018,5,0,0.49491161051266297,1869,222,0.11865735839068291,267.0,16.0,0.06321864111498258,POSITIVE,NEGATIVE,0.3333221662087309,LOW,Keep in nurture queue and monitor,origin shows a positive conversion signal; landing page shows a negative historical signal,939
202f23d31e8c8dd9fbe4669c5e0cc7f7,2018-05-21,f017be4dbf86243af5c1ebed0cff36a2,organic_search,0,2018,5,0,0.49491161051266297,1869,222,0.11865735839068291,267.0,16.0,0.06321864111498258,POSITIVE,NEGATIVE,0.3333221662087309,LOW,Keep in nurture queue and monitor,origin shows a positive conversion signal; landing page shows a negative historical signal,940
3c841cee5b2497ea9617f7e630b8ead1,2018-05-21,f017be4dbf86243af5c1ebed0cff36a2,organic_search,0,2018,5,0,0.49491161051266297,1869,222,0.11865735839068291,267.0,16.0,0.06321864111498258,POSITIVE,NEGATIVE,0.3333221662087309,LOW,Keep in nurture queue and monitor,origin shows a positive conversion signal; landing page shows a negative historical signal,941
d238f0c1fbf6fccb32a3f8efcf03e3b8,2018-05-07,f017be4dbf86243af5c1ebed0cff36a2,organic_search,1,2018,5,0,0.49491161051266297,1869,222,0.11865735839068291,267.0,16.0,0.06321864111498258,POSITIVE,NEGATIVE,0.3333221662087309,LOW,Keep in nurture queue and monitor,origin shows a positive conversion signal; landing page shows a negative historical signal,942
6a923382c8c5696a76af7a604937de28,2018-05-14,f017be4dbf86243af5c1ebed0cff36a2,organic_search,0,2018,5,0,0.49491161051266297,1869,222,0.11865735839068291,267.0,16.0,0.06321864111498258,POSITIVE,NEGATIVE,0.3333221662087309,LOW,Keep in nurture queue and monitor,origin shows a positive conversion signal; landing page shows a negative historical signal,943
18b16aa4f6882ecd819ad38f21394925,2018-04-27,b6168f7cc29e9a2b6d9e82df0e668a87,organic_search,0,2018,4,4,0.48018205075006276,1869,222,0.11865735839068291,0.0,,0.1071875,POSITIVE,LIMITED,0.3332782021281743,LOW,Keep in nurture queue and monitor,origin shows a positive conversion signal,944
0198d08e55ae4a0178fed63e44d46437,2018-04-27,f80696b73d17fb34f5c4fde157f119d8,organic_search,0,2018,4,4,0.48018205075006276,1869,222,0.11865735839068291,0.0,,0.1071875,POSITIVE,LIMITED,0.3332782021281743,LOW,Keep in nurture queue and monitor,origin shows a positive conversion signal,945
e06a3d7d02b402490a194d884f6c8f8d,2018-04-27,f80696b73d17fb34f5c4fde157f119d8,organic_search,0,2018,4,4,0.48018205075006276,1869,222,0.11865735839068291,0.0,,0.1071875,POSITIVE,LIMITED,0.3332782021281743,LOW,Keep in nurture queue and monitor,origin shows a positive conversion signal,946
b56a4eea3b495db226888f2f89e7678f,2018-04-27,447cabeecc99dc245cb42be7122cba9e,organic_search,0,2018,4,4,0.48018205075006276,1869,222,0.11865735839068291,0.0,,0.1071875,POSITIVE,LIMITED,0.3332782021281743,LOW,Keep in nurture queue and monitor,origin shows a positive conversion signal,947
a81fd14f84d7df07fbc3c49bcd9e705f,2018-04-27,f80696b73d17fb34f5c4fde157f119d8,organic_search,0,2018,4,4,0.48018205075006276,1869,222,0.11865735839068291,0.0,,0.1071875,POSITIVE,LIMITED,0.3332782021281743,LOW,Keep in nurture queue and monitor,origin shows a positive conversion signal,948
302810c531dc591423c0ab6271fdc1ec,2018-05-21,27cd3540bace1f4a4b2bc6d319b0553c,unknown,0,2018,5,0,0.4716635996342024,905,148,0.16231756756756757,17.0,1.0,0.08496621621621622,STRONG,NEUTRAL,0.3324549165372782,LOW,Keep in nurture queue and monitor,origin historically converts above baseline,949
6a69660a9c35e93dc3ade91d832ba240,2018-05-03,a7982125ff7aa3b2054c6e44f9d28522,display,0,2018,5,3,0.4948254190572491,105,5,0.057150000000000006,124.0,15.0,0.11905381944444444,NEGATIVE,POSITIVE,0.33213601532323833,LOW,Keep in nurture queue and monitor,origin historically converts below baseline; landing page shows a positive historical signal,950
b90418472b108bc0ac07f556d5b373aa,2018-05-07,c494978688ccf66ad9fad3d6a3338c22,referral,0,2018,5,0,0.49147231166516453,219,15,0.07173117154811716,8.0,1.0,0.11227678571428572,NEGATIVE,LIMITED,0.3316849784515793,LOW,Keep in nurture queue and monitor,origin historically converts below baseline,951
9b01c6d8ab02d4300b2cef6774812afd,2018-05-30,4ed6bf4ac34e75c7c81fcf829d96b739,paid_search,0,2018,5,2,0.4768305752494981,1263,158,0.1248197583787997,1.0,0.0,0.10208333333333335,POSITIVE,LIMITED,0.33147896349212547,LOW,Keep in nurture queue and monitor,origin shows a positive conversion signal,952
1bb11fd8dc9eb96a64a3254ca7b50d86,2018-04-26,f80696b73d17fb34f5c4fde157f119d8,organic_search,0,2018,4,3,0.4765237329488622,1869,222,0.11865735839068291,0.0,,0.1071875,POSITIVE,LIMITED,0.3310832114474539,LOW,Keep in nurture queue and monitor,origin shows a positive conversion signal,953
2ef04073c2fe0526f1e12b9207d01a7f,2018-04-26,f80696b73d17fb34f5c4fde157f119d8,organic_search,0,2018,4,3,0.4765237329488622,1869,222,0.11865735839068291,0.0,,0.1071875,POSITIVE,LIMITED,0.3310832114474539,LOW,Keep in nurture queue and monitor,origin shows a positive conversion signal,954
c228e05a162982e790422967519ea890,2018-05-30,b76ef37428e6799c421989521c0e5077,other,0,2018,5,2,0.47696786625398874,135,3,0.033185483870967744,735.0,140.0,0.1882698675496689,NEGATIVE,STRONG,0.33047179003652055,LOW,Keep in nurture queue and monitor,origin historically converts below baseline; landing page shows a strong historical signal,955
65eb5db459959a46240c2d2335b70fae,2018-05-10,36525851387908b96e770b1ce5d79a43,paid_search,0,2018,5,3,0.4743878521144816,1263,158,0.1248197583787997,1.0,0.0,0.10208333333333335,POSITIVE,LIMITED,0.33001332961111557,LOW,Keep in nurture queue and monitor,origin shows a positive conversion signal,956
73ce6453f3ee02be67e4bb2282b6d545,2018-05-17,36525851387908b96e770b1ce5d79a43,paid_search,0,2018,5,3,0.4743878521144816,1263,158,0.1248197583787997,1.0,0.0,0.10208333333333335,POSITIVE,LIMITED,0.33001332961111557,LOW,Keep in nurture queue and monitor,origin shows a positive conversion signal,957
f4435c4b14dcf4635efd9f8ed62290c7,2018-05-23,a7982125ff7aa3b2054c6e44f9d28522,display,0,2018,5,2,0.49116095096143136,105,5,0.057150000000000006,124.0,15.0,0.11905381944444444,NEGATIVE,POSITIVE,0.3299373344657477,LOW,Keep in nurture queue and monitor,origin historically converts below baseline; landing page shows a positive historical signal,958
8e266aef0beb22dc747cc1db12bb018b,2018-05-21,f017be4dbf86243af5c1ebed0cff36a2,direct_traffic,0,2018,5,0,0.48871341173616395,406,48,0.11770833333333333,267.0,16.0,0.06321864111498258,POSITIVE,NEGATIVE,0.3294134419313616,LOW,Keep in nurture queue and monitor,origin shows a positive conversion signal; landing page shows a negative historical signal,959
5f38506e1ff65db7ecfd5d2086402935,2018-04-25,f80696b73d17fb34f5c4fde157f119d8,organic_search,0,2018,4,2,0.47286793248500675,1869,222,0.11865735839068291,0.0,,0.1071875,POSITIVE,LIMITED,0.32888973116914066,LOW,Keep in nurture queue and monitor,origin shows a positive conversion signal,960
3bc143c3f9e05d4077f369a77bf13ed4,2018-04-25,f80696b73d17fb34f5c4fde157f119d8,organic_search,0,2018,4,2,0.47286793248500675,1869,222,0.11865735839068291,0.0,,0.1071875,POSITIVE,LIMITED,0.32888973116914066,LOW,Keep in nurture queue and monitor,origin shows a positive conversion signal,961
51f9202d078ef51f91532ec32bba2a7d,2018-04-25,f80696b73d17fb34f5c4fde157f119d8,organic_search,0,2018,4,2,0.47286793248500675,1869,222,0.11865735839068291,0.0,,0.1071875,POSITIVE,LIMITED,0.32888973116914066,LOW,Keep in nurture queue and monitor,origin shows a positive conversion signal,962
603107e69309e0846426fd3f516aef2b,2018-04-25,f80696b73d17fb34f5c4fde157f119d8,organic_search,0,2018,4,2,0.47286793248500675,1869,222,0.11865735839068291,0.0,,0.1071875,POSITIVE,LIMITED,0.32888973116914066,LOW,Keep in nurture queue and monitor,origin shows a positive conversion signal,963
578a7cb268f4a87693a8efa93554b1e5,2018-04-25,f80696b73d17fb34f5c4fde157f119d8,organic_search,0,2018,4,2,0.47286793248500675,1869,222,0.11865735839068291,0.0,,0.1071875,POSITIVE,LIMITED,0.32888973116914066,LOW,Keep in nurture queue and monitor,origin shows a positive conversion signal,964
6dfaf51d9dac5fdcda240b043eb561d5,2018-04-25,f80696b73d17fb34f5c4fde157f119d8,organic_search,0,2018,4,2,0.47286793248500675,1869,222,0.11865735839068291,0.0,,0.1071875,POSITIVE,LIMITED,0.32888973116914066,LOW,Keep in nurture queue and monitor,origin shows a positive conversion signal,965
401013266745e5661589292315434968,2018-04-25,f80696b73d17fb34f5c4fde157f119d8,organic_search,0,2018,4,2,0.47286793248500675,1869,222,0.11865735839068291,0.0,,0.1071875,POSITIVE,LIMITED,0.32888973116914066,LOW,Keep in nurture queue and monitor,origin shows a positive conversion signal,966
dcb388ff8ffd71d034c5be968bb13ef9,2018-04-25,f80696b73d17fb34f5c4fde157f119d8,organic_search,0,2018,4,2,0.47286793248500675,1869,222,0.11865735839068291,0.0,,0.1071875,POSITIVE,LIMITED,0.32888973116914066,LOW,Keep in nurture queue and monitor,origin shows a positive conversion signal,967
f2d8cce98c79b34deecc466b1ee6f788,2018-05-02,fb58285f6f6c4e504dfa628de116cae8,paid_search,0,2018,5,2,0.4711502786138744,1263,158,0.1248197583787997,1.0,0.0,0.10208333333333335,POSITIVE,LIMITED,0.32807078551075125,LOW,Keep in nurture queue and monitor,origin shows a positive conversion signal,968
f93c6b06973fcb6c973f776382a3a2fb,2018-05-02,fb58285f6f6c4e504dfa628de116cae8,paid_search,0,2018,5,2,0.4711502786138744,1263,158,0.1248197583787997,1.0,0.0,0.10208333333333335,POSITIVE,LIMITED,0.32807078551075125,LOW,Keep in nurture queue and monitor,origin shows a positive conversion signal,969
e07eba70c6ddb8256e6fb638570f0c80,2018-04-29,a7982125ff7aa3b2054c6e44f9d28522,email,0,2018,4,6,0.4952721424708049,383,12,0.035096153846153846,124.0,15.0,0.11905381944444444,NEGATIVE,POSITIVE,0.3279932801406026,LOW,Keep in nurture queue and monitor,origin historically converts below baseline; landing page shows a positive historical signal,970
5b83fb24677833e90f10289321612401,2018-05-23,36525851387908b96e770b1ce5d79a43,paid_search,0,2018,5,2,0.4707337026207429,1263,158,0.1248197583787997,1.0,0.0,0.10208333333333335,POSITIVE,LIMITED,0.3278208399148723,LOW,Keep in nurture queue and monitor,origin shows a positive conversion signal,971
0576b5fad6276ca587c160062b91360e,2018-05-01,1baca9df5850e5ba75545d8b2eb8d966,email,0,2018,5,1,0.48518715918502225,383,12,0.035096153846153846,8.0,2.0,0.14799107142857146,NEGATIVE,LIMITED,0.32772974056595844,LOW,Keep in nurture queue and monitor,origin historically converts below baseline,972
d788c46ad6a6c020b5062c1a99f55b2c,2018-05-15,0c83f57c786a0b4a39efab23731c7ebc,,0,2018,5,1,0.4510358881907081,42,9,0.17973790322580646,1.0,0.0,0.10208333333333335,STRONG,LIMITED,0.32698578022625285,LOW,Keep in nurture queue and monitor,origin historically converts above baseline,973
b98004311446c60521a8831075423c20,2018-05-17,21a104c3279681d9856b8a48723c4fee,organic_search,0,2018,5,3,0.48327961818596926,1869,222,0.11865735839068291,32.0,1.0,0.060456730769230776,POSITIVE,NEGATIVE,0.3257905887435643,LOW,Keep in nurture queue and monitor,origin shows a positive conversion signal; landing page shows a negative historical signal,974
593f4a8705fd0d72d47efb651bdfb135,2018-05-07,a7982125ff7aa3b2054c6e44f9d28522,display,1,2018,5,0,0.48383525672937217,105,5,0.057150000000000006,124.0,15.0,0.11905381944444444,NEGATIVE,POSITIVE,0.3255419179265122,LOW,Keep in nurture queue and monitor,origin historically converts below baseline; landing page shows a positive historical signal,975
9078bbd890a90f1aa3c5e8d972394eb6,2018-05-14,a7982125ff7aa3b2054c6e44f9d28522,display,0,2018,5,0,0.48383525672937217,105,5,0.057150000000000006,124.0,15.0,0.11905381944444444,NEGATIVE,POSITIVE,0.3255419179265122,LOW,Keep in nurture queue and monitor,origin historically converts below baseline; landing page shows a positive historical signal,976
bea6f48261d29b0dba555367e277f670,2018-04-28,f017be4dbf86243af5c1ebed0cff36a2,organic_search,1,2018,4,5,0.48180999637802585,1869,222,0.11865735839068291,267.0,16.0,0.06321864111498258,POSITIVE,NEGATIVE,0.3254611977279486,LOW,Keep in nurture queue and monitor,origin shows a positive conversion signal; landing page shows a negative historical signal,977
cd5d786626b990d098e0407af7478475,2018-04-25,f80696b73d17fb34f5c4fde157f119d8,direct_traffic,0,2018,4,2,0.4666907211444831,406,48,0.11770833333333333,0.0,,0.1071875,POSITIVE,LIMITED,0.32499359935335653,LOW,Keep in nurture queue and monitor,origin shows a positive conversion signal,978
fd759db147415e8a49d1ed0dfdd22f81,2018-04-25,f80696b73d17fb34f5c4fde157f119d8,direct_traffic,0,2018,4,2,0.4666907211444831,406,48,0.11770833333333333,0.0,,0.1071875,POSITIVE,LIMITED,0.32499359935335653,LOW,Keep in nurture queue and monitor,origin shows a positive conversion signal,979
9e4903ea29841bc16eab71500292e9b0,2018-05-21,0c83f57c786a0b4a39efab23731c7ebc,,0,2018,5,0,0.4474085018803302,42,9,0.17973790322580646,1.0,0.0,0.10208333333333335,STRONG,LIMITED,0.3248093484400261,LOW,Keep in nurture queue and monitor,origin historically converts above baseline,980
eae25100987bd583d3ff4a9dda70b4e6,2018-04-30,30534107aa0013db92899c96a1017d0b,organic_search,0,2018,4,0,0.465565441726129,1869,222,0.11865735839068291,0.0,,0.1071875,POSITIVE,LIMITED,0.324508236713814,LOW,Keep in nurture queue and monitor,origin shows a positive conversion signal,981
5c68c574eb52dbbb337b4e46d2dbcfc8,2018-04-30,8294e62844a66d67be57cfeaef455bad,organic_search,0,2018,4,0,0.465565441726129,1869,222,0.11865735839068291,0.0,,0.1071875,POSITIVE,LIMITED,0.324508236713814,LOW,Keep in nurture queue and monitor,origin shows a positive conversion signal,982
657b0ad0569f3ceae3427be2623753cc,2018-05-20,3fd71e7e6cf64921740567dcfefb68cf,paid_search,0,2018,5,6,0.465541560388746,1263,158,0.1248197583787997,2.0,0.0,0.09744318181818183,POSITIVE,LIMITED,0.3237775242726439,LOW,Keep in nurture queue and monitor,origin shows a positive conversion signal,983
69c1b055b72973acb3d4e3b75b33deb8,2018-05-02,21a104c3279681d9856b8a48723c4fee,organic_search,0,2018,5,2,0.47961947541963446,1869,222,0.11865735839068291,32.0,1.0,0.060456730769230776,POSITIVE,NEGATIVE,0.3235945030837634,LOW,Keep in nurture queue and monitor,origin shows a positive conversion signal; landing page shows a negative historical signal,984
a8da3378b39d078f77361620c9481ffb,2018-05-02,21a104c3279681d9856b8a48723c4fee,organic_search,1,2018,5,2,0.47961947541963446,1869,222,0.11865735839068291,32.0,1.0,0.060456730769230776,POSITIVE,NEGATIVE,0.3235945030837634,LOW,Keep in nurture queue and monitor,origin shows a positive conversion signal; landing page shows a negative historical signal,985
1a54ed0d8ca0bdb0cf54794977feb05a,2018-05-28,73fec6021437e723ff5adae8dff89e23,organic_search,0,2018,5,0,0.47308248336006375,1869,222,0.11865735839068291,20.0,1.0,0.07859375,POSITIVE,NEUTRAL,0.3232997116941749,LOW,Keep in nurture queue and monitor,origin shows a positive conversion signal,986
a6daa50980e748201a1444e4dd49c38d,2018-05-10,21a104c3279681d9856b8a48723c4fee,direct_traffic,0,2018,5,3,0.4770894948359137,406,48,0.11770833333333333,32.0,1.0,0.060456730769230776,POSITIVE,NEGATIVE,0.321886709722061,LOW,Keep in nurture queue and monitor,origin shows a positive conversion signal; landing page shows a negative historical signal,987
dad9375c9bd04516b37e25662b76e0eb,2018-04-27,e492ee5eaf1697716985cc6f33f9cd9b,unknown,0,2018,4,4,0.46771664921754874,905,148,0.16231756756756757,234.0,9.0,0.043873031496062996,STRONG,NEGATIVE,0.3218681093432554,LOW,Keep in nurture queue and monitor,origin historically converts above baseline; landing page shows a negative historical signal,988
f8758b0bd918708613c2c550c67327ba,2018-04-25,9fa37f5177115156b1814ffc237402a6,organic_search,0,2018,4,2,0.46179198149615097,1869,222,0.11865735839068291,10.0,1.0,0.10479166666666667,POSITIVE,NEUTRAL,0.3217649939091605,LOW,Keep in nurture queue and monitor,origin shows a positive conversion signal,989
bd0c97eb3281fdd87caa074c15715b51,2018-05-22,21a104c3279681d9856b8a48723c4fee,organic_search,0,2018,5,1,0.4759615192265732,1869,222,0.11865735839068291,32.0,1.0,0.060456730769230776,POSITIVE,NEGATIVE,0.32139972936792666,LOW,Keep in nurture queue and monitor,origin shows a positive conversion signal; landing page shows a negative historical signal,990
2826a001bddefaad0896bd7a85941b2f,2018-05-22,21a104c3279681d9856b8a48723c4fee,organic_search,0,2018,5,1,0.4759615192265732,1869,222,0.11865735839068291,32.0,1.0,0.060456730769230776,POSITIVE,NEGATIVE,0.32139972936792666,LOW,Keep in nurture queue and monitor,origin shows a positive conversion signal; landing page shows a negative historical signal,991
0f1d59d2fc7aeed664d853399a09d57a,2018-04-26,f017be4dbf86243af5c1ebed0cff36a2,organic_search,0,2018,4,3,0.4744937160161094,1869,222,0.11865735839068291,267.0,16.0,0.06321864111498258,POSITIVE,NEGATIVE,0.32107142951079876,LOW,Keep in nurture queue and monitor,origin shows a positive conversion signal; landing page shows a negative historical signal,992
2dbebc911a1207004e14e56b7a083fc6,2018-04-26,f017be4dbf86243af5c1ebed0cff36a2,organic_search,0,2018,4,3,0.4744937160161094,1869,222,0.11865735839068291,267.0,16.0,0.06321864111498258,POSITIVE,NEGATIVE,0.32107142951079876,LOW,Keep in nurture queue and monitor,origin shows a positive conversion signal; landing page shows a negative historical signal,993
941d7fab55bc07a093333ca66b3de0a6,2018-04-30,603522877eb261ca56f4222c9a6f1db3,direct_traffic,0,2018,4,0,0.45940048770157216,406,48,0.11770833333333333,0.0,,0.1071875,POSITIVE,LIMITED,0.32061945928761,LOW,Keep in nurture queue and monitor,origin shows a positive conversion signal,994
fbde31adcea17570ff70f4f666f185e9,2018-05-14,5dc848e7dd9418dffe183215b8ff0bc1,referral,0,2018,5,0,0.4611676527102673,219,15,0.07173117154811716,11.0,2.0,0.1336693548387097,NEGATIVE,POSITIVE,0.31778069690352573,LOW,Keep in nurture queue and monitor,origin historically converts below baseline; landing page shows a positive historical signal,995
f48379ea32cff607c810d55e03611bf2,2018-05-20,e492ee5eaf1697716985cc6f33f9cd9b,paid_search,0,2018,5,6,0.47175361502859736,1263,158,0.1248197583787997,234.0,9.0,0.043873031496062996,POSITIVE,NEGATIVE,0.31679072699213096,LOW,Keep in nurture queue and monitor,origin shows a positive conversion signal; landing page shows a negative historical signal,996
2895912667223223c3277a2f44df5a1f,2018-05-20,e492ee5eaf1697716985cc6f33f9cd9b,paid_search,0,2018,5,6,0.47175361502859736,1263,158,0.1248197583787997,234.0,9.0,0.043873031496062996,POSITIVE,NEGATIVE,0.31679072699213096,LOW,Keep in nurture queue and monitor,origin shows a positive conversion signal; landing page shows a negative historical signal,997
5931bbfb35cc483290f5dd6a9fda8ee5,2018-05-06,35c9b150ab36fe584c1f24fd458c453a,social,1,2018,5,6,0.46514713222330434,1018,63,0.06275891136801541,21.0,3.0,0.12545731707317076,NEGATIVE,POSITIVE,0.31673152502221985,LOW,Keep in nurture queue and monitor,origin historically converts below baseline; landing page shows a positive historical signal,998
aa6a3c8aa592b5d8bdded3b1f8206538,2018-04-25,5da54625ee0a9560dc9b9b9f6ccb03d0,paid_search,0,2018,4,2,0.45480863033719143,1263,158,0.1248197583787997,16.0,1.0,0.0873263888888889,POSITIVE,NEUTRAL,0.31531440765585256,LOW,Keep in nurture queue and monitor,origin shows a positive conversion signal,999
988c9372560f30a5f28f92640bb2b3da,2018-05-23,73f31a40697cc90a86c1273563ac230e,organic_search,0,2018,5,2,0.4696020889056554,1869,222,0.11865735839068291,106.0,4.0,0.04875992063492064,POSITIVE,NEGATIVE,0.315244709148514,LOW,Keep in nurture queue and monitor,origin shows a positive conversion signal; landing page shows a negative historical signal,1000
edf52bd6ded9779e85d734368eab305b,2018-05-02,73f31a40697cc90a86c1273563ac230e,organic_search,0,2018,5,2,0.4696020889056554,1869,222,0.11865735839068291,106.0,4.0,0.04875992063492064,POSITIVE,NEGATIVE,0.315244709148514,LOW,Keep in nurture queue and monitor,origin shows a positive conversion signal; landing page shows a negative historical signal,1001
1061f161cfeee8ce414f1a68f42b1c89,2018-04-25,f017be4dbf86243af5c1ebed0cff36a2,direct_traffic,0,2018,4,2,0.4646654103230403,406,48,0.11770833333333333,267.0,16.0,0.06321864111498258,POSITIVE,NEGATIVE,0.3149846410834874,LOW,Keep in nurture queue and monitor,origin shows a positive conversion signal; landing page shows a negative historical signal,1002
4f7d9961def7929f575ad0b78fc17672,2018-04-30,f017be4dbf86243af5c1ebed0cff36a2,organic_search,0,2018,4,0,0.4635407697610059,1869,222,0.11865735839068291,267.0,16.0,0.06321864111498258,POSITIVE,NEGATIVE,0.31449966175773664,LOW,Keep in nurture queue and monitor,origin shows a positive conversion signal; landing page shows a negative historical signal,1003
102ba266ac51ddd8ce981f766b3eb600,2018-05-03,fb58285f6f6c4e504dfa628de116cae8,organic_search,0,2018,5,3,0.449968748252051,1869,222,0.11865735839068291,1.0,0.0,0.10208333333333335,POSITIVE,LIMITED,0.3141293872960339,LOW,Keep in nurture queue and monitor,origin shows a positive conversion signal,1004
5ffa2452c6917e691736aa1bf8b06b4f,2018-05-03,fb58285f6f6c4e504dfa628de116cae8,organic_search,0,2018,5,3,0.449968748252051,1869,222,0.11865735839068291,1.0,0.0,0.10208333333333335,POSITIVE,LIMITED,0.3141293872960339,LOW,Keep in nurture queue and monitor,origin shows a positive conversion signal,1005
4f411e2a540a4d44ee5824085e2e3c67,2018-05-11,27cd3540bace1f4a4b2bc6d319b0553c,paid_search,0,2018,5,4,0.45173075037571175,1263,158,0.1248197583787997,17.0,1.0,0.08496621621621622,POSITIVE,NEUTRAL,0.31299564514443023,LOW,Keep in nurture queue and monitor,origin shows a positive conversion signal,1006
a65c50304e9b20b50b2cb56269afb295,2018-05-11,27cd3540bace1f4a4b2bc6d319b0553c,paid_search,0,2018,5,4,0.45173075037571175,1263,158,0.1248197583787997,17.0,1.0,0.08496621621621622,POSITIVE,NEUTRAL,0.31299564514443023,LOW,Keep in nurture queue and monitor,origin shows a positive conversion signal,1007
fc5814ffb34275ce8c055f0231d3477a,2018-05-18,fb58285f6f6c4e504dfa628de116cae8,direct_traffic,0,2018,5,4,0.4474606846325839,406,48,0.11770833333333333,1.0,0.0,0.10208333333333335,POSITIVE,LIMITED,0.31243474411288374,LOW,Keep in nurture queue and monitor,origin shows a positive conversion signal,1008
51ac44a07a22f44b4ae0895fdcf9e317,2018-05-18,e492ee5eaf1697716985cc6f33f9cd9b,paid_search,0,2018,5,4,0.4644531704410518,1263,158,0.1248197583787997,234.0,9.0,0.043873031496062996,POSITIVE,NEGATIVE,0.3124104602396036,LOW,Keep in nurture queue and monitor,origin shows a positive conversion signal; landing page shows a negative historical signal,1009
ea09e5eec6c0977bfc617baa6d75e339,2018-05-02,fb58285f6f6c4e504dfa628de116cae8,organic_search,0,2018,5,2,0.44634296628380593,1869,222,0.11865735839068291,1.0,0.0,0.10208333333333335,POSITIVE,LIMITED,0.3119539181150868,LOW,Keep in nurture queue and monitor,origin shows a positive conversion signal,1010
085e0bffd51efe0e0b96e5f50a18a300,2018-05-17,27cd3540bace1f4a4b2bc6d319b0553c,paid_search,0,2018,5,3,0.44810233731692434,1263,158,0.1248197583787997,17.0,1.0,0.08496621621621622,POSITIVE,NEUTRAL,0.3108185973091578,LOW,Keep in nurture queue and monitor,origin shows a positive conversion signal,1011
edd2289fd0896ff85ee28cd771391c8a,2018-05-28,fb58285f6f6c4e504dfa628de116cae8,organic_search,0,2018,5,0,0.43910887671573895,1869,222,0.11865735839068291,1.0,0.0,0.10208333333333335,POSITIVE,LIMITED,0.30761346437424664,LOW,Keep in nurture queue and monitor,origin shows a positive conversion signal,1012
ade022cfc5a5e59959b5df2e4c0cd06a,2018-05-08,27cd3540bace1f4a4b2bc6d319b0553c,paid_search,0,2018,5,1,0.4408624384985175,1263,158,0.1248197583787997,17.0,1.0,0.08496621621621622,POSITIVE,NEUTRAL,0.30647465801811363,LOW,Keep in nurture queue and monitor,origin shows a positive conversion signal,1013
309d426f91033fccd9d0808809f3b50d,2018-05-06,b649e8f33e9c3b38af415a395a446552,paid_search,0,2018,5,6,0.4360653984150261,1263,158,0.1248197583787997,2.0,0.0,0.09744318181818183,POSITIVE,LIMITED,0.3060918270884119,LOW,Keep in nurture queue and monitor,origin shows a positive conversion signal,1014
6625f532eb7087a824ae1ac3cf43ea98,2018-05-15,e492ee5eaf1697716985cc6f33f9cd9b,paid_search,0,2018,5,1,0.45353196787793676,1263,158,0.1248197583787997,234.0,9.0,0.043873031496062996,POSITIVE,NEGATIVE,0.3058577387017346,LOW,Keep in nurture queue and monitor,origin shows a positive conversion signal; landing page shows a negative historical signal,1015
3172362312fcf09d96f02125f66b74f5,2018-05-01,e492ee5eaf1697716985cc6f33f9cd9b,paid_search,1,2018,5,1,0.45353196787793676,1263,158,0.1248197583787997,234.0,9.0,0.043873031496062996,POSITIVE,NEGATIVE,0.3058577387017346,LOW,Keep in nurture queue and monitor,origin shows a positive conversion signal; landing page shows a negative historical signal,1016
d607cb39183721ffdca411d397c2db0d,2018-04-26,5dc848e7dd9418dffe183215b8ff0bc1,referral,0,2018,4,3,0.44092660143011514,219,15,0.07173117154811716,11.0,2.0,0.1336693548387097,NEGATIVE,POSITIVE,0.3056360661354345,LOW,Keep in nurture queue and monitor,origin historically converts below baseline; landing page shows a positive historical signal,1017
6f552b11546c308d19f20804312f5d2c,2018-04-29,73f31a40697cc90a86c1273563ac230e,organic_search,0,2018,4,6,0.4529296771729598,1869,222,0.11865735839068291,106.0,4.0,0.04875992063492064,POSITIVE,NEGATIVE,0.3052412621088966,LOW,Keep in nurture queue and monitor,origin shows a positive conversion signal; landing page shows a negative historical signal,1018
270e376d0cb0bc15ebfe8b2e1e338bef,2018-05-14,1ceb590cd1e00c7ee95220971f82693d,social,0,2018,5,0,0.4450064539029011,1018,63,0.06275891136801541,28.0,4.0,0.1279947916666667,NEGATIVE,POSITIVE,0.3051546129486771,LOW,Keep in nurture queue and monitor,origin historically converts below baseline; landing page shows a positive historical signal,1019
be9351985c2ce18de88f89b8466b7ce9,2018-05-12,b649e8f33e9c3b38af415a395a446552,paid_search,0,2018,5,5,0.4324635628008143,1263,158,0.1248197583787997,2.0,0.0,0.09744318181818183,POSITIVE,LIMITED,0.3039307257198849,LOW,Keep in nurture queue and monitor,origin shows a positive conversion signal,1020
0d166a9cd71ad7522b629d24a4473c00,2018-05-21,e492ee5eaf1697716985cc6f33f9cd9b,paid_search,0,2018,5,0,0.44990095905960026,1263,158,0.1248197583787997,234.0,9.0,0.043873031496062996,POSITIVE,NEGATIVE,0.3036791334107327,LOW,Keep in nurture queue and monitor,origin shows a positive conversion signal; landing page shows a negative historical signal,1021
f2f3317a5ab09cfc369091bf08f239a4,2018-05-28,e492ee5eaf1697716985cc6f33f9cd9b,paid_search,0,2018,5,0,0.44990095905960026,1263,158,0.1248197583787997,234.0,9.0,0.043873031496062996,POSITIVE,NEGATIVE,0.3036791334107327,LOW,Keep in nurture queue and monitor,origin shows a positive conversion signal; landing page shows a negative historical signal,1022
cbac44f25cc867a81e7ec47ab95bbbf3,2018-04-25,5dc848e7dd9418dffe183215b8ff0bc1,referral,0,2018,4,2,0.43731575040250714,219,15,0.07173117154811716,11.0,2.0,0.1336693548387097,NEGATIVE,POSITIVE,0.30346955551886967,LOW,Keep in nurture queue and monitor,origin historically converts below baseline; landing page shows a positive historical signal,1023
89c0fc798cddf41a971384b4ae47abd1,2018-04-26,21a104c3279681d9856b8a48723c4fee,direct_traffic,0,2018,4,3,0.445851144736724,406,48,0.11770833333333333,32.0,1.0,0.060456730769230776,POSITIVE,NEGATIVE,0.30314369966254723,LOW,Keep in nurture queue and monitor,origin shows a positive conversion signal; landing page shows a negative historical signal,1024
d43601e8a1b7a88689e57107367b0d58,2018-05-10,d823616cbcb84fff516db22f366caaa5,paid_search,0,2018,5,3,0.42712257564643324,1263,158,0.1248197583787997,2.0,0.0,0.09744318181818183,POSITIVE,LIMITED,0.30072613342725624,LOW,Keep in nurture queue and monitor,origin shows a positive conversion signal,1025
b3b8a37feeb568ab00924c4aab1bb404,2018-05-30,d823616cbcb84fff516db22f366caaa5,paid_search,0,2018,5,2,0.42353912958821355,1263,158,0.1248197583787997,2.0,0.0,0.09744318181818183,POSITIVE,LIMITED,0.2985760657923244,LOW,Keep in nurture queue and monitor,origin shows a positive conversion signal,1026
1d833a78ef4b542f594ef2cd734e1d14,2018-05-30,d823616cbcb84fff516db22f366caaa5,paid_search,0,2018,5,2,0.42353912958821355,1263,158,0.1248197583787997,2.0,0.0,0.09744318181818183,POSITIVE,LIMITED,0.2985760657923244,LOW,Keep in nurture queue and monitor,origin shows a positive conversion signal,1027
9a0bd8dc33467938cdafba5ebc5bbeab,2018-05-04,e492ee5eaf1697716985cc6f33f9cd9b,organic_search,0,2018,5,4,0.43970529683558357,1869,222,0.11865735839068291,234.0,9.0,0.043873031496062996,POSITIVE,NEGATIVE,0.29632925607869937,LOW,Keep in nurture queue and monitor,origin shows a positive conversion signal; landing page shows a negative historical signal,1028
95345799f982ff5ba10930c9e397f79a,2018-05-04,e492ee5eaf1697716985cc6f33f9cd9b,organic_search,0,2018,5,4,0.43970529683558357,1869,222,0.11865735839068291,234.0,9.0,0.043873031496062996,POSITIVE,NEGATIVE,0.29632925607869937,LOW,Keep in nurture queue and monitor,origin shows a positive conversion signal; landing page shows a negative historical signal,1029
23d2344c1a6d528710e9158a3f94a7da,2018-05-15,42a2a1be58277f162c18bad69bcc544f,paid_search,0,2018,5,1,0.4206199251882532,1263,158,0.1248197583787997,3.0,0.0,0.09320652173913045,POSITIVE,LIMITED,0.2959772111365379,LOW,Keep in nurture queue and monitor,origin shows a positive conversion signal,1030
cca1adbb7cedc6d195e17a762dc31726,2018-05-28,d823616cbcb84fff516db22f366caaa5,paid_search,0,2018,5,0,0.416396667858099,1263,158,0.1248197583787997,2.0,0.0,0.09744318181818183,POSITIVE,LIMITED,0.2942905887542557,LOW,Keep in nurture queue and monitor,origin shows a positive conversion signal,1031
9201921952970cb78c9fbf5ec623f263,2018-05-24,e492ee5eaf1697716985cc6f33f9cd9b,organic_search,0,2018,5,3,0.4360966458017603,1869,222,0.11865735839068291,234.0,9.0,0.043873031496062996,POSITIVE,NEGATIVE,0.2941640654584054,LOW,Keep in nurture queue and monitor,origin shows a positive conversion signal; landing page shows a negative historical signal,1032
15a5c746ca97f09ab5927dd5b40ca139,2018-05-24,e492ee5eaf1697716985cc6f33f9cd9b,organic_search,0,2018,5,3,0.4360966458017603,1869,222,0.11865735839068291,234.0,9.0,0.043873031496062996,POSITIVE,NEGATIVE,0.2941640654584054,LOW,Keep in nurture queue and monitor,origin shows a positive conversion signal; landing page shows a negative historical signal,1033
4a907eba6a8d0223e39ee7d45672e26b,2018-05-09,090ffa1062e6dde353c36524563acefc,organic_search,1,2018,5,2,0.41781752168052005,1869,222,0.11865735839068291,2.0,0.0,0.09744318181818183,POSITIVE,LIMITED,0.293910621050085,LOW,Keep in nurture queue and monitor,origin shows a positive conversion signal,1034
916de785d2ef62534956d827ef074884,2018-04-27,e492ee5eaf1697716985cc6f33f9cd9b,paid_search,0,2018,4,4,0.43335651926638585,1263,158,0.1248197583787997,234.0,9.0,0.043873031496062996,POSITIVE,NEGATIVE,0.29375246953480405,LOW,Keep in nurture queue and monitor,origin shows a positive conversion signal; landing page shows a negative historical signal,1035
7b672a4ef6b0fe8b994efa382c5a53c3,2018-05-25,e492ee5eaf1697716985cc6f33f9cd9b,direct_traffic,0,2018,5,4,0.4336049489238602,406,48,0.11770833333333333,234.0,9.0,0.043873031496062996,POSITIVE,NEGATIVE,0.2924792423201954,LOW,Keep in nurture queue and monitor,origin shows a positive conversion signal; landing page shows a negative historical signal,1036
ba3d4749adb913a6e08f4391e8d903ae,2018-05-04,36120633c8737035fbabf079082f4ec1,unknown,0,2018,5,4,0.41286178508290755,905,148,0.16231756756756757,48.0,2.0,0.06093750000000001,STRONG,NEGATIVE,0.2923680845632581,LOW,Keep in nurture queue and monitor,origin historically converts above baseline; landing page shows a negative historical signal,1037
876bd8a49af1c7633e997e95654588d9,2018-05-16,e492ee5eaf1697716985cc6f33f9cd9b,organic_search,0,2018,5,2,0.4324947500308103,1869,222,0.11865735839068291,234.0,9.0,0.043873031496062996,POSITIVE,NEGATIVE,0.2920029279958354,LOW,Keep in nurture queue and monitor,origin shows a positive conversion signal; landing page shows a negative historical signal,1038
02cf3aa212b27f63c1118824536e406d,2018-05-02,e492ee5eaf1697716985cc6f33f9cd9b,organic_search,0,2018,5,2,0.4324947500308103,1869,222,0.11865735839068291,234.0,9.0,0.043873031496062996,POSITIVE,NEGATIVE,0.2920029279958354,LOW,Keep in nurture queue and monitor,origin shows a positive conversion signal; landing page shows a negative historical signal,1039
c59f4b333f4ceb69eefde0d9c5ac8afc,2018-05-30,e492ee5eaf1697716985cc6f33f9cd9b,organic_search,0,2018,5,2,0.4324947500308103,1869,222,0.11865735839068291,234.0,9.0,0.043873031496062996,POSITIVE,NEGATIVE,0.2920029279958354,LOW,Keep in nurture queue and monitor,origin shows a positive conversion signal; landing page shows a negative historical signal,1040
0f7ed2f93b7fca39a181ccd93607aaa1,2018-05-23,e492ee5eaf1697716985cc6f33f9cd9b,organic_search,0,2018,5,2,0.4324947500308103,1869,222,0.11865735839068291,234.0,9.0,0.043873031496062996,POSITIVE,NEGATIVE,0.2920029279958354,LOW,Keep in nurture queue and monitor,origin shows a positive conversion signal; landing page shows a negative historical signal,1041
fe0cb52457d81488e822c9f05591a0dc,2018-04-25,16d718d40146b50ca7a8a045f1b06834,organic_search,0,2018,4,2,0.41307945722675393,1869,222,0.11865735839068291,1.0,0.0,0.10208333333333335,POSITIVE,LIMITED,0.2919958126808556,LOW,Keep in nurture queue and monitor,origin shows a positive conversion signal,1042
64d8893148a469697146699d112348ae,2018-05-19,4e82dd1f6d00626bda0723eef0a269a6,direct_traffic,0,2018,5,5,0.4225936332754419,406,48,0.11770833333333333,26.0,1.0,0.06834239130434783,POSITIVE,NEGATIVE,0.2907663248928014,LOW,Keep in nurture queue and monitor,origin shows a positive conversion signal; landing page shows a negative historical signal,1043
c30a870d21a9d939e49a93972b7b8c71,2018-05-15,27cd3540bace1f4a4b2bc6d319b0553c,organic_search,0,2018,5,1,0.4163942333140546,1869,222,0.11865735839068291,17.0,1.0,0.08496621621621622,POSITIVE,NEUTRAL,0.2905612549098126,LOW,Keep in nurture queue and monitor,origin shows a positive conversion signal,1044
3659943c93a11347e91c430725613c9a,2018-05-15,e492ee5eaf1697716985cc6f33f9cd9b,organic_search,0,2018,5,1,0.4288999765472331,1869,222,0.11865735839068291,234.0,9.0,0.043873031496062996,POSITIVE,NEGATIVE,0.28984606390568907,LOW,Keep in nurture queue and monitor,origin shows a positive conversion signal; landing page shows a negative historical signal,1045
a24c0edd2c109ffea565f01636fe4247,2018-05-15,e492ee5eaf1697716985cc6f33f9cd9b,organic_search,0,2018,5,1,0.4288999765472331,1869,222,0.11865735839068291,234.0,9.0,0.043873031496062996,POSITIVE,NEGATIVE,0.28984606390568907,LOW,Keep in nurture queue and monitor,origin shows a positive conversion signal; landing page shows a negative historical signal,1046
ca6e313f954bf055efb75700c6e3d5b0,2018-05-08,e492ee5eaf1697716985cc6f33f9cd9b,organic_search,0,2018,5,1,0.4288999765472331,1869,222,0.11865735839068291,234.0,9.0,0.043873031496062996,POSITIVE,NEGATIVE,0.28984606390568907,LOW,Keep in nurture queue and monitor,origin shows a positive conversion signal; landing page shows a negative historical signal,1047
27e1de966486683d55bbe5793da45568,2018-04-25,e492ee5eaf1697716985cc6f33f9cd9b,paid_search,0,2018,4,2,0.4261708946385419,1263,158,0.1248197583787997,234.0,9.0,0.043873031496062996,POSITIVE,NEGATIVE,0.2894410947580977,LOW,Keep in nurture queue and monitor,origin shows a positive conversion signal; landing page shows a negative historical signal,1048
01b3296a89ddb57db8da17f47e7296b3,2018-05-05,42a2a1be58277f162c18bad69bcc544f,organic_search,0,2018,5,5,0.41059254527579553,1869,222,0.11865735839068291,3.0,0.0,0.09320652173913045,POSITIVE,LIMITED,0.28872830319144,LOW,Keep in nurture queue and monitor,origin shows a positive conversion signal,1049
02cf73a7e1fd4c345a7e759c951edd35,2018-05-21,e492ee5eaf1697716985cc6f33f9cd9b,organic_search,0,2018,5,0,0.4253126893978513,1869,222,0.11865735839068291,234.0,9.0,0.043873031496062996,POSITIVE,NEGATIVE,0.28769369161605995,LOW,Keep in nurture queue and monitor,origin shows a positive conversion signal; landing page shows a negative historical signal,1050
f1ed9b42aad1b999647239402da50936,2018-05-21,e492ee5eaf1697716985cc6f33f9cd9b,organic_search,0,2018,5,0,0.4253126893978513,1869,222,0.11865735839068291,234.0,9.0,0.043873031496062996,POSITIVE,NEGATIVE,0.28769369161605995,LOW,Keep in nurture queue and monitor,origin shows a positive conversion signal; landing page shows a negative historical signal,1051
6de5f0ac87cbfa893c5a48aa39ddd549,2018-05-28,e492ee5eaf1697716985cc6f33f9cd9b,organic_search,0,2018,5,0,0.4253126893978513,1869,222,0.11865735839068291,234.0,9.0,0.043873031496062996,POSITIVE,NEGATIVE,0.28769369161605995,LOW,Keep in nurture queue and monitor,origin shows a positive conversion signal; landing page shows a negative historical signal,1052
222ac746d4f76b4741704d9c615dd2b6,2018-05-21,e492ee5eaf1697716985cc6f33f9cd9b,organic_search,0,2018,5,0,0.4253126893978513,1869,222,0.11865735839068291,234.0,9.0,0.043873031496062996,POSITIVE,NEGATIVE,0.28769369161605995,LOW,Keep in nurture queue and monitor,origin shows a positive conversion signal; landing page shows a negative historical signal,1053
4298f09989a95e881dd3c59e8e9adbe1,2018-05-21,e492ee5eaf1697716985cc6f33f9cd9b,organic_search,0,2018,5,0,0.4253126893978513,1869,222,0.11865735839068291,234.0,9.0,0.043873031496062996,POSITIVE,NEGATIVE,0.28769369161605995,LOW,Keep in nurture queue and monitor,origin shows a positive conversion signal; landing page shows a negative historical signal,1054
49e1ed7b49f9a99380daed2233ae4f63,2018-05-21,e492ee5eaf1697716985cc6f33f9cd9b,organic_search,0,2018,5,0,0.4253126893978513,1869,222,0.11865735839068291,234.0,9.0,0.043873031496062996,POSITIVE,NEGATIVE,0.28769369161605995,LOW,Keep in nurture queue and monitor,origin shows a positive conversion signal; landing page shows a negative historical signal,1055
0425c3c6371c66abe15d94092e638606,2018-05-14,e492ee5eaf1697716985cc6f33f9cd9b,organic_search,0,2018,5,0,0.4253126893978513,1869,222,0.11865735839068291,234.0,9.0,0.043873031496062996,POSITIVE,NEGATIVE,0.28769369161605995,LOW,Keep in nurture queue and monitor,origin shows a positive conversion signal; landing page shows a negative historical signal,1056
af5ed76b466a037cd7b9b1cefef578ba,2018-05-28,e492ee5eaf1697716985cc6f33f9cd9b,organic_search,0,2018,5,0,0.4253126893978513,1869,222,0.11865735839068291,234.0,9.0,0.043873031496062996,POSITIVE,NEGATIVE,0.28769369161605995,LOW,Keep in nurture queue and monitor,origin shows a positive conversion signal; landing page shows a negative historical signal,1057
f4801d6ba7943af3d9d8872e81cf380e,2018-05-22,36120633c8737035fbabf079082f4ec1,unknown,0,2018,5,1,0.4022425445784775,905,148,0.16231756756756757,48.0,2.0,0.06093750000000001,STRONG,NEGATIVE,0.28599654026060006,LOW,Keep in nurture queue and monitor,origin historically converts above baseline; landing page shows a negative historical signal,1058
1ab8d42d9e4a6b86010ac0a10c58fa86,2018-05-19,d1bad8bf984bd4d7ee08f814ca589897,paid_search,1,2018,5,5,0.41338550318461603,1263,158,0.1248197583787997,13.0,0.0,0.06496212121212122,POSITIVE,NEGATIVE,0.2859876778289538,LOW,Keep in nurture queue and monitor,origin shows a positive conversion signal; landing page shows a negative historical signal,1059
e2c5889335b1a8988442b4a53af56d0c,2018-05-21,4e82dd1f6d00626bda0723eef0a269a6,organic_search,0,2018,5,0,0.41080475113683096,1869,222,0.11865735839068291,26.0,1.0,0.06834239130434783,POSITIVE,NEGATIVE,0.28388280062110477,LOW,Keep in nurture queue and monitor,origin shows a positive conversion signal; landing page shows a negative historical signal,1060
10acafbe80055fee601cb0244efcb4ac,2018-05-28,4e82dd1f6d00626bda0723eef0a269a6,organic_search,0,2018,5,0,0.41080475113683096,1869,222,0.11865735839068291,26.0,1.0,0.06834239130434783,POSITIVE,NEGATIVE,0.28388280062110477,LOW,Keep in nurture queue and monitor,origin shows a positive conversion signal; landing page shows a negative historical signal,1061
5f3de53fbab794234589dff4e8ebf060,2018-05-21,e492ee5eaf1697716985cc6f33f9cd9b,direct_traffic,0,2018,5,0,0.41926260280077504,406,48,0.11770833333333333,234.0,9.0,0.043873031496062996,POSITIVE,NEGATIVE,0.2838738346463443,LOW,Keep in nurture queue and monitor,origin shows a positive conversion signal; landing page shows a negative historical signal,1062
395b8383bafb85db4021ad3eca75ff8d,2018-04-29,e492ee5eaf1697716985cc6f33f9cd9b,organic_search,0,2018,4,6,0.416106222393438,1869,222,0.11865735839068291,234.0,9.0,0.043873031496062996,POSITIVE,NEGATIVE,0.28216981141341196,LOW,Keep in nurture queue and monitor,origin shows a positive conversion signal; landing page shows a negative historical signal,1063
b73ed4d64cca3fb0e022a0204ec16f4e,2018-04-27,92bd5f77d493a36dac9bddb66d1b9dbf,organic_search,0,2018,4,4,0.4027107868522508,1869,222,0.11865735839068291,6.0,0.0,0.08245192307692309,POSITIVE,LIMITED,0.2818483284048717,LOW,Keep in nurture queue and monitor,origin shows a positive conversion signal,1064
8de3f64f6326c5f8b7056bd0b1d729da,2018-04-27,e492ee5eaf1697716985cc6f33f9cd9b,organic_search,0,2018,4,4,0.40900017363752283,1869,222,0.11865735839068291,234.0,9.0,0.043873031496062996,POSITIVE,NEGATIVE,0.2779061821598629,LOW,Keep in nurture queue and monitor,origin shows a positive conversion signal; landing page shows a negative historical signal,1065
1f8979c25882c2299311cd761870aecf,2018-04-27,e492ee5eaf1697716985cc6f33f9cd9b,organic_search,0,2018,4,4,0.40900017363752283,1869,222,0.11865735839068291,234.0,9.0,0.043873031496062996,POSITIVE,NEGATIVE,0.2779061821598629,LOW,Keep in nurture queue and monitor,origin shows a positive conversion signal; landing page shows a negative historical signal,1066
f819f4ad5ee255b25df6d5418b8f9f6a,2018-05-23,330b9d44078a1ae5a221d655dcb77afa,social,0,2018,5,2,0.4088392487752389,1018,63,0.06275891136801541,36.0,3.0,0.09185267857142858,NEGATIVE,NEUTRAL,0.2762258672530321,LOW,Keep in nurture queue and monitor,origin historically converts below baseline,1067
4ab9470d39a8977d187d3798564676b3,2018-04-26,e492ee5eaf1697716985cc6f33f9cd9b,organic_search,0,2018,4,3,0.4054611600070839,1869,222,0.11865735839068291,234.0,9.0,0.043873031496062996,POSITIVE,NEGATIVE,0.2757827739815995,LOW,Keep in nurture queue and monitor,origin shows a positive conversion signal; landing page shows a negative historical signal,1068
5d7f3ae5e70092e467df4fd3001215a5,2018-04-26,e492ee5eaf1697716985cc6f33f9cd9b,organic_search,0,2018,4,3,0.4054611600070839,1869,222,0.11865735839068291,234.0,9.0,0.043873031496062996,POSITIVE,NEGATIVE,0.2757827739815995,LOW,Keep in nurture queue and monitor,origin shows a positive conversion signal; landing page shows a negative historical signal,1069
b14e228e56dcd28c35dd0b41a5891c04,2018-04-26,e492ee5eaf1697716985cc6f33f9cd9b,organic_search,0,2018,4,3,0.4054611600070839,1869,222,0.11865735839068291,234.0,9.0,0.043873031496062996,POSITIVE,NEGATIVE,0.2757827739815995,LOW,Keep in nurture queue and monitor,origin shows a positive conversion signal; landing page shows a negative historical signal,1070
c8097345b2fc2ffa3ce19c9a02305f76,2018-05-27,58326e62183c14b0c03085c33b9fdc44,social,0,2018,5,6,0.4127678465182198,1018,63,0.06275891136801541,236.0,16.0,0.0708740234375,NEGATIVE,NEGATIVE,0.27438729487203495,LOW,Keep in nurture queue and monitor,origin historically converts below baseline; landing page shows a negative historical signal,1071
4e7c4a8df5bda13793353b73ef49a287,2018-05-27,58326e62183c14b0c03085c33b9fdc44,social,0,2018,5,6,0.4127678465182198,1018,63,0.06275891136801541,236.0,16.0,0.0708740234375,NEGATIVE,NEGATIVE,0.27438729487203495,LOW,Keep in nurture queue and monitor,origin historically converts below baseline; landing page shows a negative historical signal,1072
9c28e4e91a8070d2228da176c2bf07fa,2018-05-27,58326e62183c14b0c03085c33b9fdc44,social,0,2018,5,6,0.4127678465182198,1018,63,0.06275891136801541,236.0,16.0,0.0708740234375,NEGATIVE,NEGATIVE,0.27438729487203495,LOW,Keep in nurture queue and monitor,origin historically converts below baseline; landing page shows a negative historical signal,1073
6ee0b1c15b0c6533d73b00d403baa864,2018-05-06,58326e62183c14b0c03085c33b9fdc44,social,0,2018,5,6,0.4127678465182198,1018,63,0.06275891136801541,236.0,16.0,0.0708740234375,NEGATIVE,NEGATIVE,0.27438729487203495,LOW,Keep in nurture queue and monitor,origin historically converts below baseline; landing page shows a negative historical signal,1074
87786131694e11c1ba38107de8ffae8e,2018-05-13,58326e62183c14b0c03085c33b9fdc44,social,0,2018,5,6,0.4127678465182198,1018,63,0.06275891136801541,236.0,16.0,0.0708740234375,NEGATIVE,NEGATIVE,0.27438729487203495,LOW,Keep in nurture queue and monitor,origin historically converts below baseline; landing page shows a negative historical signal,1075
f923af82780472d2c31bb6cea94ba72f,2018-05-06,58326e62183c14b0c03085c33b9fdc44,social,0,2018,5,6,0.4127678465182198,1018,63,0.06275891136801541,236.0,16.0,0.0708740234375,NEGATIVE,NEGATIVE,0.27438729487203495,LOW,Keep in nurture queue and monitor,origin historically converts below baseline; landing page shows a negative historical signal,1076
66001333a39ce8f12be9fcf323a1a5fb,2018-05-06,58326e62183c14b0c03085c33b9fdc44,social,0,2018,5,6,0.4127678465182198,1018,63,0.06275891136801541,236.0,16.0,0.0708740234375,NEGATIVE,NEGATIVE,0.27438729487203495,LOW,Keep in nurture queue and monitor,origin historically converts below baseline; landing page shows a negative historical signal,1077
473544ee6fb67869a3bf78f8100b1848,2018-05-06,58326e62183c14b0c03085c33b9fdc44,social,0,2018,5,6,0.4127678465182198,1018,63,0.06275891136801541,236.0,16.0,0.0708740234375,NEGATIVE,NEGATIVE,0.27438729487203495,LOW,Keep in nurture queue and monitor,origin historically converts below baseline; landing page shows a negative historical signal,1078
cc557dfa77446015a59ff65cfa32929b,2018-05-20,58326e62183c14b0c03085c33b9fdc44,social,0,2018,5,6,0.4127678465182198,1018,63,0.06275891136801541,236.0,16.0,0.0708740234375,NEGATIVE,NEGATIVE,0.27438729487203495,LOW,Keep in nurture queue and monitor,origin historically converts below baseline; landing page shows a negative historical signal,1079
f4693942620b18fb077b314ab3b8f369,2018-05-20,58326e62183c14b0c03085c33b9fdc44,social,0,2018,5,6,0.4127678465182198,1018,63,0.06275891136801541,236.0,16.0,0.0708740234375,NEGATIVE,NEGATIVE,0.27438729487203495,LOW,Keep in nurture queue and monitor,origin historically converts below baseline; landing page shows a negative historical signal,1080
41117e4291a10cd6720bc6fe706ed521,2018-05-20,58326e62183c14b0c03085c33b9fdc44,social,0,2018,5,6,0.4127678465182198,1018,63,0.06275891136801541,236.0,16.0,0.0708740234375,NEGATIVE,NEGATIVE,0.27438729487203495,LOW,Keep in nurture queue and monitor,origin historically converts below baseline; landing page shows a negative historical signal,1081
56531bdc6a5bd4b17cc9210fd9633fa4,2018-05-06,58326e62183c14b0c03085c33b9fdc44,social,0,2018,5,6,0.4127678465182198,1018,63,0.06275891136801541,236.0,16.0,0.0708740234375,NEGATIVE,NEGATIVE,0.27438729487203495,LOW,Keep in nurture queue and monitor,origin historically converts below baseline; landing page shows a negative historical signal,1082
2df813719b776c6b44523d72c6d31d45,2018-05-06,58326e62183c14b0c03085c33b9fdc44,social,0,2018,5,6,0.4127678465182198,1018,63,0.06275891136801541,236.0,16.0,0.0708740234375,NEGATIVE,NEGATIVE,0.27438729487203495,LOW,Keep in nurture queue and monitor,origin historically converts below baseline; landing page shows a negative historical signal,1083
181a3c7ab697f5267f35da43b3aa2a42,2018-05-20,58326e62183c14b0c03085c33b9fdc44,social,0,2018,5,6,0.4127678465182198,1018,63,0.06275891136801541,236.0,16.0,0.0708740234375,NEGATIVE,NEGATIVE,0.27438729487203495,LOW,Keep in nurture queue and monitor,origin historically converts below baseline; landing page shows a negative historical signal,1084
65d449141c5c218eaa405110a08f0cc0,2018-05-13,58326e62183c14b0c03085c33b9fdc44,social,0,2018,5,6,0.4127678465182198,1018,63,0.06275891136801541,236.0,16.0,0.0708740234375,NEGATIVE,NEGATIVE,0.27438729487203495,LOW,Keep in nurture queue and monitor,origin historically converts below baseline; landing page shows a negative historical signal,1085
7493c1741d0bb92fd7dc521a51042b84,2018-05-13,58326e62183c14b0c03085c33b9fdc44,social,0,2018,5,6,0.4127678465182198,1018,63,0.06275891136801541,236.0,16.0,0.0708740234375,NEGATIVE,NEGATIVE,0.27438729487203495,LOW,Keep in nurture queue and monitor,origin historically converts below baseline; landing page shows a negative historical signal,1086
960c4a626b7d97c94f29b118a8d395f1,2018-05-06,58326e62183c14b0c03085c33b9fdc44,social,0,2018,5,6,0.4127678465182198,1018,63,0.06275891136801541,236.0,16.0,0.0708740234375,NEGATIVE,NEGATIVE,0.27438729487203495,LOW,Keep in nurture queue and monitor,origin historically converts below baseline; landing page shows a negative historical signal,1087
01c629f6b8f2460aa362f29caaaa0a8e,2018-05-06,58326e62183c14b0c03085c33b9fdc44,social,1,2018,5,6,0.4127678465182198,1018,63,0.06275891136801541,236.0,16.0,0.0708740234375,NEGATIVE,NEGATIVE,0.27438729487203495,LOW,Keep in nurture queue and monitor,origin historically converts below baseline; landing page shows a negative historical signal,1088
100a1f43c56bb71781a2231a79900488,2018-05-06,58326e62183c14b0c03085c33b9fdc44,social,1,2018,5,6,0.4127678465182198,1018,63,0.06275891136801541,236.0,16.0,0.0708740234375,NEGATIVE,NEGATIVE,0.27438729487203495,LOW,Keep in nurture queue and monitor,origin historically converts below baseline; landing page shows a negative historical signal,1089
34c5d87943fe70502a8e9d5f758d92cb,2018-04-27,e492ee5eaf1697716985cc6f33f9cd9b,direct_traffic,0,2018,4,4,0.4030194027544979,406,48,0.11770833333333333,234.0,9.0,0.043873031496062996,POSITIVE,NEGATIVE,0.274127914618578,LOW,Keep in nurture queue and monitor,origin shows a positive conversion signal; landing page shows a negative historical signal,1090
e9754da1bd5a129b6a5deb432ff0c630,2018-04-25,e492ee5eaf1697716985cc6f33f9cd9b,organic_search,0,2018,4,2,0.4019319428866753,1869,222,0.11865735839068291,234.0,9.0,0.043873031496062996,POSITIVE,NEGATIVE,0.27366524370935436,LOW,Keep in nurture queue and monitor,origin shows a positive conversion signal; landing page shows a negative historical signal,1091
b7ef8852f9eea93ab22266313411966c,2018-04-25,e492ee5eaf1697716985cc6f33f9cd9b,organic_search,0,2018,4,2,0.4019319428866753,1869,222,0.11865735839068291,234.0,9.0,0.043873031496062996,POSITIVE,NEGATIVE,0.27366524370935436,LOW,Keep in nurture queue and monitor,origin shows a positive conversion signal; landing page shows a negative historical signal,1092
7a32efde7440d5abc3a490ba8fdc2ef7,2018-04-25,e492ee5eaf1697716985cc6f33f9cd9b,organic_search,0,2018,4,2,0.4019319428866753,1869,222,0.11865735839068291,234.0,9.0,0.043873031496062996,POSITIVE,NEGATIVE,0.27366524370935436,LOW,Keep in nurture queue and monitor,origin shows a positive conversion signal; landing page shows a negative historical signal,1093
c34c0674051bde0e8850f8ce4f2ca37f,2018-05-19,58326e62183c14b0c03085c33b9fdc44,social,0,2018,5,5,0.40921880537747163,1018,63,0.06275891136801541,236.0,16.0,0.0708740234375,NEGATIVE,NEGATIVE,0.272257870187586,LOW,Keep in nurture queue and monitor,origin historically converts below baseline; landing page shows a negative historical signal,1094
2483125d070c795ba1ed28b241c5c737,2018-05-26,58326e62183c14b0c03085c33b9fdc44,social,0,2018,5,5,0.40921880537747163,1018,63,0.06275891136801541,236.0,16.0,0.0708740234375,NEGATIVE,NEGATIVE,0.272257870187586,LOW,Keep in nurture queue and monitor,origin historically converts below baseline; landing page shows a negative historical signal,1095
5346b5c4f02edb816860d9ade175e863,2018-05-12,58326e62183c14b0c03085c33b9fdc44,social,0,2018,5,5,0.40921880537747163,1018,63,0.06275891136801541,236.0,16.0,0.0708740234375,NEGATIVE,NEGATIVE,0.272257870187586,LOW,Keep in nurture queue and monitor,origin historically converts below baseline; landing page shows a negative historical signal,1096
e0d4257499d364fe49a49c0f4a7b5380,2018-05-12,58326e62183c14b0c03085c33b9fdc44,social,0,2018,5,5,0.40921880537747163,1018,63,0.06275891136801541,236.0,16.0,0.0708740234375,NEGATIVE,NEGATIVE,0.272257870187586,LOW,Keep in nurture queue and monitor,origin historically converts below baseline; landing page shows a negative historical signal,1097
a24f9fefe9f752e7aa0351371d1f6e18,2018-05-26,58326e62183c14b0c03085c33b9fdc44,social,0,2018,5,5,0.40921880537747163,1018,63,0.06275891136801541,236.0,16.0,0.0708740234375,NEGATIVE,NEGATIVE,0.272257870187586,LOW,Keep in nurture queue and monitor,origin historically converts below baseline; landing page shows a negative historical signal,1098
4e1536b061e7ec942c58bb29ae459ff4,2018-05-26,58326e62183c14b0c03085c33b9fdc44,social,0,2018,5,5,0.40921880537747163,1018,63,0.06275891136801541,236.0,16.0,0.0708740234375,NEGATIVE,NEGATIVE,0.272257870187586,LOW,Keep in nurture queue and monitor,origin historically converts below baseline; landing page shows a negative historical signal,1099
ad3243752fe953cb7b4b8c82c0b8ee79,2018-05-05,58326e62183c14b0c03085c33b9fdc44,social,0,2018,5,5,0.40921880537747163,1018,63,0.06275891136801541,236.0,16.0,0.0708740234375,NEGATIVE,NEGATIVE,0.272257870187586,LOW,Keep in nurture queue and monitor,origin historically converts below baseline; landing page shows a negative historical signal,1100
365c8db9da5e64912ea81fa4332b170a,2018-05-05,58326e62183c14b0c03085c33b9fdc44,social,0,2018,5,5,0.40921880537747163,1018,63,0.06275891136801541,236.0,16.0,0.0708740234375,NEGATIVE,NEGATIVE,0.272257870187586,LOW,Keep in nurture queue and monitor,origin historically converts below baseline; landing page shows a negative historical signal,1101
2cd90f863d7d8fa6dfa5f8a676951785,2018-05-05,58326e62183c14b0c03085c33b9fdc44,social,0,2018,5,5,0.40921880537747163,1018,63,0.06275891136801541,236.0,16.0,0.0708740234375,NEGATIVE,NEGATIVE,0.272257870187586,LOW,Keep in nurture queue and monitor,origin historically converts below baseline; landing page shows a negative historical signal,1102
6dd030ecc832c390a38db3f42c9506dd,2018-05-05,58326e62183c14b0c03085c33b9fdc44,social,0,2018,5,5,0.40921880537747163,1018,63,0.06275891136801541,236.0,16.0,0.0708740234375,NEGATIVE,NEGATIVE,0.272257870187586,LOW,Keep in nurture queue and monitor,origin historically converts below baseline; landing page shows a negative historical signal,1103
9221cc350ac177eee820422285504985,2018-05-05,58326e62183c14b0c03085c33b9fdc44,social,0,2018,5,5,0.40921880537747163,1018,63,0.06275891136801541,236.0,16.0,0.0708740234375,NEGATIVE,NEGATIVE,0.272257870187586,LOW,Keep in nurture queue and monitor,origin historically converts below baseline; landing page shows a negative historical signal,1104
0c2ecd5cb4ba7dae4f84402c5ebe87f5,2018-05-05,58326e62183c14b0c03085c33b9fdc44,social,0,2018,5,5,0.40921880537747163,1018,63,0.06275891136801541,236.0,16.0,0.0708740234375,NEGATIVE,NEGATIVE,0.272257870187586,LOW,Keep in nurture queue and monitor,origin historically converts below baseline; landing page shows a negative historical signal,1105
8b2c5535d232cb9ff45a6944915000b1,2018-05-05,58326e62183c14b0c03085c33b9fdc44,social,0,2018,5,5,0.40921880537747163,1018,63,0.06275891136801541,236.0,16.0,0.0708740234375,NEGATIVE,NEGATIVE,0.272257870187586,LOW,Keep in nurture queue and monitor,origin historically converts below baseline; landing page shows a negative historical signal,1106
bc05280b649b56ed783744d4bfe1e384,2018-05-12,58326e62183c14b0c03085c33b9fdc44,social,0,2018,5,5,0.40921880537747163,1018,63,0.06275891136801541,236.0,16.0,0.0708740234375,NEGATIVE,NEGATIVE,0.272257870187586,LOW,Keep in nurture queue and monitor,origin historically converts below baseline; landing page shows a negative historical signal,1107
786723d8a8743466b6206c86f2970f2e,2018-05-19,58326e62183c14b0c03085c33b9fdc44,social,0,2018,5,5,0.40921880537747163,1018,63,0.06275891136801541,236.0,16.0,0.0708740234375,NEGATIVE,NEGATIVE,0.272257870187586,LOW,Keep in nurture queue and monitor,origin historically converts below baseline; landing page shows a negative historical signal,1108
0ecf4782361ab6e015c2cb6784e211f6,2018-05-19,58326e62183c14b0c03085c33b9fdc44,social,0,2018,5,5,0.40921880537747163,1018,63,0.06275891136801541,236.0,16.0,0.0708740234375,NEGATIVE,NEGATIVE,0.272257870187586,LOW,Keep in nurture queue and monitor,origin historically converts below baseline; landing page shows a negative historical signal,1109
3f471e0e587a9e83b568eb6759d1fa15,2018-05-12,58326e62183c14b0c03085c33b9fdc44,social,0,2018,5,5,0.40921880537747163,1018,63,0.06275891136801541,236.0,16.0,0.0708740234375,NEGATIVE,NEGATIVE,0.272257870187586,LOW,Keep in nurture queue and monitor,origin historically converts below baseline; landing page shows a negative historical signal,1110
3c38bf04ae972211c47d7de393fcccc8,2018-05-12,58326e62183c14b0c03085c33b9fdc44,social,0,2018,5,5,0.40921880537747163,1018,63,0.06275891136801541,236.0,16.0,0.0708740234375,NEGATIVE,NEGATIVE,0.272257870187586,LOW,Keep in nurture queue and monitor,origin historically converts below baseline; landing page shows a negative historical signal,1111
e9b960bce9db4860098e82117b16779d,2018-05-12,58326e62183c14b0c03085c33b9fdc44,social,0,2018,5,5,0.40921880537747163,1018,63,0.06275891136801541,236.0,16.0,0.0708740234375,NEGATIVE,NEGATIVE,0.272257870187586,LOW,Keep in nurture queue and monitor,origin historically converts below baseline; landing page shows a negative historical signal,1112
dd39400710867187ef39d00d99991082,2018-05-26,58326e62183c14b0c03085c33b9fdc44,social,0,2018,5,5,0.40921880537747163,1018,63,0.06275891136801541,236.0,16.0,0.0708740234375,NEGATIVE,NEGATIVE,0.272257870187586,LOW,Keep in nurture queue and monitor,origin historically converts below baseline; landing page shows a negative historical signal,1113
f1fc635f9e6f3c7c0da596e0e4043d9a,2018-05-26,58326e62183c14b0c03085c33b9fdc44,social,0,2018,5,5,0.40921880537747163,1018,63,0.06275891136801541,236.0,16.0,0.0708740234375,NEGATIVE,NEGATIVE,0.272257870187586,LOW,Keep in nurture queue and monitor,origin historically converts below baseline; landing page shows a negative historical signal,1114
e19ad74a5332238bfeb6be4a61daf6e7,2018-05-19,58326e62183c14b0c03085c33b9fdc44,social,0,2018,5,5,0.40921880537747163,1018,63,0.06275891136801541,236.0,16.0,0.0708740234375,NEGATIVE,NEGATIVE,0.272257870187586,LOW,Keep in nurture queue and monitor,origin historically converts below baseline; landing page shows a negative historical signal,1115
d50e3fa729f701714472688fbfffa7fe,2018-04-26,4e82dd1f6d00626bda0723eef0a269a6,organic_search,0,2018,4,3,0.39116946274020703,1869,222,0.11865735839068291,26.0,1.0,0.06834239130434783,POSITIVE,NEGATIVE,0.2721016275831304,LOW,Keep in nurture queue and monitor,origin shows a positive conversion signal; landing page shows a negative historical signal,1116
bbe5f8f0ea71bc8a0b91e1307e3f74ab,2018-05-25,58326e62183c14b0c03085c33b9fdc44,social,0,2018,5,4,0.4056791985371692,1018,63,0.06275891136801541,236.0,16.0,0.0708740234375,NEGATIVE,NEGATIVE,0.2701341060834046,LOW,Keep in nurture queue and monitor,origin historically converts below baseline; landing page shows a negative historical signal,1117
41425a28f118604b01522f7af1176aa3,2018-05-18,58326e62183c14b0c03085c33b9fdc44,social,0,2018,5,4,0.4056791985371692,1018,63,0.06275891136801541,236.0,16.0,0.0708740234375,NEGATIVE,NEGATIVE,0.2701341060834046,LOW,Keep in nurture queue and monitor,origin historically converts below baseline; landing page shows a negative historical signal,1118
f0b8024455e6c0cb3ab7495325afee5c,2018-05-11,58326e62183c14b0c03085c33b9fdc44,social,0,2018,5,4,0.4056791985371692,1018,63,0.06275891136801541,236.0,16.0,0.0708740234375,NEGATIVE,NEGATIVE,0.2701341060834046,LOW,Keep in nurture queue and monitor,origin historically converts below baseline; landing page shows a negative historical signal,1119
0714a81e02d3a314211b75189131a72a,2018-05-11,58326e62183c14b0c03085c33b9fdc44,social,0,2018,5,4,0.4056791985371692,1018,63,0.06275891136801541,236.0,16.0,0.0708740234375,NEGATIVE,NEGATIVE,0.2701341060834046,LOW,Keep in nurture queue and monitor,origin historically converts below baseline; landing page shows a negative historical signal,1120
3f43b741e9c8523c43e3370be32f2c0a,2018-05-18,58326e62183c14b0c03085c33b9fdc44,social,0,2018,5,4,0.4056791985371692,1018,63,0.06275891136801541,236.0,16.0,0.0708740234375,NEGATIVE,NEGATIVE,0.2701341060834046,LOW,Keep in nurture queue and monitor,origin historically converts below baseline; landing page shows a negative historical signal,1121
6e1bdc97ffcbc6a73415bd776a130272,2018-05-04,58326e62183c14b0c03085c33b9fdc44,social,0,2018,5,4,0.4056791985371692,1018,63,0.06275891136801541,236.0,16.0,0.0708740234375,NEGATIVE,NEGATIVE,0.2701341060834046,LOW,Keep in nurture queue and monitor,origin historically converts below baseline; landing page shows a negative historical signal,1122
40ca42a23b5d855b75f16932e8509b2a,2018-05-04,58326e62183c14b0c03085c33b9fdc44,social,0,2018,5,4,0.4056791985371692,1018,63,0.06275891136801541,236.0,16.0,0.0708740234375,NEGATIVE,NEGATIVE,0.2701341060834046,LOW,Keep in nurture queue and monitor,origin historically converts below baseline; landing page shows a negative historical signal,1123
18f5d73a3c6b68160f6aa7fd089423b3,2018-05-04,58326e62183c14b0c03085c33b9fdc44,social,1,2018,5,4,0.4056791985371692,1018,63,0.06275891136801541,236.0,16.0,0.0708740234375,NEGATIVE,NEGATIVE,0.2701341060834046,LOW,Keep in nurture queue and monitor,origin historically converts below baseline; landing page shows a negative historical signal,1124
2f601bfe0cde0094470c1add322af541,2018-05-04,58326e62183c14b0c03085c33b9fdc44,social,0,2018,5,4,0.4056791985371692,1018,63,0.06275891136801541,236.0,16.0,0.0708740234375,NEGATIVE,NEGATIVE,0.2701341060834046,LOW,Keep in nurture queue and monitor,origin historically converts below baseline; landing page shows a negative historical signal,1125
f9d56e4df9f4a94e2a2ef288d126f9da,2018-05-25,58326e62183c14b0c03085c33b9fdc44,social,0,2018,5,4,0.4056791985371692,1018,63,0.06275891136801541,236.0,16.0,0.0708740234375,NEGATIVE,NEGATIVE,0.2701341060834046,LOW,Keep in nurture queue and monitor,origin historically converts below baseline; landing page shows a negative historical signal,1126
8476d966ed57bf67ad4ce07d59ca80ac,2018-05-18,58326e62183c14b0c03085c33b9fdc44,social,0,2018,5,4,0.4056791985371692,1018,63,0.06275891136801541,236.0,16.0,0.0708740234375,NEGATIVE,NEGATIVE,0.2701341060834046,LOW,Keep in nurture queue and monitor,origin historically converts below baseline; landing page shows a negative historical signal,1127
217ced262d2d8c45bcda1cdce89bbeb5,2018-05-18,58326e62183c14b0c03085c33b9fdc44,social,0,2018,5,4,0.4056791985371692,1018,63,0.06275891136801541,236.0,16.0,0.0708740234375,NEGATIVE,NEGATIVE,0.2701341060834046,LOW,Keep in nurture queue and monitor,origin historically converts below baseline; landing page shows a negative historical signal,1128
d231420fda34541e691c58019767ab04,2018-05-18,58326e62183c14b0c03085c33b9fdc44,social,0,2018,5,4,0.4056791985371692,1018,63,0.06275891136801541,236.0,16.0,0.0708740234375,NEGATIVE,NEGATIVE,0.2701341060834046,LOW,Keep in nurture queue and monitor,origin historically converts below baseline; landing page shows a negative historical signal,1129
7ef73a2cfe1d16ae5e3f0d708991f751,2018-05-18,58326e62183c14b0c03085c33b9fdc44,social,0,2018,5,4,0.4056791985371692,1018,63,0.06275891136801541,236.0,16.0,0.0708740234375,NEGATIVE,NEGATIVE,0.2701341060834046,LOW,Keep in nurture queue and monitor,origin historically converts below baseline; landing page shows a negative historical signal,1130
bcc31518de70244c0f9384837d9711ab,2018-05-18,58326e62183c14b0c03085c33b9fdc44,social,0,2018,5,4,0.4056791985371692,1018,63,0.06275891136801541,236.0,16.0,0.0708740234375,NEGATIVE,NEGATIVE,0.2701341060834046,LOW,Keep in nurture queue and monitor,origin historically converts below baseline; landing page shows a negative historical signal,1131
06dc745ebe65fdc0b40a6360a1876967,2018-05-25,58326e62183c14b0c03085c33b9fdc44,social,0,2018,5,4,0.4056791985371692,1018,63,0.06275891136801541,236.0,16.0,0.0708740234375,NEGATIVE,NEGATIVE,0.2701341060834046,LOW,Keep in nurture queue and monitor,origin historically converts below baseline; landing page shows a negative historical signal,1132
4f4255f798ca34028903c6bc606c32de,2018-05-11,58326e62183c14b0c03085c33b9fdc44,social,0,2018,5,4,0.4056791985371692,1018,63,0.06275891136801541,236.0,16.0,0.0708740234375,NEGATIVE,NEGATIVE,0.2701341060834046,LOW,Keep in nurture queue and monitor,origin historically converts below baseline; landing page shows a negative historical signal,1133
3eed6d27b0b2dd008c1be88cce8245fc,2018-05-11,58326e62183c14b0c03085c33b9fdc44,social,0,2018,5,4,0.4056791985371692,1018,63,0.06275891136801541,236.0,16.0,0.0708740234375,NEGATIVE,NEGATIVE,0.2701341060834046,LOW,Keep in nurture queue and monitor,origin historically converts below baseline; landing page shows a negative historical signal,1134
dbf60138c911308b0c99510ba80c36cc,2018-05-11,58326e62183c14b0c03085c33b9fdc44,social,0,2018,5,4,0.4056791985371692,1018,63,0.06275891136801541,236.0,16.0,0.0708740234375,NEGATIVE,NEGATIVE,0.2701341060834046,LOW,Keep in nurture queue and monitor,origin historically converts below baseline; landing page shows a negative historical signal,1135
a49fd603d1749c04310a609de0235e32,2018-05-18,58326e62183c14b0c03085c33b9fdc44,social,0,2018,5,4,0.4056791985371692,1018,63,0.06275891136801541,236.0,16.0,0.0708740234375,NEGATIVE,NEGATIVE,0.2701341060834046,LOW,Keep in nurture queue and monitor,origin historically converts below baseline; landing page shows a negative historical signal,1136
77397971db7cfab9633924c13050bf62,2018-05-25,15cf89bab2c3163b4f9d8601d108f8b2,organic_search,0,2018,5,4,0.3904217496101026,1869,222,0.11865735839068291,33.0,1.0,0.059316037735849064,POSITIVE,NEGATIVE,0.26984772899136794,LOW,Keep in nurture queue and monitor,origin shows a positive conversion signal; landing page shows a negative historical signal,1137
29330fd16af21aa9a9559c4450d329e2,2018-05-18,15cf89bab2c3163b4f9d8601d108f8b2,organic_search,0,2018,5,4,0.3904217496101026,1869,222,0.11865735839068291,33.0,1.0,0.059316037735849064,POSITIVE,NEGATIVE,0.26984772899136794,LOW,Keep in nurture queue and monitor,origin shows a positive conversion signal; landing page shows a negative historical signal,1138
d348627a08fabe278a8909ed03474447,2018-05-10,d75a2371281f42d607be43b08bd74905,direct_traffic,0,2018,5,3,0.3792649066019609,406,48,0.11770833333333333,3.0,0.0,0.09320652173913045,POSITIVE,LIMITED,0.26974191497566924,LOW,Keep in nurture queue and monitor,origin shows a positive conversion signal,1139
f5baaf0afe419681731ec3d30dafd954,2018-04-30,1ec5f5ec77c51a968271b2ca9862907d,,1,2018,4,0,0.35790475851513537,42,9,0.17973790322580646,3.0,0.0,0.09320652173913045,STRONG,LIMITED,0.2693317401020686,LOW,Keep in nurture queue and monitor,origin historically converts above baseline,1140
8d04c13e080ecc73656118e7650fbb4c,2018-05-17,58326e62183c14b0c03085c33b9fdc44,social,0,2018,5,3,0.40214936728234263,1018,63,0.06275891136801541,236.0,16.0,0.0708740234375,NEGATIVE,NEGATIVE,0.2680162073305086,LOW,Keep in nurture queue and monitor,origin historically converts below baseline; landing page shows a negative historical signal,1141
787125854359224a5b0b0b7629cc6d3d,2018-05-03,58326e62183c14b0c03085c33b9fdc44,social,0,2018,5,3,0.40214936728234263,1018,63,0.06275891136801541,236.0,16.0,0.0708740234375,NEGATIVE,NEGATIVE,0.2680162073305086,LOW,Keep in nurture queue and monitor,origin historically converts below baseline; landing page shows a negative historical signal,1142
933f4346eb5223b968a949ddb0215dff,2018-05-03,58326e62183c14b0c03085c33b9fdc44,social,0,2018,5,3,0.40214936728234263,1018,63,0.06275891136801541,236.0,16.0,0.0708740234375,NEGATIVE,NEGATIVE,0.2680162073305086,LOW,Keep in nurture queue and monitor,origin historically converts below baseline; landing page shows a negative historical signal,1143
6109540ba50af92a01ce800112504b1e,2018-05-17,58326e62183c14b0c03085c33b9fdc44,social,0,2018,5,3,0.40214936728234263,1018,63,0.06275891136801541,236.0,16.0,0.0708740234375,NEGATIVE,NEGATIVE,0.2680162073305086,LOW,Keep in nurture queue and monitor,origin historically converts below baseline; landing page shows a negative historical signal,1144
becebedf1c232fd3fcd44dcd8c0ef821,2018-05-03,58326e62183c14b0c03085c33b9fdc44,social,0,2018,5,3,0.40214936728234263,1018,63,0.06275891136801541,236.0,16.0,0.0708740234375,NEGATIVE,NEGATIVE,0.2680162073305086,LOW,Keep in nurture queue and monitor,origin historically converts below baseline; landing page shows a negative historical signal,1145
f021a5566d8509939615e02a20f267e3,2018-05-10,58326e62183c14b0c03085c33b9fdc44,social,0,2018,5,3,0.40214936728234263,1018,63,0.06275891136801541,236.0,16.0,0.0708740234375,NEGATIVE,NEGATIVE,0.2680162073305086,LOW,Keep in nurture queue and monitor,origin historically converts below baseline; landing page shows a negative historical signal,1146
c9de0a5417de8f748230d60884345ccb,2018-05-17,58326e62183c14b0c03085c33b9fdc44,social,0,2018,5,3,0.40214936728234263,1018,63,0.06275891136801541,236.0,16.0,0.0708740234375,NEGATIVE,NEGATIVE,0.2680162073305086,LOW,Keep in nurture queue and monitor,origin historically converts below baseline; landing page shows a negative historical signal,1147
bf7f645c0623a3c5d461d251339e5c9b,2018-05-17,58326e62183c14b0c03085c33b9fdc44,social,0,2018,5,3,0.40214936728234263,1018,63,0.06275891136801541,236.0,16.0,0.0708740234375,NEGATIVE,NEGATIVE,0.2680162073305086,LOW,Keep in nurture queue and monitor,origin historically converts below baseline; landing page shows a negative historical signal,1148
0a4096345f092c37b8a29da4d03133f4,2018-05-17,58326e62183c14b0c03085c33b9fdc44,social,0,2018,5,3,0.40214936728234263,1018,63,0.06275891136801541,236.0,16.0,0.0708740234375,NEGATIVE,NEGATIVE,0.2680162073305086,LOW,Keep in nurture queue and monitor,origin historically converts below baseline; landing page shows a negative historical signal,1149
f2b08f23d02d5fff247a41982d44f02e,2018-05-24,58326e62183c14b0c03085c33b9fdc44,social,0,2018,5,3,0.40214936728234263,1018,63,0.06275891136801541,236.0,16.0,0.0708740234375,NEGATIVE,NEGATIVE,0.2680162073305086,LOW,Keep in nurture queue and monitor,origin historically converts below baseline; landing page shows a negative historical signal,1150
41968108405ae4c20a77ce8f901d0c49,2018-05-31,58326e62183c14b0c03085c33b9fdc44,social,0,2018,5,3,0.40214936728234263,1018,63,0.06275891136801541,236.0,16.0,0.0708740234375,NEGATIVE,NEGATIVE,0.2680162073305086,LOW,Keep in nurture queue and monitor,origin historically converts below baseline; landing page shows a negative historical signal,1151
91d054b242704a7a9196a568fb02974a,2018-05-03,58326e62183c14b0c03085c33b9fdc44,social,0,2018,5,3,0.40214936728234263,1018,63,0.06275891136801541,236.0,16.0,0.0708740234375,NEGATIVE,NEGATIVE,0.2680162073305086,LOW,Keep in nurture queue and monitor,origin historically converts below baseline; landing page shows a negative historical signal,1152
83b3b79f3802894efd6dec0c0e452e5b,2018-05-17,58326e62183c14b0c03085c33b9fdc44,social,0,2018,5,3,0.40214936728234263,1018,63,0.06275891136801541,236.0,16.0,0.0708740234375,NEGATIVE,NEGATIVE,0.2680162073305086,LOW,Keep in nurture queue and monitor,origin historically converts below baseline; landing page shows a negative historical signal,1153
8fe74e773f8d8198eaf3fd830ee305e5,2018-05-03,58326e62183c14b0c03085c33b9fdc44,social,0,2018,5,3,0.40214936728234263,1018,63,0.06275891136801541,236.0,16.0,0.0708740234375,NEGATIVE,NEGATIVE,0.2680162073305086,LOW,Keep in nurture queue and monitor,origin historically converts below baseline; landing page shows a negative historical signal,1154
9dcfa40e7250f2fe6fa02282a752c7e2,2018-05-31,58326e62183c14b0c03085c33b9fdc44,social,0,2018,5,3,0.40214936728234263,1018,63,0.06275891136801541,236.0,16.0,0.0708740234375,NEGATIVE,NEGATIVE,0.2680162073305086,LOW,Keep in nurture queue and monitor,origin historically converts below baseline; landing page shows a negative historical signal,1155
c17f34697eff61933db1f1b27045649c,2018-05-31,58326e62183c14b0c03085c33b9fdc44,social,0,2018,5,3,0.40214936728234263,1018,63,0.06275891136801541,236.0,16.0,0.0708740234375,NEGATIVE,NEGATIVE,0.2680162073305086,LOW,Keep in nurture queue and monitor,origin historically converts below baseline; landing page shows a negative historical signal,1156
9012a1c75d959d58edd3a3fc1c0f5b75,2018-05-31,58326e62183c14b0c03085c33b9fdc44,social,0,2018,5,3,0.40214936728234263,1018,63,0.06275891136801541,236.0,16.0,0.0708740234375,NEGATIVE,NEGATIVE,0.2680162073305086,LOW,Keep in nurture queue and monitor,origin historically converts below baseline; landing page shows a negative historical signal,1157
3b6991cd9fad54dc97df4e068f4c0555,2018-05-24,58326e62183c14b0c03085c33b9fdc44,social,0,2018,5,3,0.40214936728234263,1018,63,0.06275891136801541,236.0,16.0,0.0708740234375,NEGATIVE,NEGATIVE,0.2680162073305086,LOW,Keep in nurture queue and monitor,origin historically converts below baseline; landing page shows a negative historical signal,1158
af446d9d4f5e0474ee0a18d0491bc555,2018-05-24,58326e62183c14b0c03085c33b9fdc44,social,0,2018,5,3,0.40214936728234263,1018,63,0.06275891136801541,236.0,16.0,0.0708740234375,NEGATIVE,NEGATIVE,0.2680162073305086,LOW,Keep in nurture queue and monitor,origin historically converts below baseline; landing page shows a negative historical signal,1159
d12fec62f69e678f635825963e988562,2018-05-10,58326e62183c14b0c03085c33b9fdc44,social,0,2018,5,3,0.40214936728234263,1018,63,0.06275891136801541,236.0,16.0,0.0708740234375,NEGATIVE,NEGATIVE,0.2680162073305086,LOW,Keep in nurture queue and monitor,origin historically converts below baseline; landing page shows a negative historical signal,1160
3fc2d2c3597b3e7b87c17651f98f6c22,2018-05-10,58326e62183c14b0c03085c33b9fdc44,social,1,2018,5,3,0.40214936728234263,1018,63,0.06275891136801541,236.0,16.0,0.0708740234375,NEGATIVE,NEGATIVE,0.2680162073305086,LOW,Keep in nurture queue and monitor,origin historically converts below baseline; landing page shows a negative historical signal,1161
768a48621db6578fbfcda8edc7d647e2,2018-05-31,58326e62183c14b0c03085c33b9fdc44,social,0,2018,5,3,0.40214936728234263,1018,63,0.06275891136801541,236.0,16.0,0.0708740234375,NEGATIVE,NEGATIVE,0.2680162073305086,LOW,Keep in nurture queue and monitor,origin historically converts below baseline; landing page shows a negative historical signal,1162
9908b7e0ab13119aa8daccbb7f425e10,2018-05-24,58326e62183c14b0c03085c33b9fdc44,social,0,2018,5,3,0.40214936728234263,1018,63,0.06275891136801541,236.0,16.0,0.0708740234375,NEGATIVE,NEGATIVE,0.2680162073305086,LOW,Keep in nurture queue and monitor,origin historically converts below baseline; landing page shows a negative historical signal,1163
3ce434b95c3392cc0562fb8ac2e6a2ee,2018-05-24,58326e62183c14b0c03085c33b9fdc44,social,0,2018,5,3,0.40214936728234263,1018,63,0.06275891136801541,236.0,16.0,0.0708740234375,NEGATIVE,NEGATIVE,0.2680162073305086,LOW,Keep in nurture queue and monitor,origin historically converts below baseline; landing page shows a negative historical signal,1164
8cbf80b9807fe5a9303612d700338aba,2018-05-24,58326e62183c14b0c03085c33b9fdc44,social,0,2018,5,3,0.40214936728234263,1018,63,0.06275891136801541,236.0,16.0,0.0708740234375,NEGATIVE,NEGATIVE,0.2680162073305086,LOW,Keep in nurture queue and monitor,origin historically converts below baseline; landing page shows a negative historical signal,1165
72d8c52e8efc6b0e3db32756ee69c9f9,2018-05-10,58326e62183c14b0c03085c33b9fdc44,social,0,2018,5,3,0.40214936728234263,1018,63,0.06275891136801541,236.0,16.0,0.0708740234375,NEGATIVE,NEGATIVE,0.2680162073305086,LOW,Keep in nurture queue and monitor,origin historically converts below baseline; landing page shows a negative historical signal,1166
b2e6e837143d63daca07f522905f79a9,2018-05-03,58326e62183c14b0c03085c33b9fdc44,social,0,2018,5,3,0.40214936728234263,1018,63,0.06275891136801541,236.0,16.0,0.0708740234375,NEGATIVE,NEGATIVE,0.2680162073305086,LOW,Keep in nurture queue and monitor,origin historically converts below baseline; landing page shows a negative historical signal,1167
9d1c3eae963a3752665ccb69cd7ac781,2018-05-24,58326e62183c14b0c03085c33b9fdc44,social,0,2018,5,3,0.40214936728234263,1018,63,0.06275891136801541,236.0,16.0,0.0708740234375,NEGATIVE,NEGATIVE,0.2680162073305086,LOW,Keep in nurture queue and monitor,origin historically converts below baseline; landing page shows a negative historical signal,1168
fd72ecaa23aa0a514a53c6a16eabb9c6,2018-05-17,58326e62183c14b0c03085c33b9fdc44,social,0,2018,5,3,0.40214936728234263,1018,63,0.06275891136801541,236.0,16.0,0.0708740234375,NEGATIVE,NEGATIVE,0.2680162073305086,LOW,Keep in nurture queue and monitor,origin historically converts below baseline; landing page shows a negative historical signal,1169
e2e3fb19cb1f4edf8c601bab9adbad86,2018-05-03,58326e62183c14b0c03085c33b9fdc44,social,1,2018,5,3,0.40214936728234263,1018,63,0.06275891136801541,236.0,16.0,0.0708740234375,NEGATIVE,NEGATIVE,0.2680162073305086,LOW,Keep in nurture queue and monitor,origin historically converts below baseline; landing page shows a negative historical signal,1170
51ae8ee238cd187751ea16ccd5b42ff9,2018-05-24,58326e62183c14b0c03085c33b9fdc44,social,0,2018,5,3,0.40214936728234263,1018,63,0.06275891136801541,236.0,16.0,0.0708740234375,NEGATIVE,NEGATIVE,0.2680162073305086,LOW,Keep in nurture queue and monitor,origin historically converts below baseline; landing page shows a negative historical signal,1171
13aa4b97741ab666f4cccdf5b44ad772,2018-05-24,58326e62183c14b0c03085c33b9fdc44,social,0,2018,5,3,0.40214936728234263,1018,63,0.06275891136801541,236.0,16.0,0.0708740234375,NEGATIVE,NEGATIVE,0.2680162073305086,LOW,Keep in nurture queue and monitor,origin historically converts below baseline; landing page shows a negative historical signal,1172
3664913957dea62519714ffa0bf99483,2018-05-24,58326e62183c14b0c03085c33b9fdc44,social,0,2018,5,3,0.40214936728234263,1018,63,0.06275891136801541,236.0,16.0,0.0708740234375,NEGATIVE,NEGATIVE,0.2680162073305086,LOW,Keep in nurture queue and monitor,origin historically converts below baseline; landing page shows a negative historical signal,1173
e41fa3d414e8eaca9467ecace739b400,2018-05-10,58326e62183c14b0c03085c33b9fdc44,social,0,2018,5,3,0.40214936728234263,1018,63,0.06275891136801541,236.0,16.0,0.0708740234375,NEGATIVE,NEGATIVE,0.2680162073305086,LOW,Keep in nurture queue and monitor,origin historically converts below baseline; landing page shows a negative historical signal,1174
10bd89509a170e478e62697df43a5984,2018-05-31,58326e62183c14b0c03085c33b9fdc44,social,0,2018,5,3,0.40214936728234263,1018,63,0.06275891136801541,236.0,16.0,0.0708740234375,NEGATIVE,NEGATIVE,0.2680162073305086,LOW,Keep in nurture queue and monitor,origin historically converts below baseline; landing page shows a negative historical signal,1175
b998882657b5780d5a28664294f9ffb9,2018-05-10,58326e62183c14b0c03085c33b9fdc44,social,0,2018,5,3,0.40214936728234263,1018,63,0.06275891136801541,236.0,16.0,0.0708740234375,NEGATIVE,NEGATIVE,0.2680162073305086,LOW,Keep in nurture queue and monitor,origin historically converts below baseline; landing page shows a negative historical signal,1176
5eca46e40da5b91af0922aaf4bc32583,2018-05-10,58326e62183c14b0c03085c33b9fdc44,social,0,2018,5,3,0.40214936728234263,1018,63,0.06275891136801541,236.0,16.0,0.0708740234375,NEGATIVE,NEGATIVE,0.2680162073305086,LOW,Keep in nurture queue and monitor,origin historically converts below baseline; landing page shows a negative historical signal,1177
0c6daff5aaefbe33461eebd8510d62fc,2018-05-10,58326e62183c14b0c03085c33b9fdc44,social,0,2018,5,3,0.40214936728234263,1018,63,0.06275891136801541,236.0,16.0,0.0708740234375,NEGATIVE,NEGATIVE,0.2680162073305086,LOW,Keep in nurture queue and monitor,origin historically converts below baseline; landing page shows a negative historical signal,1178
1a7674b238ffaaec2e45018a46f98fe1,2018-05-24,15cf89bab2c3163b4f9d8601d108f8b2,organic_search,0,2018,5,3,0.3869382421819849,1869,222,0.11865735839068291,33.0,1.0,0.059316037735849064,POSITIVE,NEGATIVE,0.2677576245344973,LOW,Keep in nurture queue and monitor,origin shows a positive conversion signal; landing page shows a negative historical signal,1179
a1dbc648d3cde67e146a2f810ded7bbd,2018-05-16,330b9d44078a1ae5a221d655dcb77afa,referral,0,2018,5,2,0.39030880865950063,219,15,0.07173117154811716,36.0,3.0,0.09185267857142858,NEGATIVE,NEUTRAL,0.2669020552196095,LOW,Keep in nurture queue and monitor,origin historically converts below baseline,1180
bc9e82730f512b188638dde8d5f51cd2,2018-04-27,649b7b8b46b254497e92038d88f6ced8,social,0,2018,4,4,0.3969799092612216,1018,63,0.06275891136801541,58.0,4.0,0.07876602564102565,NEGATIVE,NEUTRAL,0.26649293295854115,LOW,Keep in nurture queue and monitor,origin historically converts below baseline,1181
cf9c63dd842330b6e9b6b20fe80ebb14,2018-04-27,649b7b8b46b254497e92038d88f6ced8,social,0,2018,4,4,0.3969799092612216,1018,63,0.06275891136801541,58.0,4.0,0.07876602564102565,NEGATIVE,NEUTRAL,0.26649293295854115,LOW,Keep in nurture queue and monitor,origin historically converts below baseline,1182
6ffd0a7e2060229ac8e4b94807767abe,2018-05-16,58326e62183c14b0c03085c33b9fdc44,social,0,2018,5,2,0.39862964892044184,1018,63,0.06275891136801541,236.0,16.0,0.0708740234375,NEGATIVE,NEGATIVE,0.26590437631336816,LOW,Keep in nurture queue and monitor,origin historically converts below baseline; landing page shows a negative historical signal,1183
dc8d4ea197cff803ceb8a1926a733a1a,2018-05-02,58326e62183c14b0c03085c33b9fdc44,social,0,2018,5,2,0.39862964892044184,1018,63,0.06275891136801541,236.0,16.0,0.0708740234375,NEGATIVE,NEGATIVE,0.26590437631336816,LOW,Keep in nurture queue and monitor,origin historically converts below baseline; landing page shows a negative historical signal,1184
44a32f77814f9387e2c30e3eb94e6546,2018-05-16,58326e62183c14b0c03085c33b9fdc44,social,0,2018,5,2,0.39862964892044184,1018,63,0.06275891136801541,236.0,16.0,0.0708740234375,NEGATIVE,NEGATIVE,0.26590437631336816,LOW,Keep in nurture queue and monitor,origin historically converts below baseline; landing page shows a negative historical signal,1185
6336d7ded64dd1908125ab172fd5e60e,2018-05-23,58326e62183c14b0c03085c33b9fdc44,social,0,2018,5,2,0.39862964892044184,1018,63,0.06275891136801541,236.0,16.0,0.0708740234375,NEGATIVE,NEGATIVE,0.26590437631336816,LOW,Keep in nurture queue and monitor,origin historically converts below baseline; landing page shows a negative historical signal,1186
4bf9decb991cfa0ff9d26f47f2e807b9,2018-05-02,58326e62183c14b0c03085c33b9fdc44,social,0,2018,5,2,0.39862964892044184,1018,63,0.06275891136801541,236.0,16.0,0.0708740234375,NEGATIVE,NEGATIVE,0.26590437631336816,LOW,Keep in nurture queue and monitor,origin historically converts below baseline; landing page shows a negative historical signal,1187
43e3f815cf7fe4dc813ba16eef04e1da,2018-05-02,58326e62183c14b0c03085c33b9fdc44,social,0,2018,5,2,0.39862964892044184,1018,63,0.06275891136801541,236.0,16.0,0.0708740234375,NEGATIVE,NEGATIVE,0.26590437631336816,LOW,Keep in nurture queue and monitor,origin historically converts below baseline; landing page shows a negative historical signal,1188
2c0b63ee34715edf629f6c3e41c8a6b2,2018-05-23,58326e62183c14b0c03085c33b9fdc44,social,0,2018,5,2,0.39862964892044184,1018,63,0.06275891136801541,236.0,16.0,0.0708740234375,NEGATIVE,NEGATIVE,0.26590437631336816,LOW,Keep in nurture queue and monitor,origin historically converts below baseline; landing page shows a negative historical signal,1189
0a16b09784bae8287858faf95511a66e,2018-05-23,58326e62183c14b0c03085c33b9fdc44,social,0,2018,5,2,0.39862964892044184,1018,63,0.06275891136801541,236.0,16.0,0.0708740234375,NEGATIVE,NEGATIVE,0.26590437631336816,LOW,Keep in nurture queue and monitor,origin historically converts below baseline; landing page shows a negative historical signal,1190
19b837f06cf349de37a3df0f699ba9e8,2018-05-23,58326e62183c14b0c03085c33b9fdc44,social,0,2018,5,2,0.39862964892044184,1018,63,0.06275891136801541,236.0,16.0,0.0708740234375,NEGATIVE,NEGATIVE,0.26590437631336816,LOW,Keep in nurture queue and monitor,origin historically converts below baseline; landing page shows a negative historical signal,1191
180609d5d1fb1fa579476ecd5ce27ca0,2018-05-02,58326e62183c14b0c03085c33b9fdc44,social,0,2018,5,2,0.39862964892044184,1018,63,0.06275891136801541,236.0,16.0,0.0708740234375,NEGATIVE,NEGATIVE,0.26590437631336816,LOW,Keep in nurture queue and monitor,origin historically converts below baseline; landing page shows a negative historical signal,1192
d90a6ea6fd54e27c2656d8d3877abea4,2018-05-02,58326e62183c14b0c03085c33b9fdc44,social,0,2018,5,2,0.39862964892044184,1018,63,0.06275891136801541,236.0,16.0,0.0708740234375,NEGATIVE,NEGATIVE,0.26590437631336816,LOW,Keep in nurture queue and monitor,origin historically converts below baseline; landing page shows a negative historical signal,1193
8e65aff4b74febf52c314c22e34c2d32,2018-05-16,58326e62183c14b0c03085c33b9fdc44,social,0,2018,5,2,0.39862964892044184,1018,63,0.06275891136801541,236.0,16.0,0.0708740234375,NEGATIVE,NEGATIVE,0.26590437631336816,LOW,Keep in nurture queue and monitor,origin historically converts below baseline; landing page shows a negative historical signal,1194
f0e52158d74ae8b44e0b9373034d6503,2018-05-16,58326e62183c14b0c03085c33b9fdc44,social,0,2018,5,2,0.39862964892044184,1018,63,0.06275891136801541,236.0,16.0,0.0708740234375,NEGATIVE,NEGATIVE,0.26590437631336816,LOW,Keep in nurture queue and monitor,origin historically converts below baseline; landing page shows a negative historical signal,1195
d4aa3819fa81ce7edefa6cd564645656,2018-05-16,58326e62183c14b0c03085c33b9fdc44,social,0,2018,5,2,0.39862964892044184,1018,63,0.06275891136801541,236.0,16.0,0.0708740234375,NEGATIVE,NEGATIVE,0.26590437631336816,LOW,Keep in nurture queue and monitor,origin historically converts below baseline; landing page shows a negative historical signal,1196
d14cb406f01f8101884d7cf81981d8bb,2018-05-16,58326e62183c14b0c03085c33b9fdc44,social,0,2018,5,2,0.39862964892044184,1018,63,0.06275891136801541,236.0,16.0,0.0708740234375,NEGATIVE,NEGATIVE,0.26590437631336816,LOW,Keep in nurture queue and monitor,origin historically converts below baseline; landing page shows a negative historical signal,1197
bbba677a7830a14343512ae9637e3879,2018-05-02,58326e62183c14b0c03085c33b9fdc44,social,0,2018,5,2,0.39862964892044184,1018,63,0.06275891136801541,236.0,16.0,0.0708740234375,NEGATIVE,NEGATIVE,0.26590437631336816,LOW,Keep in nurture queue and monitor,origin historically converts below baseline; landing page shows a negative historical signal,1198
269dce383b169909785f4fda1ed47913,2018-05-23,58326e62183c14b0c03085c33b9fdc44,social,0,2018,5,2,0.39862964892044184,1018,63,0.06275891136801541,236.0,16.0,0.0708740234375,NEGATIVE,NEGATIVE,0.26590437631336816,LOW,Keep in nurture queue and monitor,origin historically converts below baseline; landing page shows a negative historical signal,1199
3f829e4bbf06ef5c7e66fb23666e44a5,2018-05-23,58326e62183c14b0c03085c33b9fdc44,social,0,2018,5,2,0.39862964892044184,1018,63,0.06275891136801541,236.0,16.0,0.0708740234375,NEGATIVE,NEGATIVE,0.26590437631336816,LOW,Keep in nurture queue and monitor,origin historically converts below baseline; landing page shows a negative historical signal,1200
dfe9e18ded4239b8f21081ad7e88cfea,2018-05-02,58326e62183c14b0c03085c33b9fdc44,social,0,2018,5,2,0.39862964892044184,1018,63,0.06275891136801541,236.0,16.0,0.0708740234375,NEGATIVE,NEGATIVE,0.26590437631336816,LOW,Keep in nurture queue and monitor,origin historically converts below baseline; landing page shows a negative historical signal,1201
07c24da9292451154d8d0d62c01efa38,2018-05-23,58326e62183c14b0c03085c33b9fdc44,social,0,2018,5,2,0.39862964892044184,1018,63,0.06275891136801541,236.0,16.0,0.0708740234375,NEGATIVE,NEGATIVE,0.26590437631336816,LOW,Keep in nurture queue and monitor,origin historically converts below baseline; landing page shows a negative historical signal,1202
64cde8cf262a59edacc95c80bd01d695,2018-05-02,58326e62183c14b0c03085c33b9fdc44,social,0,2018,5,2,0.39862964892044184,1018,63,0.06275891136801541,236.0,16.0,0.0708740234375,NEGATIVE,NEGATIVE,0.26590437631336816,LOW,Keep in nurture queue and monitor,origin historically converts below baseline; landing page shows a negative historical signal,1203
85f36986fcf19e99df36ca4800f95e06,2018-05-02,58326e62183c14b0c03085c33b9fdc44,social,0,2018,5,2,0.39862964892044184,1018,63,0.06275891136801541,236.0,16.0,0.0708740234375,NEGATIVE,NEGATIVE,0.26590437631336816,LOW,Keep in nurture queue and monitor,origin historically converts below baseline; landing page shows a negative historical signal,1204
10d6786c2646e4ef82973b3045096882,2018-05-02,58326e62183c14b0c03085c33b9fdc44,social,1,2018,5,2,0.39862964892044184,1018,63,0.06275891136801541,236.0,16.0,0.0708740234375,NEGATIVE,NEGATIVE,0.26590437631336816,LOW,Keep in nurture queue and monitor,origin historically converts below baseline; landing page shows a negative historical signal,1205
e723a81a98983a235ca76982097868df,2018-05-02,58326e62183c14b0c03085c33b9fdc44,social,0,2018,5,2,0.39862964892044184,1018,63,0.06275891136801541,236.0,16.0,0.0708740234375,NEGATIVE,NEGATIVE,0.26590437631336816,LOW,Keep in nurture queue and monitor,origin historically converts below baseline; landing page shows a negative historical signal,1206
6eb92cc1c99e196f336ba3faeb39e406,2018-05-02,58326e62183c14b0c03085c33b9fdc44,social,0,2018,5,2,0.39862964892044184,1018,63,0.06275891136801541,236.0,16.0,0.0708740234375,NEGATIVE,NEGATIVE,0.26590437631336816,LOW,Keep in nurture queue and monitor,origin historically converts below baseline; landing page shows a negative historical signal,1207
54f74e13fb751c8314219791024de62b,2018-05-23,58326e62183c14b0c03085c33b9fdc44,social,0,2018,5,2,0.39862964892044184,1018,63,0.06275891136801541,236.0,16.0,0.0708740234375,NEGATIVE,NEGATIVE,0.26590437631336816,LOW,Keep in nurture queue and monitor,origin historically converts below baseline; landing page shows a negative historical signal,1208
8118a0ab4c07a91814ac5df70cbbaad5,2018-05-23,58326e62183c14b0c03085c33b9fdc44,social,0,2018,5,2,0.39862964892044184,1018,63,0.06275891136801541,236.0,16.0,0.0708740234375,NEGATIVE,NEGATIVE,0.26590437631336816,LOW,Keep in nurture queue and monitor,origin historically converts below baseline; landing page shows a negative historical signal,1209
f45441ae6bc4a14109990b452feea703,2018-05-23,58326e62183c14b0c03085c33b9fdc44,social,0,2018,5,2,0.39862964892044184,1018,63,0.06275891136801541,236.0,16.0,0.0708740234375,NEGATIVE,NEGATIVE,0.26590437631336816,LOW,Keep in nurture queue and monitor,origin historically converts below baseline; landing page shows a negative historical signal,1210
55055df57e5c23d67dd957d1a4bd8b91,2018-05-30,58326e62183c14b0c03085c33b9fdc44,social,0,2018,5,2,0.39862964892044184,1018,63,0.06275891136801541,236.0,16.0,0.0708740234375,NEGATIVE,NEGATIVE,0.26590437631336816,LOW,Keep in nurture queue and monitor,origin historically converts below baseline; landing page shows a negative historical signal,1211
0e55ef5f7354c3851d022f15f418c8b1,2018-05-09,58326e62183c14b0c03085c33b9fdc44,social,0,2018,5,2,0.39862964892044184,1018,63,0.06275891136801541,236.0,16.0,0.0708740234375,NEGATIVE,NEGATIVE,0.26590437631336816,LOW,Keep in nurture queue and monitor,origin historically converts below baseline; landing page shows a negative historical signal,1212
f47f3c61cbc520a9617c6377ce8ea77b,2018-05-09,58326e62183c14b0c03085c33b9fdc44,social,0,2018,5,2,0.39862964892044184,1018,63,0.06275891136801541,236.0,16.0,0.0708740234375,NEGATIVE,NEGATIVE,0.26590437631336816,LOW,Keep in nurture queue and monitor,origin historically converts below baseline; landing page shows a negative historical signal,1213
26ec59f975f3c0091b154025dc43a226,2018-05-09,58326e62183c14b0c03085c33b9fdc44,social,0,2018,5,2,0.39862964892044184,1018,63,0.06275891136801541,236.0,16.0,0.0708740234375,NEGATIVE,NEGATIVE,0.26590437631336816,LOW,Keep in nurture queue and monitor,origin historically converts below baseline; landing page shows a negative historical signal,1214
8ababfb3b5bfd90b512efe5304de5977,2018-05-02,58326e62183c14b0c03085c33b9fdc44,social,0,2018,5,2,0.39862964892044184,1018,63,0.06275891136801541,236.0,16.0,0.0708740234375,NEGATIVE,NEGATIVE,0.26590437631336816,LOW,Keep in nurture queue and monitor,origin historically converts below baseline; landing page shows a negative historical signal,1215
f3ed1977e3554ea76e333ff63ff2e940,2018-05-09,58326e62183c14b0c03085c33b9fdc44,social,0,2018,5,2,0.39862964892044184,1018,63,0.06275891136801541,236.0,16.0,0.0708740234375,NEGATIVE,NEGATIVE,0.26590437631336816,LOW,Keep in nurture queue and monitor,origin historically converts below baseline; landing page shows a negative historical signal,1216
0df634d9492c741eb699cdf87b9ab281,2018-05-02,58326e62183c14b0c03085c33b9fdc44,social,0,2018,5,2,0.39862964892044184,1018,63,0.06275891136801541,236.0,16.0,0.0708740234375,NEGATIVE,NEGATIVE,0.26590437631336816,LOW,Keep in nurture queue and monitor,origin historically converts below baseline; landing page shows a negative historical signal,1217
ee4c60b6d9527af61af10a4c4c247d24,2018-05-02,58326e62183c14b0c03085c33b9fdc44,social,0,2018,5,2,0.39862964892044184,1018,63,0.06275891136801541,236.0,16.0,0.0708740234375,NEGATIVE,NEGATIVE,0.26590437631336816,LOW,Keep in nurture queue and monitor,origin historically converts below baseline; landing page shows a negative historical signal,1218
3327d2a42b3c91cf73eaef07f32e80b6,2018-05-04,36120633c8737035fbabf079082f4ec1,paid_search,0,2018,5,4,0.3796571640015175,1263,158,0.1248197583787997,48.0,2.0,0.06093750000000001,POSITIVE,NEGATIVE,0.2649457500766704,LOW,Keep in nurture queue and monitor,origin shows a positive conversion signal; landing page shows a negative historical signal,1219
d9a212a763c82cc06a17a3e84449eb50,2018-05-04,36120633c8737035fbabf079082f4ec1,paid_search,0,2018,5,4,0.3796571640015175,1263,158,0.1248197583787997,48.0,2.0,0.06093750000000001,POSITIVE,NEGATIVE,0.2649457500766704,LOW,Keep in nurture queue and monitor,origin shows a positive conversion signal; landing page shows a negative historical signal,1220
7d785a3968e96de95f7ba5fd1d7c8acd,2018-05-22,330b9d44078a1ae5a221d655dcb77afa,referral,0,2018,5,1,0.38682566946841185,219,15,0.07173117154811716,36.0,3.0,0.09185267857142858,NEGATIVE,NEUTRAL,0.26481217170495625,LOW,Keep in nurture queue and monitor,origin historically converts below baseline,1221
915dec2be7f609c9b0944089d14361de,2018-05-27,1f2ef44bd62ca960c9391166cae6fd3c,social,0,2018,5,6,0.38398416537578084,1018,63,0.06275891136801541,0.0,,0.1071875,NEGATIVE,LIMITED,0.2643797814990716,LOW,Keep in nurture queue and monitor,origin historically converts below baseline,1222
2c41848295efeeb47beabefb10751ed3,2018-05-06,30534107aa0013db92899c96a1017d0b,social,0,2018,5,6,0.38398416537578084,1018,63,0.06275891136801541,0.0,,0.1071875,NEGATIVE,LIMITED,0.2643797814990716,LOW,Keep in nurture queue and monitor,origin historically converts below baseline,1223
4aa29ca00d7fb2c2a06f51bd15ebf772,2018-05-06,336d5ebc5436534e61d16e63ddfca327,social,0,2018,5,6,0.38398416537578084,1018,63,0.06275891136801541,0.0,,0.1071875,NEGATIVE,LIMITED,0.2643797814990716,LOW,Keep in nurture queue and monitor,origin historically converts below baseline,1224
49d88d063afbe92c7f028d0c1f7e08eb,2018-04-24,891b03aa737ba5655affab01b01435c2,organic_search,0,2018,4,1,0.3682721325953315,1869,222,0.11865735839068291,2.0,0.0,0.09744318181818183,POSITIVE,LIMITED,0.2641833875989718,LOW,Keep in nurture queue and monitor,origin shows a positive conversion signal,1225
ff32d91bc4574e80c957ce68c48246eb,2018-05-29,58326e62183c14b0c03085c33b9fdc44,social,0,2018,5,1,0.395120376661779,1018,63,0.06275891136801541,236.0,16.0,0.0708740234375,NEGATIVE,NEGATIVE,0.2637988129581705,LOW,Keep in nurture queue and monitor,origin historically converts below baseline; landing page shows a negative historical signal,1226
84bc271ba306332e0c86fa65a23a7c84,2018-05-29,58326e62183c14b0c03085c33b9fdc44,social,0,2018,5,1,0.395120376661779,1018,63,0.06275891136801541,236.0,16.0,0.0708740234375,NEGATIVE,NEGATIVE,0.2637988129581705,LOW,Keep in nurture queue and monitor,origin historically converts below baseline; landing page shows a negative historical signal,1227
116b896114ff71245852cace1f9f69c5,2018-05-29,58326e62183c14b0c03085c33b9fdc44,social,0,2018,5,1,0.395120376661779,1018,63,0.06275891136801541,236.0,16.0,0.0708740234375,NEGATIVE,NEGATIVE,0.2637988129581705,LOW,Keep in nurture queue and monitor,origin historically converts below baseline; landing page shows a negative historical signal,1228
00da3036c4f9e0858880633f661aaf27,2018-05-01,58326e62183c14b0c03085c33b9fdc44,social,0,2018,5,1,0.395120376661779,1018,63,0.06275891136801541,236.0,16.0,0.0708740234375,NEGATIVE,NEGATIVE,0.2637988129581705,LOW,Keep in nurture queue and monitor,origin historically converts below baseline; landing page shows a negative historical signal,1229
48d17f86af415775d5f01337a8f5e3e9,2018-05-01,58326e62183c14b0c03085c33b9fdc44,social,0,2018,5,1,0.395120376661779,1018,63,0.06275891136801541,236.0,16.0,0.0708740234375,NEGATIVE,NEGATIVE,0.2637988129581705,LOW,Keep in nurture queue and monitor,origin historically converts below baseline; landing page shows a negative historical signal,1230
8488edf17e796d6b837dca8a46444721,2018-05-29,58326e62183c14b0c03085c33b9fdc44,social,0,2018,5,1,0.395120376661779,1018,63,0.06275891136801541,236.0,16.0,0.0708740234375,NEGATIVE,NEGATIVE,0.2637988129581705,LOW,Keep in nurture queue and monitor,origin historically converts below baseline; landing page shows a negative historical signal,1231
3f4b1d9d2b6b462288ff6d8ff9e6a5fe,2018-05-22,58326e62183c14b0c03085c33b9fdc44,social,0,2018,5,1,0.395120376661779,1018,63,0.06275891136801541,236.0,16.0,0.0708740234375,NEGATIVE,NEGATIVE,0.2637988129581705,LOW,Keep in nurture queue and monitor,origin historically converts below baseline; landing page shows a negative historical signal,1232
da96552c519b38a0d1b5dabc42e6be00,2018-05-29,58326e62183c14b0c03085c33b9fdc44,social,1,2018,5,1,0.395120376661779,1018,63,0.06275891136801541,236.0,16.0,0.0708740234375,NEGATIVE,NEGATIVE,0.2637988129581705,LOW,Keep in nurture queue and monitor,origin historically converts below baseline; landing page shows a negative historical signal,1233
3cdd5d87d8de847170314268ced43126,2018-05-29,58326e62183c14b0c03085c33b9fdc44,social,0,2018,5,1,0.395120376661779,1018,63,0.06275891136801541,236.0,16.0,0.0708740234375,NEGATIVE,NEGATIVE,0.2637988129581705,LOW,Keep in nurture queue and monitor,origin historically converts below baseline; landing page shows a negative historical signal,1234
33779b45e135b6ad17d026ab8a2fe024,2018-05-29,58326e62183c14b0c03085c33b9fdc44,social,0,2018,5,1,0.395120376661779,1018,63,0.06275891136801541,236.0,16.0,0.0708740234375,NEGATIVE,NEGATIVE,0.2637988129581705,LOW,Keep in nurture queue and monitor,origin historically converts below baseline; landing page shows a negative historical signal,1235
d636a570e9dc6d962ffce7426b8b53ad,2018-05-29,58326e62183c14b0c03085c33b9fdc44,social,1,2018,5,1,0.395120376661779,1018,63,0.06275891136801541,236.0,16.0,0.0708740234375,NEGATIVE,NEGATIVE,0.2637988129581705,LOW,Keep in nurture queue and monitor,origin historically converts below baseline; landing page shows a negative historical signal,1236
36bddf5b1a3c2410ac9a49a4fbb22a07,2018-05-15,58326e62183c14b0c03085c33b9fdc44,social,0,2018,5,1,0.395120376661779,1018,63,0.06275891136801541,236.0,16.0,0.0708740234375,NEGATIVE,NEGATIVE,0.2637988129581705,LOW,Keep in nurture queue and monitor,origin historically converts below baseline; landing page shows a negative historical signal,1237
4ec90e56bd5c0e3c0b3496496ef0d3e2,2018-05-15,58326e62183c14b0c03085c33b9fdc44,social,0,2018,5,1,0.395120376661779,1018,63,0.06275891136801541,236.0,16.0,0.0708740234375,NEGATIVE,NEGATIVE,0.2637988129581705,LOW,Keep in nurture queue and monitor,origin historically converts below baseline; landing page shows a negative historical signal,1238
3c538ad6a469be29e6d278928930e8a0,2018-05-08,58326e62183c14b0c03085c33b9fdc44,social,0,2018,5,1,0.395120376661779,1018,63,0.06275891136801541,236.0,16.0,0.0708740234375,NEGATIVE,NEGATIVE,0.2637988129581705,LOW,Keep in nurture queue and monitor,origin historically converts below baseline; landing page shows a negative historical signal,1239
d94500cbf74c4ea234acc780c04913a2,2018-05-15,58326e62183c14b0c03085c33b9fdc44,social,0,2018,5,1,0.395120376661779,1018,63,0.06275891136801541,236.0,16.0,0.0708740234375,NEGATIVE,NEGATIVE,0.2637988129581705,LOW,Keep in nurture queue and monitor,origin historically converts below baseline; landing page shows a negative historical signal,1240
042705c9448ec412a9f6ac0ac15d7000,2018-05-15,58326e62183c14b0c03085c33b9fdc44,social,0,2018,5,1,0.395120376661779,1018,63,0.06275891136801541,236.0,16.0,0.0708740234375,NEGATIVE,NEGATIVE,0.2637988129581705,LOW,Keep in nurture queue and monitor,origin historically converts below baseline; landing page shows a negative historical signal,1241
19840ff45164cdd7edff618435e1417d,2018-05-15,58326e62183c14b0c03085c33b9fdc44,social,0,2018,5,1,0.395120376661779,1018,63,0.06275891136801541,236.0,16.0,0.0708740234375,NEGATIVE,NEGATIVE,0.2637988129581705,LOW,Keep in nurture queue and monitor,origin historically converts below baseline; landing page shows a negative historical signal,1242
4056cba83ccdca089bb5565e4b64680f,2018-05-15,58326e62183c14b0c03085c33b9fdc44,social,0,2018,5,1,0.395120376661779,1018,63,0.06275891136801541,236.0,16.0,0.0708740234375,NEGATIVE,NEGATIVE,0.2637988129581705,LOW,Keep in nurture queue and monitor,origin historically converts below baseline; landing page shows a negative historical signal,1243
b9f081c9e97e49e170511f498f4693f5,2018-05-22,58326e62183c14b0c03085c33b9fdc44,social,0,2018,5,1,0.395120376661779,1018,63,0.06275891136801541,236.0,16.0,0.0708740234375,NEGATIVE,NEGATIVE,0.2637988129581705,LOW,Keep in nurture queue and monitor,origin historically converts below baseline; landing page shows a negative historical signal,1244
093d559928d57fc466488f5176506e29,2018-05-01,58326e62183c14b0c03085c33b9fdc44,social,0,2018,5,1,0.395120376661779,1018,63,0.06275891136801541,236.0,16.0,0.0708740234375,NEGATIVE,NEGATIVE,0.2637988129581705,LOW,Keep in nurture queue and monitor,origin historically converts below baseline; landing page shows a negative historical signal,1245
d7c07a4975a495b6f48b5bd597797366,2018-05-15,58326e62183c14b0c03085c33b9fdc44,social,0,2018,5,1,0.395120376661779,1018,63,0.06275891136801541,236.0,16.0,0.0708740234375,NEGATIVE,NEGATIVE,0.2637988129581705,LOW,Keep in nurture queue and monitor,origin historically converts below baseline; landing page shows a negative historical signal,1246
2da3df196ff25fa5183cddba80a6df9b,2018-05-22,58326e62183c14b0c03085c33b9fdc44,social,0,2018,5,1,0.395120376661779,1018,63,0.06275891136801541,236.0,16.0,0.0708740234375,NEGATIVE,NEGATIVE,0.2637988129581705,LOW,Keep in nurture queue and monitor,origin historically converts below baseline; landing page shows a negative historical signal,1247
fa36ce3924dac70defd1e81ffebfc71c,2018-05-22,58326e62183c14b0c03085c33b9fdc44,social,0,2018,5,1,0.395120376661779,1018,63,0.06275891136801541,236.0,16.0,0.0708740234375,NEGATIVE,NEGATIVE,0.2637988129581705,LOW,Keep in nurture queue and monitor,origin historically converts below baseline; landing page shows a negative historical signal,1248
307ff87c3d21fb547787c584c5c9e957,2018-05-01,58326e62183c14b0c03085c33b9fdc44,social,0,2018,5,1,0.395120376661779,1018,63,0.06275891136801541,236.0,16.0,0.0708740234375,NEGATIVE,NEGATIVE,0.2637988129581705,LOW,Keep in nurture queue and monitor,origin historically converts below baseline; landing page shows a negative historical signal,1249
23fd9a01abad0b66ec4a63c66580b708,2018-05-01,58326e62183c14b0c03085c33b9fdc44,social,0,2018,5,1,0.395120376661779,1018,63,0.06275891136801541,236.0,16.0,0.0708740234375,NEGATIVE,NEGATIVE,0.2637988129581705,LOW,Keep in nurture queue and monitor,origin historically converts below baseline; landing page shows a negative historical signal,1250
93a972b822e5a138570803194a6d237c,2018-05-01,58326e62183c14b0c03085c33b9fdc44,social,0,2018,5,1,0.395120376661779,1018,63,0.06275891136801541,236.0,16.0,0.0708740234375,NEGATIVE,NEGATIVE,0.2637988129581705,LOW,Keep in nurture queue and monitor,origin historically converts below baseline; landing page shows a negative historical signal,1251
735f56c58c9c94f1e16df8134386a1bc,2018-05-01,58326e62183c14b0c03085c33b9fdc44,social,0,2018,5,1,0.395120376661779,1018,63,0.06275891136801541,236.0,16.0,0.0708740234375,NEGATIVE,NEGATIVE,0.2637988129581705,LOW,Keep in nurture queue and monitor,origin historically converts below baseline; landing page shows a negative historical signal,1252
a5d8bb936c943624140ddade75f55b79,2018-05-15,58326e62183c14b0c03085c33b9fdc44,social,0,2018,5,1,0.395120376661779,1018,63,0.06275891136801541,236.0,16.0,0.0708740234375,NEGATIVE,NEGATIVE,0.2637988129581705,LOW,Keep in nurture queue and monitor,origin historically converts below baseline; landing page shows a negative historical signal,1253
6948fe29bc5c515c2c99aac111cbd38c,2018-05-15,58326e62183c14b0c03085c33b9fdc44,social,0,2018,5,1,0.395120376661779,1018,63,0.06275891136801541,236.0,16.0,0.0708740234375,NEGATIVE,NEGATIVE,0.2637988129581705,LOW,Keep in nurture queue and monitor,origin historically converts below baseline; landing page shows a negative historical signal,1254
d58fa60483bb741c3b2dd9e9ae46d1ed,2018-05-08,58326e62183c14b0c03085c33b9fdc44,social,0,2018,5,1,0.395120376661779,1018,63,0.06275891136801541,236.0,16.0,0.0708740234375,NEGATIVE,NEGATIVE,0.2637988129581705,LOW,Keep in nurture queue and monitor,origin historically converts below baseline; landing page shows a negative historical signal,1255
88b60db46229bc2e21574705df09a08b,2018-05-08,58326e62183c14b0c03085c33b9fdc44,social,0,2018,5,1,0.395120376661779,1018,63,0.06275891136801541,236.0,16.0,0.0708740234375,NEGATIVE,NEGATIVE,0.2637988129581705,LOW,Keep in nurture queue and monitor,origin historically converts below baseline; landing page shows a negative historical signal,1256
372bf62b72d24e14467cdbe1a7692a7c,2018-05-17,58326e62183c14b0c03085c33b9fdc44,other_publicities,0,2018,5,3,0.39233888452692056,55,3,0.06858333333333334,236.0,16.0,0.0708740234375,NEGATIVE,NEGATIVE,0.26329480207031897,LOW,Keep in nurture queue and monitor,origin historically converts below baseline; landing page shows a negative historical signal,1257
0c239762d3a80dad4458be9d4540ba95,2018-05-15,0f25be78376bbbaba8553051e980b83c,organic_search,0,2018,5,1,0.3768904952726384,1869,222,0.11865735839068291,12.0,0.0,0.06699218750000001,POSITIVE,NEGATIVE,0.2632642063417196,LOW,Keep in nurture queue and monitor,origin shows a positive conversion signal; landing page shows a negative historical signal,1258
d45659b1add6fd3c69381a78db010c05,2018-05-09,6d3026b7dff03974a1e250d610ab8b36,organic_search,0,2018,5,2,0.36806154426624943,1869,222,0.11865735839068291,3.0,0.0,0.09320652173913045,POSITIVE,LIMITED,0.2632097025857123,LOW,Keep in nurture queue and monitor,origin shows a positive conversion signal,1259
25a66e13390694e2b55814e888c8d3f0,2018-05-10,36120633c8737035fbabf079082f4ec1,paid_search,0,2018,5,3,0.3762104263987615,1263,158,0.1248197583787997,48.0,2.0,0.06093750000000001,POSITIVE,NEGATIVE,0.2628777075150169,LOW,Keep in nurture queue and monitor,origin shows a positive conversion signal; landing page shows a negative historical signal,1260
2608929989cddf6b12d764ce7c280437,2018-04-25,649b7b8b46b254497e92038d88f6ced8,social,0,2018,4,2,0.389982334298251,1018,63,0.06275891136801541,58.0,4.0,0.07876602564102565,NEGATIVE,NEUTRAL,0.26229438798075877,LOW,Keep in nurture queue and monitor,origin historically converts below baseline,1261
9ad5546678148565e647bff60c2e7163,2018-05-02,15cf89bab2c3163b4f9d8601d108f8b2,direct_traffic,0,2018,5,2,0.37762030114610495,406,48,0.11770833333333333,33.0,1.0,0.059316037735849064,POSITIVE,NEGATIVE,0.2619770549014994,LOW,Keep in nurture queue and monitor,origin shows a positive conversion signal; landing page shows a negative historical signal,1262
f546530f9d36ecd8a57b56c5f8bd98e8,2018-05-28,58326e62183c14b0c03085c33b9fdc44,social,0,2018,5,0,0.391621879503419,1018,63,0.06275891136801541,236.0,16.0,0.0708740234375,NEGATIVE,NEGATIVE,0.26169971466315445,LOW,Keep in nurture queue and monitor,origin historically converts below baseline; landing page shows a negative historical signal,1263
65b43ff2de82ea9f9df478f53b59feb9,2018-05-28,58326e62183c14b0c03085c33b9fdc44,social,0,2018,5,0,0.391621879503419,1018,63,0.06275891136801541,236.0,16.0,0.0708740234375,NEGATIVE,NEGATIVE,0.26169971466315445,LOW,Keep in nurture queue and monitor,origin historically converts below baseline; landing page shows a negative historical signal,1264
e327949a17d035ca60d110b4ce6b7274,2018-05-28,58326e62183c14b0c03085c33b9fdc44,social,0,2018,5,0,0.391621879503419,1018,63,0.06275891136801541,236.0,16.0,0.0708740234375,NEGATIVE,NEGATIVE,0.26169971466315445,LOW,Keep in nurture queue and monitor,origin historically converts below baseline; landing page shows a negative historical signal,1265
efd2af1e8c77adeed83c6acbc9eb341d,2018-05-21,58326e62183c14b0c03085c33b9fdc44,social,0,2018,5,0,0.391621879503419,1018,63,0.06275891136801541,236.0,16.0,0.0708740234375,NEGATIVE,NEGATIVE,0.26169971466315445,LOW,Keep in nurture queue and monitor,origin historically converts below baseline; landing page shows a negative historical signal,1266
adb1abf71f4083ec0550d6cd6a33ea68,2018-05-21,58326e62183c14b0c03085c33b9fdc44,social,0,2018,5,0,0.391621879503419,1018,63,0.06275891136801541,236.0,16.0,0.0708740234375,NEGATIVE,NEGATIVE,0.26169971466315445,LOW,Keep in nurture queue and monitor,origin historically converts below baseline; landing page shows a negative historical signal,1267
2439c71f14c8db4ac5208cc84113cffc,2018-05-28,58326e62183c14b0c03085c33b9fdc44,social,0,2018,5,0,0.391621879503419,1018,63,0.06275891136801541,236.0,16.0,0.0708740234375,NEGATIVE,NEGATIVE,0.26169971466315445,LOW,Keep in nurture queue and monitor,origin historically converts below baseline; landing page shows a negative historical signal,1268
49dc7cd8ce0972b8a305b2d14202a000,2018-05-28,58326e62183c14b0c03085c33b9fdc44,social,0,2018,5,0,0.391621879503419,1018,63,0.06275891136801541,236.0,16.0,0.0708740234375,NEGATIVE,NEGATIVE,0.26169971466315445,LOW,Keep in nurture queue and monitor,origin historically converts below baseline; landing page shows a negative historical signal,1269
be7459c5ae1f843bc8ec135f3dbf22dd,2018-05-07,58326e62183c14b0c03085c33b9fdc44,social,0,2018,5,0,0.391621879503419,1018,63,0.06275891136801541,236.0,16.0,0.0708740234375,NEGATIVE,NEGATIVE,0.26169971466315445,LOW,Keep in nurture queue and monitor,origin historically converts below baseline; landing page shows a negative historical signal,1270
116e85430a46d31adf94aab13aa7f187,2018-05-07,58326e62183c14b0c03085c33b9fdc44,social,0,2018,5,0,0.391621879503419,1018,63,0.06275891136801541,236.0,16.0,0.0708740234375,NEGATIVE,NEGATIVE,0.26169971466315445,LOW,Keep in nurture queue and monitor,origin historically converts below baseline; landing page shows a negative historical signal,1271
20fb03bff718adc3da15d5abf8a3e573,2018-05-07,58326e62183c14b0c03085c33b9fdc44,social,0,2018,5,0,0.391621879503419,1018,63,0.06275891136801541,236.0,16.0,0.0708740234375,NEGATIVE,NEGATIVE,0.26169971466315445,LOW,Keep in nurture queue and monitor,origin historically converts below baseline; landing page shows a negative historical signal,1272
df986d86710f8bc5e81d572df899f010,2018-05-07,58326e62183c14b0c03085c33b9fdc44,social,0,2018,5,0,0.391621879503419,1018,63,0.06275891136801541,236.0,16.0,0.0708740234375,NEGATIVE,NEGATIVE,0.26169971466315445,LOW,Keep in nurture queue and monitor,origin historically converts below baseline; landing page shows a negative historical signal,1273
f79a914cd32a325350dc879760b7d36b,2018-05-07,58326e62183c14b0c03085c33b9fdc44,social,0,2018,5,0,0.391621879503419,1018,63,0.06275891136801541,236.0,16.0,0.0708740234375,NEGATIVE,NEGATIVE,0.26169971466315445,LOW,Keep in nurture queue and monitor,origin historically converts below baseline; landing page shows a negative historical signal,1274
01308a382d9fc5d88b729cc9183f96a7,2018-05-07,58326e62183c14b0c03085c33b9fdc44,social,0,2018,5,0,0.391621879503419,1018,63,0.06275891136801541,236.0,16.0,0.0708740234375,NEGATIVE,NEGATIVE,0.26169971466315445,LOW,Keep in nurture queue and monitor,origin historically converts below baseline; landing page shows a negative historical signal,1275
a4fe3e4de8ad631acb028b271b1fc271,2018-05-07,58326e62183c14b0c03085c33b9fdc44,social,0,2018,5,0,0.391621879503419,1018,63,0.06275891136801541,236.0,16.0,0.0708740234375,NEGATIVE,NEGATIVE,0.26169971466315445,LOW,Keep in nurture queue and monitor,origin historically converts below baseline; landing page shows a negative historical signal,1276
f3256c3083a246205c95d37c9c8c7bdd,2018-05-07,58326e62183c14b0c03085c33b9fdc44,social,0,2018,5,0,0.391621879503419,1018,63,0.06275891136801541,236.0,16.0,0.0708740234375,NEGATIVE,NEGATIVE,0.26169971466315445,LOW,Keep in nurture queue and monitor,origin historically converts below baseline; landing page shows a negative historical signal,1277
1124225a47b3f07185073f3df3b449bf,2018-05-21,58326e62183c14b0c03085c33b9fdc44,social,1,2018,5,0,0.391621879503419,1018,63,0.06275891136801541,236.0,16.0,0.0708740234375,NEGATIVE,NEGATIVE,0.26169971466315445,LOW,Keep in nurture queue and monitor,origin historically converts below baseline; landing page shows a negative historical signal,1278
35856571321788e2cfb267bccef93f07,2018-05-21,58326e62183c14b0c03085c33b9fdc44,social,0,2018,5,0,0.391621879503419,1018,63,0.06275891136801541,236.0,16.0,0.0708740234375,NEGATIVE,NEGATIVE,0.26169971466315445,LOW,Keep in nurture queue and monitor,origin historically converts below baseline; landing page shows a negative historical signal,1279
d9e76e452a5ee37e51bf5c74ad9138e2,2018-05-28,58326e62183c14b0c03085c33b9fdc44,social,0,2018,5,0,0.391621879503419,1018,63,0.06275891136801541,236.0,16.0,0.0708740234375,NEGATIVE,NEGATIVE,0.26169971466315445,LOW,Keep in nurture queue and monitor,origin historically converts below baseline; landing page shows a negative historical signal,1280
4ffd6130f73d7f56bbb4945039a91131,2018-05-28,58326e62183c14b0c03085c33b9fdc44,social,0,2018,5,0,0.391621879503419,1018,63,0.06275891136801541,236.0,16.0,0.0708740234375,NEGATIVE,NEGATIVE,0.26169971466315445,LOW,Keep in nurture queue and monitor,origin historically converts below baseline; landing page shows a negative historical signal,1281
f380a1a11b8447811db8d2de62d0e6f3,2018-05-28,58326e62183c14b0c03085c33b9fdc44,social,0,2018,5,0,0.391621879503419,1018,63,0.06275891136801541,236.0,16.0,0.0708740234375,NEGATIVE,NEGATIVE,0.26169971466315445,LOW,Keep in nurture queue and monitor,origin historically converts below baseline; landing page shows a negative historical signal,1282
86db00ea09965c14268bcb96bfa6f834,2018-05-28,58326e62183c14b0c03085c33b9fdc44,social,0,2018,5,0,0.391621879503419,1018,63,0.06275891136801541,236.0,16.0,0.0708740234375,NEGATIVE,NEGATIVE,0.26169971466315445,LOW,Keep in nurture queue and monitor,origin historically converts below baseline; landing page shows a negative historical signal,1283
11538efd228b129c09721c6136584d63,2018-05-07,58326e62183c14b0c03085c33b9fdc44,social,0,2018,5,0,0.391621879503419,1018,63,0.06275891136801541,236.0,16.0,0.0708740234375,NEGATIVE,NEGATIVE,0.26169971466315445,LOW,Keep in nurture queue and monitor,origin historically converts below baseline; landing page shows a negative historical signal,1284
07882514141f3f7512e11dfd1757d2d3,2018-05-14,58326e62183c14b0c03085c33b9fdc44,social,0,2018,5,0,0.391621879503419,1018,63,0.06275891136801541,236.0,16.0,0.0708740234375,NEGATIVE,NEGATIVE,0.26169971466315445,LOW,Keep in nurture queue and monitor,origin historically converts below baseline; landing page shows a negative historical signal,1285
8b3e245494a534cae8182756e1c33a4f,2018-05-14,58326e62183c14b0c03085c33b9fdc44,social,0,2018,5,0,0.391621879503419,1018,63,0.06275891136801541,236.0,16.0,0.0708740234375,NEGATIVE,NEGATIVE,0.26169971466315445,LOW,Keep in nurture queue and monitor,origin historically converts below baseline; landing page shows a negative historical signal,1286
2a202546a9f78b3320773a9f3c44ea4c,2018-05-14,58326e62183c14b0c03085c33b9fdc44,social,0,2018,5,0,0.391621879503419,1018,63,0.06275891136801541,236.0,16.0,0.0708740234375,NEGATIVE,NEGATIVE,0.26169971466315445,LOW,Keep in nurture queue and monitor,origin historically converts below baseline; landing page shows a negative historical signal,1287
2958efe32274c6369d16dccad3add350,2018-05-14,58326e62183c14b0c03085c33b9fdc44,social,0,2018,5,0,0.391621879503419,1018,63,0.06275891136801541,236.0,16.0,0.0708740234375,NEGATIVE,NEGATIVE,0.26169971466315445,LOW,Keep in nurture queue and monitor,origin historically converts below baseline; landing page shows a negative historical signal,1288
962c66216e363a8f4407a546fcc1a85d,2018-05-07,58326e62183c14b0c03085c33b9fdc44,social,0,2018,5,0,0.391621879503419,1018,63,0.06275891136801541,236.0,16.0,0.0708740234375,NEGATIVE,NEGATIVE,0.26169971466315445,LOW,Keep in nurture queue and monitor,origin historically converts below baseline; landing page shows a negative historical signal,1289
78d936bf02c85bb88a22952a506ace4c,2018-05-07,58326e62183c14b0c03085c33b9fdc44,social,0,2018,5,0,0.391621879503419,1018,63,0.06275891136801541,236.0,16.0,0.0708740234375,NEGATIVE,NEGATIVE,0.26169971466315445,LOW,Keep in nurture queue and monitor,origin historically converts below baseline; landing page shows a negative historical signal,1290
cf76184c6e3c74405cc7016920e53004,2018-05-07,58326e62183c14b0c03085c33b9fdc44,social,0,2018,5,0,0.391621879503419,1018,63,0.06275891136801541,236.0,16.0,0.0708740234375,NEGATIVE,NEGATIVE,0.26169971466315445,LOW,Keep in nurture queue and monitor,origin historically converts below baseline; landing page shows a negative historical signal,1291
9ebeb6b99421142701bd7bdcf4fc0b47,2018-05-14,58326e62183c14b0c03085c33b9fdc44,social,0,2018,5,0,0.391621879503419,1018,63,0.06275891136801541,236.0,16.0,0.0708740234375,NEGATIVE,NEGATIVE,0.26169971466315445,LOW,Keep in nurture queue and monitor,origin historically converts below baseline; landing page shows a negative historical signal,1292
a727a09bb3214ae41122b455ab5f4cb1,2018-05-14,58326e62183c14b0c03085c33b9fdc44,social,0,2018,5,0,0.391621879503419,1018,63,0.06275891136801541,236.0,16.0,0.0708740234375,NEGATIVE,NEGATIVE,0.26169971466315445,LOW,Keep in nurture queue and monitor,origin historically converts below baseline; landing page shows a negative historical signal,1293
48b0c1e73495f288ff1e4c1244101cc8,2018-05-14,58326e62183c14b0c03085c33b9fdc44,social,0,2018,5,0,0.391621879503419,1018,63,0.06275891136801541,236.0,16.0,0.0708740234375,NEGATIVE,NEGATIVE,0.26169971466315445,LOW,Keep in nurture queue and monitor,origin historically converts below baseline; landing page shows a negative historical signal,1294
3e7748adb8d637c8809075afde6f6e3f,2018-05-14,58326e62183c14b0c03085c33b9fdc44,social,0,2018,5,0,0.391621879503419,1018,63,0.06275891136801541,236.0,16.0,0.0708740234375,NEGATIVE,NEGATIVE,0.26169971466315445,LOW,Keep in nurture queue and monitor,origin historically converts below baseline; landing page shows a negative historical signal,1295
e7f99b7b2b7cb062458cdbd24bc36b2c,2018-05-14,58326e62183c14b0c03085c33b9fdc44,social,0,2018,5,0,0.391621879503419,1018,63,0.06275891136801541,236.0,16.0,0.0708740234375,NEGATIVE,NEGATIVE,0.26169971466315445,LOW,Keep in nurture queue and monitor,origin historically converts below baseline; landing page shows a negative historical signal,1296
20b7a02ba34a9e26c207f81c4422cf7e,2018-05-14,58326e62183c14b0c03085c33b9fdc44,social,0,2018,5,0,0.391621879503419,1018,63,0.06275891136801541,236.0,16.0,0.0708740234375,NEGATIVE,NEGATIVE,0.26169971466315445,LOW,Keep in nurture queue and monitor,origin historically converts below baseline; landing page shows a negative historical signal,1297
6ed1b690afebbb531e2ddc3d7799e260,2018-05-14,58326e62183c14b0c03085c33b9fdc44,social,0,2018,5,0,0.391621879503419,1018,63,0.06275891136801541,236.0,16.0,0.0708740234375,NEGATIVE,NEGATIVE,0.26169971466315445,LOW,Keep in nurture queue and monitor,origin historically converts below baseline; landing page shows a negative historical signal,1298
96f10132748c7049e3bbf5ca0b275f18,2018-05-14,58326e62183c14b0c03085c33b9fdc44,social,0,2018,5,0,0.391621879503419,1018,63,0.06275891136801541,236.0,16.0,0.0708740234375,NEGATIVE,NEGATIVE,0.26169971466315445,LOW,Keep in nurture queue and monitor,origin historically converts below baseline; landing page shows a negative historical signal,1299
bf4b0889b0d61cadbc581292df218801,2018-05-14,58326e62183c14b0c03085c33b9fdc44,social,0,2018,5,0,0.391621879503419,1018,63,0.06275891136801541,236.0,16.0,0.0708740234375,NEGATIVE,NEGATIVE,0.26169971466315445,LOW,Keep in nurture queue and monitor,origin historically converts below baseline; landing page shows a negative historical signal,1300
06e3ac5cb151f7b703651265a753506c,2018-05-14,15cf89bab2c3163b4f9d8601d108f8b2,organic_search,0,2018,5,0,0.376558145981638,1869,222,0.11865735839068291,33.0,1.0,0.059316037735849064,POSITIVE,NEGATIVE,0.2615295668142892,LOW,Keep in nurture queue and monitor,origin shows a positive conversion signal; landing page shows a negative historical signal,1301
fab95ca615e1403b9b80a661c156eb30,2018-05-14,15cf89bab2c3163b4f9d8601d108f8b2,organic_search,0,2018,5,0,0.376558145981638,1869,222,0.11865735839068291,33.0,1.0,0.059316037735849064,POSITIVE,NEGATIVE,0.2615295668142892,LOW,Keep in nurture queue and monitor,origin shows a positive conversion signal; landing page shows a negative historical signal,1302
498caf50e8859f04fb9cf7a4ae05a83a,2018-05-04,30534107aa0013db92899c96a1017d0b,social,0,2018,5,4,0.37707242380075284,1018,63,0.06275891136801541,0.0,,0.1071875,NEGATIVE,LIMITED,0.26023273655405477,LOW,Keep in nurture queue and monitor,origin historically converts below baseline,1303
5c5a7db30feea91f26fc4519b1b0e3e6,2018-05-04,30534107aa0013db92899c96a1017d0b,social,0,2018,5,4,0.37707242380075284,1018,63,0.06275891136801541,0.0,,0.1071875,NEGATIVE,LIMITED,0.26023273655405477,LOW,Keep in nurture queue and monitor,origin historically converts below baseline,1304
545e76d68882bf371ee688264c083717,2018-05-04,30534107aa0013db92899c96a1017d0b,social,0,2018,5,4,0.37707242380075284,1018,63,0.06275891136801541,0.0,,0.1071875,NEGATIVE,LIMITED,0.26023273655405477,LOW,Keep in nurture queue and monitor,origin historically converts below baseline,1305
13e388b2c8eb8ce5efd1ac19ecc78513,2018-05-04,30534107aa0013db92899c96a1017d0b,social,0,2018,5,4,0.37707242380075284,1018,63,0.06275891136801541,0.0,,0.1071875,NEGATIVE,LIMITED,0.26023273655405477,LOW,Keep in nurture queue and monitor,origin historically converts below baseline,1306
fb34f2e3ddb6d7356239266f0280a021,2018-05-04,30534107aa0013db92899c96a1017d0b,social,0,2018,5,4,0.37707242380075284,1018,63,0.06275891136801541,0.0,,0.1071875,NEGATIVE,LIMITED,0.26023273655405477,LOW,Keep in nurture queue and monitor,origin historically converts below baseline,1307
5134baf5f48adb897172536a7d6bd1d6,2018-04-26,33009ff58323b15ce24eba767675f434,paid_search,0,2018,4,3,0.35933518450650603,1263,158,0.1248197583787997,3.0,0.0,0.09320652173913045,POSITIVE,LIMITED,0.25920636672748965,LOW,Keep in nurture queue and monitor,origin shows a positive conversion signal,1308
34474dcb1ae25c15ec2439bc39eec736,2018-05-24,58326e62183c14b0c03085c33b9fdc44,referral,0,2018,5,3,0.38372532405203535,219,15,0.07173117154811716,236.0,16.0,0.0708740234375,NEGATIVE,NEGATIVE,0.25875623342834464,LOW,Keep in nurture queue and monitor,origin historically converts below baseline; landing page shows a negative historical signal,1309
e9631bea70bc3ae4018bff0eac2c0986,2018-05-03,ca2cd580bff13775c778f128c7db2b41,social,1,2018,5,3,0.37363501841138547,1018,63,0.06275891136801541,0.0,,0.1071875,NEGATIVE,LIMITED,0.25817029332043434,LOW,Keep in nurture queue and monitor,origin historically converts below baseline,1310
10f7bc59e8bff1be33feb09b6c07be1f,2018-05-03,30534107aa0013db92899c96a1017d0b,social,0,2018,5,3,0.37363501841138547,1018,63,0.06275891136801541,0.0,,0.1071875,NEGATIVE,LIMITED,0.25817029332043434,LOW,Keep in nurture queue and monitor,origin historically converts below baseline,1311
8843fd390986d3bb3917f6f2916053f3,2018-05-03,30534107aa0013db92899c96a1017d0b,social,0,2018,5,3,0.37363501841138547,1018,63,0.06275891136801541,0.0,,0.1071875,NEGATIVE,LIMITED,0.25817029332043434,LOW,Keep in nurture queue and monitor,origin historically converts below baseline,1312
a521033c5d6c1afc9fc668aea0972a1b,2018-05-24,e5eaa929c6697d69cd76727daa809042,social,0,2018,5,3,0.37363501841138547,1018,63,0.06275891136801541,0.0,,0.1071875,NEGATIVE,LIMITED,0.25817029332043434,LOW,Keep in nurture queue and monitor,origin historically converts below baseline,1313
781a0d5b385137b6e05971f024a4d4f1,2018-05-03,30534107aa0013db92899c96a1017d0b,social,0,2018,5,3,0.37363501841138547,1018,63,0.06275891136801541,0.0,,0.1071875,NEGATIVE,LIMITED,0.25817029332043434,LOW,Keep in nurture queue and monitor,origin historically converts below baseline,1314
992e801c9b969f93e54fb91fcca305f8,2018-05-21,15cf89bab2c3163b4f9d8601d108f8b2,direct_traffic,0,2018,5,0,0.37075416671578443,406,48,0.11770833333333333,33.0,1.0,0.059316037735849064,POSITIVE,NEGATIVE,0.2578573742433071,LOW,Keep in nurture queue and monitor,origin shows a positive conversion signal; landing page shows a negative historical signal,1315
e355819c0931a90b594aeb8d6a73587f,2018-05-14,36120633c8737035fbabf079082f4ec1,paid_search,0,2018,5,0,0.3659463325146082,1263,158,0.1248197583787997,48.0,2.0,0.06093750000000001,POSITIVE,NEGATIVE,0.2567192511845248,LOW,Keep in nurture queue and monitor,origin shows a positive conversion signal; landing page shows a negative historical signal,1316
53badde384b0a557a5bb5d5b9ae80553,2018-05-30,58326e62183c14b0c03085c33b9fdc44,referral,0,2018,5,2,0.38026429302684767,219,15,0.07173117154811716,236.0,16.0,0.0708740234375,NEGATIVE,NEGATIVE,0.25667961481323204,LOW,Keep in nurture queue and monitor,origin historically converts below baseline; landing page shows a negative historical signal,1317
19d0170c5a9f7120fdcb2c34e9373f68,2018-05-02,58326e62183c14b0c03085c33b9fdc44,referral,1,2018,5,2,0.38026429302684767,219,15,0.07173117154811716,236.0,16.0,0.0708740234375,NEGATIVE,NEGATIVE,0.25667961481323204,LOW,Keep in nurture queue and monitor,origin historically converts below baseline; landing page shows a negative historical signal,1318
0b3246fe110a20162bb905e1baa06e50,2018-05-08,65c9e96d17d8d12bc0ad3b2cde0bb8b7,organic_search,0,2018,5,1,0.35812421702892716,1869,222,0.11865735839068291,4.0,0.0,0.08932291666666668,POSITIVE,LIMITED,0.2564705852288262,LOW,Keep in nurture queue and monitor,origin shows a positive conversion signal,1319
0a25e9cdae4899472cc085e43b0c4d5a,2018-04-29,58326e62183c14b0c03085c33b9fdc44,social,0,2018,4,6,0.38265909791798564,1018,63,0.06275891136801541,236.0,16.0,0.0708740234375,NEGATIVE,NEGATIVE,0.25632204571189443,LOW,Keep in nurture queue and monitor,origin historically converts below baseline; landing page shows a negative historical signal,1320
108a42bc32d9f01c45d9cdc93156edd5,2018-04-29,58326e62183c14b0c03085c33b9fdc44,social,0,2018,4,6,0.38265909791798564,1018,63,0.06275891136801541,236.0,16.0,0.0708740234375,NEGATIVE,NEGATIVE,0.25632204571189443,LOW,Keep in nurture queue and monitor,origin historically converts below baseline; landing page shows a negative historical signal,1321
715735a90f4b1c43c73170b1343a65d2,2018-04-29,58326e62183c14b0c03085c33b9fdc44,social,0,2018,4,6,0.38265909791798564,1018,63,0.06275891136801541,236.0,16.0,0.0708740234375,NEGATIVE,NEGATIVE,0.25632204571189443,LOW,Keep in nurture queue and monitor,origin historically converts below baseline; landing page shows a negative historical signal,1322
10088cc50a44bc6d611aa97eca64c484,2018-04-29,58326e62183c14b0c03085c33b9fdc44,social,0,2018,4,6,0.38265909791798564,1018,63,0.06275891136801541,236.0,16.0,0.0708740234375,NEGATIVE,NEGATIVE,0.25632204571189443,LOW,Keep in nurture queue and monitor,origin historically converts below baseline; landing page shows a negative historical signal,1323
4832215be72e7fa0ff6539453731b5b3,2018-04-29,58326e62183c14b0c03085c33b9fdc44,social,0,2018,4,6,0.38265909791798564,1018,63,0.06275891136801541,236.0,16.0,0.0708740234375,NEGATIVE,NEGATIVE,0.25632204571189443,LOW,Keep in nurture queue and monitor,origin historically converts below baseline; landing page shows a negative historical signal,1324
0b84d107cba64fb8838526eada92266f,2018-05-23,f80696b73d17fb34f5c4fde157f119d8,social,0,2018,5,2,0.3702103256127511,1018,63,0.06275891136801541,0.0,,0.1071875,NEGATIVE,LIMITED,0.2561154776412537,LOW,Keep in nurture queue and monitor,origin historically converts below baseline,1325
ea9bfa88b4322f8cc046e06cfd8c8856,2018-05-02,30534107aa0013db92899c96a1017d0b,social,0,2018,5,2,0.3702103256127511,1018,63,0.06275891136801541,0.0,,0.1071875,NEGATIVE,LIMITED,0.2561154776412537,LOW,Keep in nurture queue and monitor,origin historically converts below baseline,1326
182a5f6ae249ac1aaa84efbb5ed3d843,2018-05-09,30534107aa0013db92899c96a1017d0b,social,0,2018,5,2,0.3702103256127511,1018,63,0.06275891136801541,0.0,,0.1071875,NEGATIVE,LIMITED,0.2561154776412537,LOW,Keep in nurture queue and monitor,origin historically converts below baseline,1327
8a6f7bff61eadc7c53c8a91cbc98b656,2018-05-30,30534107aa0013db92899c96a1017d0b,social,0,2018,5,2,0.3702103256127511,1018,63,0.06275891136801541,0.0,,0.1071875,NEGATIVE,LIMITED,0.2561154776412537,LOW,Keep in nurture queue and monitor,origin historically converts below baseline,1328
789980830f6960e332045653a8fe1a1b,2018-05-02,30534107aa0013db92899c96a1017d0b,social,0,2018,5,2,0.3702103256127511,1018,63,0.06275891136801541,0.0,,0.1071875,NEGATIVE,LIMITED,0.2561154776412537,LOW,Keep in nurture queue and monitor,origin historically converts below baseline,1329
e9176bfe821b41775162a9beb913909c,2018-05-02,30534107aa0013db92899c96a1017d0b,social,0,2018,5,2,0.3702103256127511,1018,63,0.06275891136801541,0.0,,0.1071875,NEGATIVE,LIMITED,0.2561154776412537,LOW,Keep in nurture queue and monitor,origin historically converts below baseline,1330
bfaac30872cb86835b1fd11b4e4129d8,2018-05-27,8ff57dffc365fcb5233232fff6e6bfd0,referral,0,2018,5,6,0.36588302540821815,219,15,0.07173117154811716,0.0,,0.1071875,NEGATIVE,LIMITED,0.2553135495545543,LOW,Keep in nurture queue and monitor,origin historically converts below baseline,1331
e3f20d78aa268dbc5a1ba6a2860eaec7,2018-05-21,65c9e96d17d8d12bc0ad3b2cde0bb8b7,organic_search,0,2018,5,0,0.3547611719010183,1869,222,0.11865735839068291,4.0,0.0,0.08932291666666668,POSITIVE,LIMITED,0.2544527581520809,LOW,Keep in nurture queue and monitor,origin shows a positive conversion signal,1332
b79850c1310417e3ce582e3d303dad98,2018-05-20,f017be4dbf86243af5c1ebed0cff36a2,social,0,2018,5,6,0.3820606468169645,1018,63,0.06275891136801541,267.0,16.0,0.06321864111498258,NEGATIVE,NEGATIVE,0.2544318985867783,LOW,Keep in nurture queue and monitor,origin historically converts below baseline; landing page shows a negative historical signal,1333
c08845406b78842b7ee7f3339c31cef6,2018-04-28,58326e62183c14b0c03085c33b9fdc44,social,0,2018,4,5,0.3792017663836851,1018,63,0.06275891136801541,236.0,16.0,0.0708740234375,NEGATIVE,NEGATIVE,0.2542476467913141,LOW,Keep in nurture queue and monitor,origin historically converts below baseline; landing page shows a negative historical signal,1334
7b1b613a6c527942b0a70a522b46e9e5,2018-04-28,58326e62183c14b0c03085c33b9fdc44,social,0,2018,4,5,0.3792017663836851,1018,63,0.06275891136801541,236.0,16.0,0.0708740234375,NEGATIVE,NEGATIVE,0.2542476467913141,LOW,Keep in nurture queue and monitor,origin historically converts below baseline; landing page shows a negative historical signal,1335
28eb72beb39c803322c843071024b921,2018-04-28,58326e62183c14b0c03085c33b9fdc44,social,0,2018,4,5,0.3792017663836851,1018,63,0.06275891136801541,236.0,16.0,0.0708740234375,NEGATIVE,NEGATIVE,0.2542476467913141,LOW,Keep in nurture queue and monitor,origin historically converts below baseline; landing page shows a negative historical signal,1336
dc0f604bed9e7fe164e5568aa0ebf53e,2018-04-28,58326e62183c14b0c03085c33b9fdc44,social,0,2018,4,5,0.3792017663836851,1018,63,0.06275891136801541,236.0,16.0,0.0708740234375,NEGATIVE,NEGATIVE,0.2542476467913141,LOW,Keep in nurture queue and monitor,origin historically converts below baseline; landing page shows a negative historical signal,1337
9703918582c179531c480ef3c37e91d3,2018-04-28,58326e62183c14b0c03085c33b9fdc44,social,0,2018,4,5,0.3792017663836851,1018,63,0.06275891136801541,236.0,16.0,0.0708740234375,NEGATIVE,NEGATIVE,0.2542476467913141,LOW,Keep in nurture queue and monitor,origin historically converts below baseline; landing page shows a negative historical signal,1338
ce3ecbaee3cc8014c4c2cba7b7106a38,2018-04-28,58326e62183c14b0c03085c33b9fdc44,social,0,2018,4,5,0.3792017663836851,1018,63,0.06275891136801541,236.0,16.0,0.0708740234375,NEGATIVE,NEGATIVE,0.2542476467913141,LOW,Keep in nurture queue and monitor,origin historically converts below baseline; landing page shows a negative historical signal,1339
812aaef09df6ab83a9e124cfcb432675,2018-04-28,58326e62183c14b0c03085c33b9fdc44,social,0,2018,4,5,0.3792017663836851,1018,63,0.06275891136801541,236.0,16.0,0.0708740234375,NEGATIVE,NEGATIVE,0.2542476467913141,LOW,Keep in nurture queue and monitor,origin historically converts below baseline; landing page shows a negative historical signal,1340
e8a0ec28fc4273aa546f3abb6a3c24d9,2018-04-28,58326e62183c14b0c03085c33b9fdc44,social,0,2018,4,5,0.3792017663836851,1018,63,0.06275891136801541,236.0,16.0,0.0708740234375,NEGATIVE,NEGATIVE,0.2542476467913141,LOW,Keep in nurture queue and monitor,origin historically converts below baseline; landing page shows a negative historical signal,1341
b5e9c7ea20276c57e2e893343186fffd,2018-04-28,58326e62183c14b0c03085c33b9fdc44,social,0,2018,4,5,0.3792017663836851,1018,63,0.06275891136801541,236.0,16.0,0.0708740234375,NEGATIVE,NEGATIVE,0.2542476467913141,LOW,Keep in nurture queue and monitor,origin historically converts below baseline; landing page shows a negative historical signal,1342
b012acb72edd7cfd750f75dfc2e37d7f,2018-05-01,30534107aa0013db92899c96a1017d0b,social,0,2018,5,1,0.36679864099516835,1018,63,0.06275891136801541,0.0,,0.1071875,NEGATIVE,LIMITED,0.25406846687070406,LOW,Keep in nurture queue and monitor,origin historically converts below baseline,1343
af16b3104c83b6039dfe070f8792abf0,2018-05-01,30534107aa0013db92899c96a1017d0b,social,0,2018,5,1,0.36679864099516835,1018,63,0.06275891136801541,0.0,,0.1071875,NEGATIVE,LIMITED,0.25406846687070406,LOW,Keep in nurture queue and monitor,origin historically converts below baseline,1344
721e744b536889f207c3b82140a05cb5,2018-05-01,30534107aa0013db92899c96a1017d0b,social,0,2018,5,1,0.36679864099516835,1018,63,0.06275891136801541,0.0,,0.1071875,NEGATIVE,LIMITED,0.25406846687070406,LOW,Keep in nurture queue and monitor,origin historically converts below baseline,1345
2f0bf07b716733d56ffa0b68cfe3823f,2018-05-08,30534107aa0013db92899c96a1017d0b,social,0,2018,5,1,0.36679864099516835,1018,63,0.06275891136801541,0.0,,0.1071875,NEGATIVE,LIMITED,0.25406846687070406,LOW,Keep in nurture queue and monitor,origin historically converts below baseline,1346
a311b5e1b680487ee878b8a8d33e6942,2018-05-08,30534107aa0013db92899c96a1017d0b,social,0,2018,5,1,0.36679864099516835,1018,63,0.06275891136801541,0.0,,0.1071875,NEGATIVE,LIMITED,0.25406846687070406,LOW,Keep in nurture queue and monitor,origin historically converts below baseline,1347
98885cb05f04f6d492cbb85504db9787,2018-05-24,1f2ef44bd62ca960c9391166cae6fd3c,other_publicities,0,2018,5,3,0.3640965131875975,55,3,0.06858333333333334,0.0,,0.1071875,NEGATIVE,LIMITED,0.2536120745792252,LOW,Keep in nurture queue and monitor,origin historically converts below baseline,1348
bc140cb5cb4c500db60537d94455756b,2018-05-17,87e8cbe800fd79c7109fb24081c1c31d,unknown,0,2018,5,3,0.3419217896814608,905,148,0.16231756756756757,7.0,0.0,0.07939814814814816,STRONG,LIMITED,0.2534962169520196,LOW,Keep in nurture queue and monitor,origin historically converts above baseline,1349
eeb09655187345d8cec4b994779d02e2,2018-04-30,966098efaef7a4d665be6b0cb617541b,unknown,0,2018,4,0,0.3393549281442685,905,148,0.16231756756756757,6.0,0.0,0.08245192307692309,STRONG,LIMITED,0.2525668550154592,LOW,Keep in nurture queue and monitor,origin historically converts above baseline,1350
99cd2e5dc62a0d6fd4af4fdc1c691633,2018-05-19,f017be4dbf86243af5c1ebed0cff36a2,social,0,2018,5,5,0.3786054062613115,1018,63,0.06275891136801541,267.0,16.0,0.06321864111498258,NEGATIVE,NEGATIVE,0.2523587542533865,LOW,Keep in nurture queue and monitor,origin historically converts below baseline; landing page shows a negative historical signal,1351
a90a37898cc5f2718385a2fb981caaff,2018-04-27,58326e62183c14b0c03085c33b9fdc44,social,1,2018,4,4,0.37575665885566084,1018,63,0.06275891136801541,236.0,16.0,0.0708740234375,NEGATIVE,NEGATIVE,0.2521805822744996,LOW,Keep in nurture queue and monitor,origin historically converts below baseline; landing page shows a negative historical signal,1352
60f867113bb0db6350f596add02dec5f,2018-04-27,58326e62183c14b0c03085c33b9fdc44,social,0,2018,4,4,0.37575665885566084,1018,63,0.06275891136801541,236.0,16.0,0.0708740234375,NEGATIVE,NEGATIVE,0.2521805822744996,LOW,Keep in nurture queue and monitor,origin historically converts below baseline; landing page shows a negative historical signal,1353
4fc9669f543abba50fd776facbcd7694,2018-04-27,58326e62183c14b0c03085c33b9fdc44,social,0,2018,4,4,0.37575665885566084,1018,63,0.06275891136801541,236.0,16.0,0.0708740234375,NEGATIVE,NEGATIVE,0.2521805822744996,LOW,Keep in nurture queue and monitor,origin historically converts below baseline; landing page shows a negative historical signal,1354
25d1c6898db37060c918aa29c1d7bd72,2018-04-27,58326e62183c14b0c03085c33b9fdc44,social,0,2018,4,4,0.37575665885566084,1018,63,0.06275891136801541,236.0,16.0,0.0708740234375,NEGATIVE,NEGATIVE,0.2521805822744996,LOW,Keep in nurture queue and monitor,origin historically converts below baseline; landing page shows a negative historical signal,1355
aefa7025bcfe229ea24ac03fc9035a56,2018-05-07,30534107aa0013db92899c96a1017d0b,social,0,2018,5,0,0.36340025512269764,1018,63,0.06275891136801541,0.0,,0.1071875,NEGATIVE,LIMITED,0.25202943534722166,LOW,Keep in nurture queue and monitor,origin historically converts below baseline,1356
c43fbaa3bb76eb9f22224f575a8f0607,2018-05-07,30534107aa0013db92899c96a1017d0b,social,0,2018,5,0,0.36340025512269764,1018,63,0.06275891136801541,0.0,,0.1071875,NEGATIVE,LIMITED,0.25202943534722166,LOW,Keep in nurture queue and monitor,origin historically converts below baseline,1357
308aa0735742812f56e74349bb84c3e8,2018-05-07,30534107aa0013db92899c96a1017d0b,social,0,2018,5,0,0.36340025512269764,1018,63,0.06275891136801541,0.0,,0.1071875,NEGATIVE,LIMITED,0.25202943534722166,LOW,Keep in nurture queue and monitor,origin historically converts below baseline,1358
7f9091631492f7ea8536750ebb3e1973,2018-05-07,30534107aa0013db92899c96a1017d0b,social,0,2018,5,0,0.36340025512269764,1018,63,0.06275891136801541,0.0,,0.1071875,NEGATIVE,LIMITED,0.25202943534722166,LOW,Keep in nurture queue and monitor,origin historically converts below baseline,1359
4cc863f5bb92c44a3936263859171e53,2018-05-09,f80696b73d17fb34f5c4fde157f119d8,other_publicities,0,2018,5,2,0.3607089009811044,55,3,0.06858333333333334,0.0,,0.1071875,NEGATIVE,LIMITED,0.2515795072553293,LOW,Keep in nurture queue and monitor,origin historically converts below baseline,1360
7d168049ed61786069c9849e44aa9699,2018-04-26,58326e62183c14b0c03085c33b9fdc44,social,0,2018,4,3,0.3723240788723303,1018,63,0.06275891136801541,236.0,16.0,0.0708740234375,NEGATIVE,NEGATIVE,0.2501210342845013,LOW,Keep in nurture queue and monitor,origin historically converts below baseline; landing page shows a negative historical signal,1361
f6eb193f3ea3d0145fbfdd597cd5cab5,2018-04-26,58326e62183c14b0c03085c33b9fdc44,social,0,2018,4,3,0.3723240788723303,1018,63,0.06275891136801541,236.0,16.0,0.0708740234375,NEGATIVE,NEGATIVE,0.2501210342845013,LOW,Keep in nurture queue and monitor,origin historically converts below baseline; landing page shows a negative historical signal,1362
abc8b42c04b3df828530e5292ad14b91,2018-04-26,58326e62183c14b0c03085c33b9fdc44,social,0,2018,4,3,0.3723240788723303,1018,63,0.06275891136801541,236.0,16.0,0.0708740234375,NEGATIVE,NEGATIVE,0.2501210342845013,LOW,Keep in nurture queue and monitor,origin historically converts below baseline; landing page shows a negative historical signal,1363
42699380cdc9b654ffeb000a35e09272,2018-04-26,58326e62183c14b0c03085c33b9fdc44,social,0,2018,4,3,0.3723240788723303,1018,63,0.06275891136801541,236.0,16.0,0.0708740234375,NEGATIVE,NEGATIVE,0.2501210342845013,LOW,Keep in nurture queue and monitor,origin historically converts below baseline; landing page shows a negative historical signal,1364
6d8fa950c459e372f77ea0a54a54cc7a,2018-05-15,87e8cbe800fd79c7109fb24081c1c31d,unknown,0,2018,5,1,0.33535499950639097,905,148,0.16231756756756757,7.0,0.0,0.07939814814814816,STRONG,LIMITED,0.24955614284697772,LOW,Keep in nurture queue and monitor,origin historically converts above baseline,1365
ace87287116385dee78842512e867ff8,2018-05-02,9fa37f5177115156b1814ffc237402a6,social,0,2018,5,2,0.35989722545784847,1018,63,0.06275891136801541,10.0,1.0,0.10479166666666667,NEGATIVE,NEUTRAL,0.2494484508816455,LOW,Keep in nurture queue and monitor,origin historically converts below baseline,1366
0df5f890a1147ef1d1852fc6527e9c61,2018-05-11,c2f7f172d3275d27cba772ab70ac3052,organic_search,0,2018,5,4,0.351316127761007,1869,222,0.11865735839068291,9.0,0.0,0.07392241379310346,POSITIVE,LIMITED,0.24930563109336146,LOW,Keep in nurture queue and monitor,origin shows a positive conversion signal,1367
fe2e9cb2ea6cb28769e3c4947d156690,2018-04-27,caef563a428392ddc7807d2a529413b9,organic_search,0,2018,4,4,0.3483374818306625,1869,222,0.11865735839068291,6.0,0.0,0.08245192307692309,POSITIVE,LIMITED,0.2492243453919187,LOW,Keep in nurture queue and monitor,origin shows a positive conversion signal,1368
b0b75c3f654f444cd535f16487223151,2018-05-05,36120633c8737035fbabf079082f4ec1,direct_traffic,0,2018,5,5,0.35409820896584726,406,48,0.11770833333333333,48.0,2.0,0.06093750000000001,POSITIVE,NEGATIVE,0.24818809204617504,LOW,Keep in nurture queue and monitor,origin shows a positive conversion signal; landing page shows a negative historical signal,1369
8b1364fb14bc6ba5b3cf81ea852dbd4f,2018-04-25,58326e62183c14b0c03085c33b9fdc44,social,0,2018,4,2,0.36890432508605214,1018,63,0.06275891136801541,236.0,16.0,0.0708740234375,NEGATIVE,NEGATIVE,0.24806918201273437,LOW,Keep in nurture queue and monitor,origin historically converts below baseline; landing page shows a negative historical signal,1370
4b52ddb7a0b6ac8553536d004c895b59,2018-04-25,58326e62183c14b0c03085c33b9fdc44,social,0,2018,4,2,0.36890432508605214,1018,63,0.06275891136801541,236.0,16.0,0.0708740234375,NEGATIVE,NEGATIVE,0.24806918201273437,LOW,Keep in nurture queue and monitor,origin historically converts below baseline; landing page shows a negative historical signal,1371
49701d39d51b7a1bea8b17f15a3f447d,2018-04-25,58326e62183c14b0c03085c33b9fdc44,social,0,2018,4,2,0.36890432508605214,1018,63,0.06275891136801541,236.0,16.0,0.0708740234375,NEGATIVE,NEGATIVE,0.24806918201273437,LOW,Keep in nurture queue and monitor,origin historically converts below baseline; landing page shows a negative historical signal,1372
b500b9b586a97c5ee4763ca51494805d,2018-04-25,58326e62183c14b0c03085c33b9fdc44,social,0,2018,4,2,0.36890432508605214,1018,63,0.06275891136801541,236.0,16.0,0.0708740234375,NEGATIVE,NEGATIVE,0.24806918201273437,LOW,Keep in nurture queue and monitor,origin historically converts below baseline; landing page shows a negative historical signal,1373
37286bc401299e97a564f6b42792eb6d,2018-05-17,36120633c8737035fbabf079082f4ec1,organic_search,0,2018,5,3,0.35306468329907015,1869,222,0.11865735839068291,48.0,2.0,0.06093750000000001,POSITIVE,NEGATIVE,0.24775778165757867,LOW,Keep in nurture queue and monitor,origin shows a positive conversion signal; landing page shows a negative historical signal,1374
87948c8b4e338f2a7518a1575b6af9d1,2018-05-16,8ff57dffc365fcb5233232fff6e6bfd0,referral,0,2018,5,2,0.3523870600673428,219,15,0.07173117154811716,0.0,,0.1071875,NEGATIVE,LIMITED,0.24721597035002912,LOW,Keep in nurture queue and monitor,origin historically converts below baseline,1375
64bc5de04c2d2dee8c16bc2eb87d4ea2,2018-05-02,ec1792990dc6ac02bb49c91875ee51fa,referral,0,2018,5,2,0.3523870600673428,219,15,0.07173117154811716,0.0,,0.1071875,NEGATIVE,LIMITED,0.24721597035002912,LOW,Keep in nurture queue and monitor,origin historically converts below baseline,1376
971075aa1ab5b16f6f204a7e33784a9f,2018-05-18,7b8106a8b4d2982573b70980cbb01e9d,direct_traffic,0,2018,5,4,0.3468690830117197,406,48,0.11770833333333333,8.0,0.0,0.0765625,POSITIVE,LIMITED,0.24697561647369848,LOW,Keep in nurture queue and monitor,origin shows a positive conversion signal,1377
cb1c772c359ae814c34a9c82352a77fb,2018-04-29,f80696b73d17fb34f5c4fde157f119d8,social,0,2018,4,6,0.3547067855221011,1018,63,0.06275891136801541,0.0,,0.1071875,NEGATIVE,LIMITED,0.24681335358686374,LOW,Keep in nurture queue and monitor,origin historically converts below baseline,1378
b193a18acdf9844ca47c4fed6b46438d,2018-05-13,5f8ff9510f85e3e9dcb1d74965bf8d48,referral,0,2018,5,6,0.3530663613475011,219,15,0.07173117154811716,1.0,0.0,0.10208333333333335,NEGATIVE,LIMITED,0.24660271778479073,LOW,Keep in nurture queue and monitor,origin historically converts below baseline,1379
6779d89e3553395a637e71a098d2f2b4,2018-05-09,f017be4dbf86243af5c1ebed0cff36a2,social,0,2018,5,2,0.36831455139869257,1018,63,0.06275891136801541,267.0,16.0,0.06321864111498258,NEGATIVE,NEGATIVE,0.24618424133581512,LOW,Keep in nurture queue and monitor,origin historically converts below baseline; landing page shows a negative historical signal,1380
e3bce9548ef00e313d6a2fa8c1aec35d,2018-05-02,f017be4dbf86243af5c1ebed0cff36a2,social,0,2018,5,2,0.36831455139869257,1018,63,0.06275891136801541,267.0,16.0,0.06321864111498258,NEGATIVE,NEGATIVE,0.24618424133581512,LOW,Keep in nurture queue and monitor,origin historically converts below baseline; landing page shows a negative historical signal,1381
31c702f51d04d3663c3c14d943fb0dc5,2018-04-24,58326e62183c14b0c03085c33b9fdc44,social,0,2018,4,1,0.3654976911752446,1018,63,0.06275891136801541,236.0,16.0,0.0708740234375,NEGATIVE,NEGATIVE,0.2460252016662498,LOW,Keep in nurture queue and monitor,origin historically converts below baseline; landing page shows a negative historical signal,1382
df99a9d6cc000373e17a294faad492a7,2018-04-24,58326e62183c14b0c03085c33b9fdc44,social,0,2018,4,1,0.3654976911752446,1018,63,0.06275891136801541,236.0,16.0,0.0708740234375,NEGATIVE,NEGATIVE,0.2460252016662498,LOW,Keep in nurture queue and monitor,origin historically converts below baseline; landing page shows a negative historical signal,1383
0a70b4e9e53d81c726eb245123e2b384,2018-04-24,58326e62183c14b0c03085c33b9fdc44,social,0,2018,4,1,0.3654976911752446,1018,63,0.06275891136801541,236.0,16.0,0.0708740234375,NEGATIVE,NEGATIVE,0.2460252016662498,LOW,Keep in nurture queue and monitor,origin historically converts below baseline; landing page shows a negative historical signal,1384
bb7272eafe90d1ea3a8dd6db76688ad1,2018-04-24,58326e62183c14b0c03085c33b9fdc44,social,0,2018,4,1,0.3654976911752446,1018,63,0.06275891136801541,236.0,16.0,0.0708740234375,NEGATIVE,NEGATIVE,0.2460252016662498,LOW,Keep in nurture queue and monitor,origin historically converts below baseline; landing page shows a negative historical signal,1385
0c031fe92fdc7596e4f20c56c661319d,2018-04-24,58326e62183c14b0c03085c33b9fdc44,social,0,2018,4,1,0.3654976911752446,1018,63,0.06275891136801541,236.0,16.0,0.0708740234375,NEGATIVE,NEGATIVE,0.2460252016662498,LOW,Keep in nurture queue and monitor,origin historically converts below baseline; landing page shows a negative historical signal,1386
e3154fc901362537cc34b26fd18f0f05,2018-05-29,ece960c5dab1a015cc1cb5a419b0c63b,referral,0,2018,5,1,0.3490485934830535,219,15,0.07173117154811716,0.0,,0.1071875,NEGATIVE,LIMITED,0.2452128903994555,LOW,Keep in nurture queue and monitor,origin historically converts below baseline,1387
876dcde308d3410fbdb2bfefc5ffea06,2018-04-28,30534107aa0013db92899c96a1017d0b,social,0,2018,4,5,0.3513582655285375,1018,63,0.06275891136801541,0.0,,0.1071875,NEGATIVE,LIMITED,0.24480424159072556,LOW,Keep in nurture queue and monitor,origin historically converts below baseline,1388
84094c9f8dc82c57cae08d3cd0acb96f,2018-04-28,30534107aa0013db92899c96a1017d0b,social,0,2018,4,5,0.3513582655285375,1018,63,0.06275891136801541,0.0,,0.1071875,NEGATIVE,LIMITED,0.24480424159072556,LOW,Keep in nurture queue and monitor,origin historically converts below baseline,1389
3f314e3cb0692a85f98cd745090b2e7e,2018-04-28,30534107aa0013db92899c96a1017d0b,social,0,2018,4,5,0.3513582655285375,1018,63,0.06275891136801541,0.0,,0.1071875,NEGATIVE,LIMITED,0.24480424159072556,LOW,Keep in nurture queue and monitor,origin historically converts below baseline,1390
73c55bc944ff08322761ffc22fcf10c1,2018-04-28,30534107aa0013db92899c96a1017d0b,social,0,2018,4,5,0.3513582655285375,1018,63,0.06275891136801541,0.0,,0.1071875,NEGATIVE,LIMITED,0.24480424159072556,LOW,Keep in nurture queue and monitor,origin historically converts below baseline,1391
6049c4764e4f172b968de04fc828df34,2018-05-08,f017be4dbf86243af5c1ebed0cff36a2,social,0,2018,5,1,0.3649102146213919,1018,63,0.06275891136801541,267.0,16.0,0.06321864111498258,NEGATIVE,NEGATIVE,0.24414163926943472,LOW,Keep in nurture queue and monitor,origin historically converts below baseline; landing page shows a negative historical signal,1392
31415e86b6cfa88ee7580b08922c0dca,2018-04-30,58326e62183c14b0c03085c33b9fdc44,social,0,2018,4,0,0.36210446576043676,1018,63,0.06275891136801541,236.0,16.0,0.0708740234375,NEGATIVE,NEGATIVE,0.24398926641736512,LOW,Keep in nurture queue and monitor,origin historically converts below baseline; landing page shows a negative historical signal,1393
1b3792d7a5971736e7dd4932c8c20f74,2018-04-30,58326e62183c14b0c03085c33b9fdc44,social,0,2018,4,0,0.36210446576043676,1018,63,0.06275891136801541,236.0,16.0,0.0708740234375,NEGATIVE,NEGATIVE,0.24398926641736512,LOW,Keep in nurture queue and monitor,origin historically converts below baseline; landing page shows a negative historical signal,1394
e10d2c6778afa7e23b9f5db6b1b55d9e,2018-04-30,58326e62183c14b0c03085c33b9fdc44,social,0,2018,4,0,0.36210446576043676,1018,63,0.06275891136801541,236.0,16.0,0.0708740234375,NEGATIVE,NEGATIVE,0.24398926641736512,LOW,Keep in nurture queue and monitor,origin historically converts below baseline; landing page shows a negative historical signal,1395
46604b5a2dc5852fd0733df3fb8e88c7,2018-04-30,58326e62183c14b0c03085c33b9fdc44,social,0,2018,4,0,0.36210446576043676,1018,63,0.06275891136801541,236.0,16.0,0.0708740234375,NEGATIVE,NEGATIVE,0.24398926641736512,LOW,Keep in nurture queue and monitor,origin historically converts below baseline; landing page shows a negative historical signal,1396
7fe79c97dac8df04ef7f328137ffdec8,2018-04-30,58326e62183c14b0c03085c33b9fdc44,social,0,2018,4,0,0.36210446576043676,1018,63,0.06275891136801541,236.0,16.0,0.0708740234375,NEGATIVE,NEGATIVE,0.24398926641736512,LOW,Keep in nurture queue and monitor,origin historically converts below baseline; landing page shows a negative historical signal,1397
10f5fbb1c0f0c452e46b48bca452a16d,2018-04-30,58326e62183c14b0c03085c33b9fdc44,social,0,2018,4,0,0.36210446576043676,1018,63,0.06275891136801541,236.0,16.0,0.0708740234375,NEGATIVE,NEGATIVE,0.24398926641736512,LOW,Keep in nurture queue and monitor,origin historically converts below baseline; landing page shows a negative historical signal,1398
14cb4025dd2c4c63b76f1f5795e293eb,2018-04-30,58326e62183c14b0c03085c33b9fdc44,social,0,2018,4,0,0.36210446576043676,1018,63,0.06275891136801541,236.0,16.0,0.0708740234375,NEGATIVE,NEGATIVE,0.24398926641736512,LOW,Keep in nurture queue and monitor,origin historically converts below baseline; landing page shows a negative historical signal,1399
2ad908ea29b45df4bf8b2a3136690429,2018-05-05,73fec6021437e723ff5adae8dff89e23,social,0,2018,5,5,0.35826746633763434,1018,63,0.06275891136801541,20.0,1.0,0.07859375,NEGATIVE,NEUTRAL,0.2432310120761837,LOW,Keep in nurture queue and monitor,origin historically converts below baseline,1400
2942549cb69c93f868f7294460a9befe,2018-05-12,73fec6021437e723ff5adae8dff89e23,social,0,2018,5,5,0.35826746633763434,1018,63,0.06275891136801541,20.0,1.0,0.07859375,NEGATIVE,NEUTRAL,0.2432310120761837,LOW,Keep in nurture queue and monitor,origin historically converts below baseline,1401
955ae0c84845908d3b53f191436ec1f1,2018-04-27,30534107aa0013db92899c96a1017d0b,social,0,2018,4,4,0.34802430779171734,1018,63,0.06275891136801541,0.0,,0.1071875,NEGATIVE,LIMITED,0.24280386694863348,LOW,Keep in nurture queue and monitor,origin historically converts below baseline,1402
ee2b2692ff3e044ddf966729caefb36a,2018-04-27,30534107aa0013db92899c96a1017d0b,social,0,2018,4,4,0.34802430779171734,1018,63,0.06275891136801541,0.0,,0.1071875,NEGATIVE,LIMITED,0.24280386694863348,LOW,Keep in nurture queue and monitor,origin historically converts below baseline,1403
2270e891659e7141a8f83cb40206205f,2018-05-26,330b9d44078a1ae5a221d655dcb77afa,email,0,2018,5,5,0.35975540939709183,383,12,0.035096153846153846,36.0,3.0,0.09185267857142858,NEGATIVE,NEUTRAL,0.24124301212177157,LOW,Keep in nurture queue and monitor,origin historically converts below baseline,1404
5d395883d13573b189da524ce1401834,2018-04-26,f80696b73d17fb34f5c4fde157f119d8,social,0,2018,4,3,0.3447051734629082,1018,63,0.06275891136801541,0.0,,0.1071875,NEGATIVE,LIMITED,0.240812386351348,LOW,Keep in nurture queue and monitor,origin historically converts below baseline,1405
e67c9c9d189a609afda017789ad68df7,2018-04-26,f80696b73d17fb34f5c4fde157f119d8,social,0,2018,4,3,0.3447051734629082,1018,63,0.06275891136801541,0.0,,0.1071875,NEGATIVE,LIMITED,0.240812386351348,LOW,Keep in nurture queue and monitor,origin historically converts below baseline,1406
1268adfb5db8c00c75b37961e8a9b787,2018-04-26,c0f9e439226ea0373a7e3c0dfe71e4f9,social,0,2018,4,3,0.3447051734629082,1018,63,0.06275891136801541,0.0,,0.1071875,NEGATIVE,LIMITED,0.240812386351348,LOW,Keep in nurture queue and monitor,origin historically converts below baseline,1407
13602f4cdec52bd97a46254441b3388d,2018-05-15,f017be4dbf86243af5c1ebed0cff36a2,other_publicities,0,2018,5,1,0.3554680401716388,55,3,0.06858333333333334,267.0,16.0,0.06321864111498258,NEGATIVE,NEGATIVE,0.23964121899264645,LOW,Keep in nurture queue and monitor,origin historically converts below baseline; landing page shows a negative historical signal,1408
a1909e0d6464d48ffddb13b0ec34c563,2018-05-03,f017be4dbf86243af5c1ebed0cff36a2,referral,0,2018,5,3,0.35387669655017,219,15,0.07173117154811716,267.0,16.0,0.06321864111498258,NEGATIVE,NEGATIVE,0.23931598046272196,LOW,Keep in nurture queue and monitor,origin historically converts below baseline; landing page shows a negative historical signal,1409
2f159dfb71adadd9ed3956f59a97c248,2018-05-25,330b9d44078a1ae5a221d655dcb77afa,email,0,2018,5,4,0.35638555117412135,383,12,0.035096153846153846,36.0,3.0,0.09185267857142858,NEGATIVE,NEUTRAL,0.23922109718798928,LOW,Keep in nurture queue and monitor,origin historically converts below baseline,1410
8513d71f50e57e470cd1b333f514cc3d,2018-04-25,3e2dbc66617ded5ca6a69bdb3a354d4a,social,0,2018,4,2,0.3414011182046779,1018,63,0.06275891136801541,0.0,,0.1071875,NEGATIVE,LIMITED,0.23882995319640982,LOW,Keep in nurture queue and monitor,origin historically converts below baseline,1411
fe7fdf179234f77c4d0ab2ea82a82c52,2018-05-08,f98c2bd96ac4a5d9476734e790c91384,organic_search,1,2018,5,1,0.34456743825104164,1869,222,0.11865735839068291,56.0,1.0,0.04136513157894737,POSITIVE,NEGATIVE,0.23874496094455103,LOW,Keep in nurture queue and monitor,origin shows a positive conversion signal; landing page shows a negative historical signal,1412
1eccc72bac34be6d4791e43d8874abc4,2018-05-16,f017be4dbf86243af5c1ebed0cff36a2,referral,0,2018,5,2,0.350531756050635,219,15,0.07173117154811716,267.0,16.0,0.06321864111498258,NEGATIVE,NEGATIVE,0.23730901616300093,LOW,Keep in nurture queue and monitor,origin historically converts below baseline; landing page shows a negative historical signal,1413
3188907d61235ababce50e9c0569d84d,2018-05-09,f017be4dbf86243af5c1ebed0cff36a2,referral,0,2018,5,2,0.350531756050635,219,15,0.07173117154811716,267.0,16.0,0.06321864111498258,NEGATIVE,NEGATIVE,0.23730901616300093,LOW,Keep in nurture queue and monitor,origin historically converts below baseline; landing page shows a negative historical signal,1414
e19ca372bf6eed81fbf6dfc59ce9c625,2018-05-02,f98c2bd96ac4a5d9476734e790c91384,direct_traffic,0,2018,5,2,0.34228127387716223,406,48,0.11770833333333333,56.0,1.0,0.04136513157894737,POSITIVE,NEGATIVE,0.23718345730875345,LOW,Keep in nurture queue and monitor,origin shows a positive conversion signal; landing page shows a negative historical signal,1415
0c48d6d0f656b10e4c01ad9f83cbc1e9,2018-05-04,21a104c3279681d9856b8a48723c4fee,social,0,2018,5,4,0.35419104971694965,1018,63,0.06275891136801541,32.0,1.0,0.060456730769230776,NEGATIVE,NEGATIVE,0.23715775825761903,LOW,Keep in nurture queue and monitor,origin historically converts below baseline; landing page shows a negative historical signal,1416
1024cf4dc7f44bc2296769309fcfb4e5,2018-05-22,f017be4dbf86243af5c1ebed0cff36a2,referral,1,2018,5,1,0.34720144294986477,219,15,0.07173117154811716,267.0,16.0,0.06321864111498258,NEGATIVE,NEGATIVE,0.2353108283025388,LOW,Keep in nurture queue and monitor,origin historically converts below baseline; landing page shows a negative historical signal,1417
d0c7b759a5c678852d78b8a3e4d3c36d,2018-05-22,73fec6021437e723ff5adae8dff89e23,social,0,2018,5,1,0.34489962144581493,1018,63,0.06275891136801541,20.0,1.0,0.07859375,NEGATIVE,NEUTRAL,0.23521030514109204,LOW,Keep in nurture queue and monitor,origin historically converts below baseline,1418
496c8bef8a3f40de71a47b3509aada52,2018-04-30,30534107aa0013db92899c96a1017d0b,social,0,2018,4,0,0.334839239780725,1018,63,0.06275891136801541,0.0,,0.1071875,NEGATIVE,LIMITED,0.23489282614203805,LOW,Keep in nurture queue and monitor,origin historically converts below baseline,1419
de6ddd41822944b7a1c6f82769b53fa6,2018-04-30,30534107aa0013db92899c96a1017d0b,social,0,2018,4,0,0.334839239780725,1018,63,0.06275891136801541,0.0,,0.1071875,NEGATIVE,LIMITED,0.23489282614203805,LOW,Keep in nurture queue and monitor,origin historically converts below baseline,1420
bb3a026fe12bd786f45348b570f08cba,2018-04-30,30534107aa0013db92899c96a1017d0b,social,0,2018,4,0,0.334839239780725,1018,63,0.06275891136801541,0.0,,0.1071875,NEGATIVE,LIMITED,0.23489282614203805,LOW,Keep in nurture queue and monitor,origin historically converts below baseline,1421
3d3156f5541daae6744fdcf2e27a099f,2018-04-30,30534107aa0013db92899c96a1017d0b,social,0,2018,4,0,0.334839239780725,1018,63,0.06275891136801541,0.0,,0.1071875,NEGATIVE,LIMITED,0.23489282614203805,LOW,Keep in nurture queue and monitor,origin historically converts below baseline,1422
4ccf5109bc31de5bc4ea47993b515836,2018-04-30,30534107aa0013db92899c96a1017d0b,social,0,2018,4,0,0.334839239780725,1018,63,0.06275891136801541,0.0,,0.1071875,NEGATIVE,LIMITED,0.23489282614203805,LOW,Keep in nurture queue and monitor,origin historically converts below baseline,1423
feaba3ffcd2ff97501696c7f9a42f41c,2018-05-22,e42a14209c69c3e9cc6b042620465f12,paid_search,0,2018,5,1,0.33003167370290176,1263,158,0.1248197583787997,16.0,0.0,0.05954861111111112,POSITIVE,NEGATIVE,0.2348926781197232,LOW,Keep in nurture queue and monitor,origin shows a positive conversion signal; landing page shows a negative historical signal,1424
f7baa5d5ed7d88c6b4a99873955915a0,2018-04-27,f80696b73d17fb34f5c4fde157f119d8,referral,0,2018,4,4,0.3307082804637551,219,15,0.07173117154811716,0.0,,0.1071875,NEGATIVE,LIMITED,0.2342087025878765,LOW,Keep in nurture queue and monitor,origin historically converts below baseline,1425
c55b6c80b9a641b3e91d6d261b43039a,2018-04-27,f80696b73d17fb34f5c4fde157f119d8,referral,0,2018,4,4,0.3307082804637551,219,15,0.07173117154811716,0.0,,0.1071875,NEGATIVE,LIMITED,0.2342087025878765,LOW,Keep in nurture queue and monitor,origin historically converts below baseline,1426
791ce193144bb15e4bdd2c1649b8c8f3,2018-05-22,330b9d44078a1ae5a221d655dcb77afa,email,0,2018,5,1,0.34636201082645,383,12,0.035096153846153846,36.0,3.0,0.09185267857142858,NEGATIVE,NEUTRAL,0.2332069729793865,LOW,Keep in nurture queue and monitor,origin historically converts below baseline,1427
e9fb2eda3d9c55a0d89c98d6c54b5b3e,2018-04-27,966098efaef7a4d665be6b0cb617541b,,0,2018,4,4,0.300206699936806,42,9,0.17973790322580646,6.0,0.0,0.08245192307692309,STRONG,LIMITED,0.2325619852226295,LOW,Keep in nurture queue and monitor,origin historically converts above baseline,1428
460066ec29274e9c86d952a27dc83f5f,2018-05-28,330b9d44078a1ae5a221d655dcb77afa,email,0,2018,5,0,0.3430503883309333,383,12,0.035096153846153846,36.0,3.0,0.09185267857142858,NEGATIVE,NEUTRAL,0.23121999948207647,LOW,Keep in nurture queue and monitor,origin historically converts below baseline,1429
dbe5b26b5ed29d8c0e1daa96f2a92370,2018-05-21,330b9d44078a1ae5a221d655dcb77afa,email,0,2018,5,0,0.3430503883309333,383,12,0.035096153846153846,36.0,3.0,0.09185267857142858,NEGATIVE,NEUTRAL,0.23121999948207647,LOW,Keep in nurture queue and monitor,origin historically converts below baseline,1430
be5701ad6a0f85ad1ddca69370aac3a3,2018-05-21,330b9d44078a1ae5a221d655dcb77afa,email,0,2018,5,0,0.3430503883309333,383,12,0.035096153846153846,36.0,3.0,0.09185267857142858,NEGATIVE,NEUTRAL,0.23121999948207647,LOW,Keep in nurture queue and monitor,origin historically converts below baseline,1431
20540c599746e70d0787f05c42f002bb,2018-05-21,330b9d44078a1ae5a221d655dcb77afa,email,0,2018,5,0,0.3430503883309333,383,12,0.035096153846153846,36.0,3.0,0.09185267857142858,NEGATIVE,NEUTRAL,0.23121999948207647,LOW,Keep in nurture queue and monitor,origin historically converts below baseline,1432
44c2f762a8f66756fb4b6f00606e17ee,2018-05-01,21a104c3279681d9856b8a48723c4fee,social,0,2018,5,1,0.3441962230836196,1018,63,0.06275891136801541,32.0,1.0,0.060456730769230776,NEGATIVE,NEGATIVE,0.231160862277621,LOW,Keep in nurture queue and monitor,origin historically converts below baseline; landing page shows a negative historical signal,1433
db31b813b676603e5e69fcb94de42686,2018-04-25,f80696b73d17fb34f5c4fde157f119d8,referral,0,2018,4,2,0.3242507380305854,219,15,0.07173117154811716,0.0,,0.1071875,NEGATIVE,LIMITED,0.23033417712797466,LOW,Keep in nurture queue and monitor,origin historically converts below baseline,1434
541c51438d38c7582b03d08fcf9b81ca,2018-04-25,36120633c8737035fbabf079082f4ec1,organic_search,0,2018,4,2,0.321693980843897,1869,222,0.11865735839068291,48.0,2.0,0.06093750000000001,POSITIVE,NEGATIVE,0.2289353601844748,LOW,Keep in nurture queue and monitor,origin shows a positive conversion signal; landing page shows a negative historical signal,1435
515b37a5bb29c8ea5c7d919139b22971,2018-05-30,330b9d44078a1ae5a221d655dcb77afa,display,0,2018,5,2,0.33093595347840743,105,5,0.057150000000000006,36.0,3.0,0.09185267857142858,NEGATIVE,NEUTRAL,0.22836210780133015,LOW,Keep in nurture queue and monitor,origin historically converts below baseline,1436
bf411614dc97660a06ab79418eb12417,2018-05-29,1694e838dffa97f640fcfa35e86e438e,organic_search,0,2018,5,1,0.3171086470523201,1869,222,0.11865735839068291,11.0,0.0,0.06915322580645163,POSITIVE,NEGATIVE,0.22782730507081897,LOW,Keep in nurture queue and monitor,origin shows a positive conversion signal; landing page shows a negative historical signal,1437
a0bee49db548813ba2be7ad75a992df2,2018-05-08,aafc43d934a043b451b1dc5a61943a6b,organic_search,0,2018,5,1,0.31266309107990625,1869,222,0.11865735839068291,6.0,0.0,0.08245192307692309,POSITIVE,LIMITED,0.22781971094146494,LOW,Keep in nurture queue and monitor,origin shows a positive conversion signal,1438
dedaeedfd0cbd8920d5bffb550d1de2b,2018-04-30,966098efaef7a4d665be6b0cb617541b,paid_search,0,2018,4,0,0.30895133851759854,1263,158,0.1248197583787997,6.0,0.0,0.08245192307692309,POSITIVE,LIMITED,0.22682513940170368,LOW,Keep in nurture queue and monitor,origin shows a positive conversion signal,1439
3e76e57fbbbb23dc59e6445191203a3f,2018-05-10,cb049134a163b197ad8f8df03af26d63,social,0,2018,5,3,0.32211174745040594,1018,63,0.06275891136801541,1.0,0.0,0.10208333333333335,NEGATIVE,LIMITED,0.22623549741051333,LOW,Keep in nurture queue and monitor,origin historically converts below baseline,1440
0635bf265fc80d691fb83ae1e1a22fdb,2018-05-02,21a104c3279681d9856b8a48723c4fee,referral,0,2018,5,2,0.3302095823489461,219,15,0.07173117154811716,32.0,1.0,0.060456730769230776,NEGATIVE,NEGATIVE,0.22456332987283723,LOW,Keep in nurture queue and monitor,origin historically converts below baseline; landing page shows a negative historical signal,1441
4e13cab9991e5cfbfcdc71acc908495b,2018-05-15,36525851387908b96e770b1ce5d79a43,social,0,2018,5,1,0.3142741635855766,1018,63,0.06275891136801541,1.0,0.0,0.10208333333333335,NEGATIVE,LIMITED,0.22153294709161567,LOW,Keep in nurture queue and monitor,origin historically converts below baseline,1442
33c9052ca7a0a2585b6e1bb4a91cf0fc,2018-05-18,fc4db0e1e8dfd5a305da563f9b2fc192,email,0,2018,5,4,0.32002968237217483,383,12,0.035096153846153846,0.0,,0.1071875,NEGATIVE,LIMITED,0.22047454019253568,LOW,Keep in nurture queue and monitor,origin historically converts below baseline,1443
67605804c28e1815f6a7fd60b111160d,2018-05-18,6a110e795dd487f1cf8d7583671987af,email,0,2018,5,4,0.32002968237217483,383,12,0.035096153846153846,0.0,,0.1071875,NEGATIVE,LIMITED,0.22047454019253568,LOW,Keep in nurture queue and monitor,origin historically converts below baseline,1444
eef3298c9cda3e9623ea25d2230ec88e,2018-05-25,7fa6590e1b6cc9f17eb5cfdcfad63d50,email,0,2018,5,4,0.32002968237217483,383,12,0.035096153846153846,0.0,,0.1071875,NEGATIVE,LIMITED,0.22047454019253568,LOW,Keep in nurture queue and monitor,origin historically converts below baseline,1445
fd00756a9a5295413342790f2cd6bae9,2018-04-27,966098efaef7a4d665be6b0cb617541b,organic_search,0,2018,4,4,0.300206699936806,1869,222,0.11865735839068291,6.0,0.0,0.08245192307692309,POSITIVE,LIMITED,0.22034587625560478,LOW,Keep in nurture queue and monitor,origin shows a positive conversion signal,1446
3416177568760e62da708674fc185ae5,2018-04-27,966098efaef7a4d665be6b0cb617541b,organic_search,0,2018,4,4,0.300206699936806,1869,222,0.11865735839068291,6.0,0.0,0.08245192307692309,POSITIVE,LIMITED,0.22034587625560478,LOW,Keep in nurture queue and monitor,origin shows a positive conversion signal,1447
a23d5628a8085f89e0ac73cc6a4e44cd,2018-04-27,966098efaef7a4d665be6b0cb617541b,organic_search,0,2018,4,4,0.300206699936806,1869,222,0.11865735839068291,6.0,0.0,0.08245192307692309,POSITIVE,LIMITED,0.22034587625560478,LOW,Keep in nurture queue and monitor,origin shows a positive conversion signal,1448
b5e10fae51d0cbda8537039a6a484fc6,2018-05-17,6a110e795dd487f1cf8d7583671987af,email,0,2018,5,3,0.3168477843756426,383,12,0.035096153846153846,0.0,,0.1071875,NEGATIVE,LIMITED,0.21856540139461633,LOW,Keep in nurture queue and monitor,origin historically converts below baseline,1449
772be51775b3d732ec124eb9aef562f3,2018-05-10,7fa6590e1b6cc9f17eb5cfdcfad63d50,email,0,2018,5,3,0.3168477843756426,383,12,0.035096153846153846,0.0,,0.1071875,NEGATIVE,LIMITED,0.21856540139461633,LOW,Keep in nurture queue and monitor,origin historically converts below baseline,1450
f76136f54d14a3345951f25b7932366b,2018-05-24,d51b0d02f063ba1d053db6d97226eec3,email,0,2018,5,3,0.3168477843756426,383,12,0.035096153846153846,0.0,,0.1071875,NEGATIVE,LIMITED,0.21856540139461633,LOW,Keep in nurture queue and monitor,origin historically converts below baseline,1451
62e6ef4289415fbd34d46391682f84a7,2018-05-24,ef8fd2bd651e9bede81dfb6e45480793,email,0,2018,5,3,0.3168477843756426,383,12,0.035096153846153846,0.0,,0.1071875,NEGATIVE,LIMITED,0.21856540139461633,LOW,Keep in nurture queue and monitor,origin historically converts below baseline,1452
e3826792969cafc67d6c3668de89ab20,2018-05-31,dd6f55db3947b0aeaadb65a610334799,direct_traffic,0,2018,5,3,0.30423928955287777,406,48,0.11770833333333333,15.0,0.0,0.061250000000000006,POSITIVE,NEGATIVE,0.21833524039839333,LOW,Keep in nurture queue and monitor,origin shows a positive conversion signal; landing page shows a negative historical signal,1453
567e98ff27e67b99ca683e7cdf92e63e,2018-05-02,f80696b73d17fb34f5c4fde157f119d8,email,0,2018,5,2,0.3136829281317729,383,12,0.035096153846153846,0.0,,0.1071875,NEGATIVE,LIMITED,0.21666648764829452,LOW,Keep in nurture queue and monitor,origin historically converts below baseline,1454
401dbf72920e26fa6a117af833108674,2018-05-16,6a110e795dd487f1cf8d7583671987af,email,0,2018,5,2,0.3136829281317729,383,12,0.035096153846153846,0.0,,0.1071875,NEGATIVE,LIMITED,0.21666648764829452,LOW,Keep in nurture queue and monitor,origin historically converts below baseline,1455
ef41987246843c2a90083b63504be497,2018-05-16,6a110e795dd487f1cf8d7583671987af,email,0,2018,5,2,0.3136829281317729,383,12,0.035096153846153846,0.0,,0.1071875,NEGATIVE,LIMITED,0.21666648764829452,LOW,Keep in nurture queue and monitor,origin historically converts below baseline,1456
1d204b4ef7a2a8bd9fd6897da68c9866,2018-05-16,6a110e795dd487f1cf8d7583671987af,email,0,2018,5,2,0.3136829281317729,383,12,0.035096153846153846,0.0,,0.1071875,NEGATIVE,LIMITED,0.21666648764829452,LOW,Keep in nurture queue and monitor,origin historically converts below baseline,1457
fcc4103fcaf40d4720096ea4ed0fa2a7,2018-05-02,b226889aa1cb9f4efb3c18343b7f07c0,email,0,2018,5,2,0.3136829281317729,383,12,0.035096153846153846,0.0,,0.1071875,NEGATIVE,LIMITED,0.21666648764829452,LOW,Keep in nurture queue and monitor,origin historically converts below baseline,1458
01b04548cc5b5a18f025db4bf5f32064,2018-05-09,82028478fef3ab881990e8d1fb24ba3a,email,0,2018,5,2,0.3136829281317729,383,12,0.035096153846153846,0.0,,0.1071875,NEGATIVE,LIMITED,0.21666648764829452,LOW,Keep in nurture queue and monitor,origin historically converts below baseline,1459
c54132b423e84e231137b096533d9c50,2018-05-09,7fa6590e1b6cc9f17eb5cfdcfad63d50,email,0,2018,5,2,0.3136829281317729,383,12,0.035096153846153846,0.0,,0.1071875,NEGATIVE,LIMITED,0.21666648764829452,LOW,Keep in nurture queue and monitor,origin historically converts below baseline,1460
374c67709beb1e30efea927f6666f732,2018-05-23,ef8fd2bd651e9bede81dfb6e45480793,email,0,2018,5,2,0.3136829281317729,383,12,0.035096153846153846,0.0,,0.1071875,NEGATIVE,LIMITED,0.21666648764829452,LOW,Keep in nurture queue and monitor,origin historically converts below baseline,1461
78d3e5766f355ed5b69199a2df00382b,2018-05-23,1f2ef44bd62ca960c9391166cae6fd3c,email,0,2018,5,2,0.3136829281317729,383,12,0.035096153846153846,0.0,,0.1071875,NEGATIVE,LIMITED,0.21666648764829452,LOW,Keep in nurture queue and monitor,origin historically converts below baseline,1462
d0f04d58dba0df8d2946971047f8c895,2018-05-02,b226889aa1cb9f4efb3c18343b7f07c0,email,0,2018,5,2,0.3136829281317729,383,12,0.035096153846153846,0.0,,0.1071875,NEGATIVE,LIMITED,0.21666648764829452,LOW,Keep in nurture queue and monitor,origin historically converts below baseline,1463
bead7746a397e7cba55be9edd37486ba,2018-04-30,f017be4dbf86243af5c1ebed0cff36a2,referral,0,2018,4,0,0.31609715777979025,219,15,0.07173117154811716,267.0,16.0,0.06321864111498258,NEGATIVE,NEGATIVE,0.21664825720049408,LOW,Keep in nurture queue and monitor,origin historically converts below baseline; landing page shows a negative historical signal,1464
91bddefc9ad9dbaf5dda35f00081a00a,2018-05-15,6a110e795dd487f1cf8d7583671987af,email,0,2018,5,1,0.3105353144726795,383,12,0.035096153846153846,0.0,,0.1071875,NEGATIVE,LIMITED,0.21477791945283847,LOW,Keep in nurture queue and monitor,origin historically converts below baseline,1465
c478e9df2470b2ed3fde4e7cabdfc697,2018-05-08,7fa6590e1b6cc9f17eb5cfdcfad63d50,email,0,2018,5,1,0.3105353144726795,383,12,0.035096153846153846,0.0,,0.1071875,NEGATIVE,LIMITED,0.21477791945283847,LOW,Keep in nurture queue and monitor,origin historically converts below baseline,1466
1e2da877e5d7479ab76792ffcead7a50,2018-05-08,82028478fef3ab881990e8d1fb24ba3a,email,0,2018,5,1,0.3105353144726795,383,12,0.035096153846153846,0.0,,0.1071875,NEGATIVE,LIMITED,0.21477791945283847,LOW,Keep in nurture queue and monitor,origin historically converts below baseline,1467
5ec388af0251a9721a06e051c6bda168,2018-05-08,82028478fef3ab881990e8d1fb24ba3a,email,0,2018,5,1,0.3105353144726795,383,12,0.035096153846153846,0.0,,0.1071875,NEGATIVE,LIMITED,0.21477791945283847,LOW,Keep in nurture queue and monitor,origin historically converts below baseline,1468
a8d73284b5d2d7a3251cd5fad424a476,2018-05-08,82028478fef3ab881990e8d1fb24ba3a,email,0,2018,5,1,0.3105353144726795,383,12,0.035096153846153846,0.0,,0.1071875,NEGATIVE,LIMITED,0.21477791945283847,LOW,Keep in nurture queue and monitor,origin historically converts below baseline,1469
b6c7646d9f04a2ea49daecc3acedb33e,2018-05-08,82028478fef3ab881990e8d1fb24ba3a,email,0,2018,5,1,0.3105353144726795,383,12,0.035096153846153846,0.0,,0.1071875,NEGATIVE,LIMITED,0.21477791945283847,LOW,Keep in nurture queue and monitor,origin historically converts below baseline,1470
97a57f2e25bb119e1a93d49477095f07,2018-05-08,82028478fef3ab881990e8d1fb24ba3a,email,0,2018,5,1,0.3105353144726795,383,12,0.035096153846153846,0.0,,0.1071875,NEGATIVE,LIMITED,0.21477791945283847,LOW,Keep in nurture queue and monitor,origin historically converts below baseline,1471
aae86d5288085041f684fca44422f4ca,2018-05-08,82028478fef3ab881990e8d1fb24ba3a,email,0,2018,5,1,0.3105353144726795,383,12,0.035096153846153846,0.0,,0.1071875,NEGATIVE,LIMITED,0.21477791945283847,LOW,Keep in nurture queue and monitor,origin historically converts below baseline,1472
4b10621b1d422c19578583a0030ad7c8,2018-05-22,5215a2f4c4cb554cb18c8de3b4f06df5,email,0,2018,5,1,0.3105353144726795,383,12,0.035096153846153846,0.0,,0.1071875,NEGATIVE,LIMITED,0.21477791945283847,LOW,Keep in nurture queue and monitor,origin historically converts below baseline,1473
6077a0d6025b48d2191714d5813492a8,2018-05-22,d51b0d02f063ba1d053db6d97226eec3,email,0,2018,5,1,0.3105353144726795,383,12,0.035096153846153846,0.0,,0.1071875,NEGATIVE,LIMITED,0.21477791945283847,LOW,Keep in nurture queue and monitor,origin historically converts below baseline,1474
3f7de138c8acede31e9a949fe5d6f9e8,2018-05-15,6a110e795dd487f1cf8d7583671987af,email,0,2018,5,1,0.3105353144726795,383,12,0.035096153846153846,0.0,,0.1071875,NEGATIVE,LIMITED,0.21477791945283847,LOW,Keep in nurture queue and monitor,origin historically converts below baseline,1475
053126ddfffc6ab775ef39662e12cf52,2018-05-22,ef8fd2bd651e9bede81dfb6e45480793,email,0,2018,5,1,0.3105353144726795,383,12,0.035096153846153846,0.0,,0.1071875,NEGATIVE,LIMITED,0.21477791945283847,LOW,Keep in nurture queue and monitor,origin historically converts below baseline,1476
126a0d10becbaafcb2e72ce6848cf32c,2018-05-15,6a110e795dd487f1cf8d7583671987af,email,0,2018,5,1,0.3105353144726795,383,12,0.035096153846153846,0.0,,0.1071875,NEGATIVE,LIMITED,0.21477791945283847,LOW,Keep in nurture queue and monitor,origin historically converts below baseline,1477
32a5355165b939259198a1c4b53d57a0,2018-05-22,ef8fd2bd651e9bede81dfb6e45480793,email,0,2018,5,1,0.3105353144726795,383,12,0.035096153846153846,0.0,,0.1071875,NEGATIVE,LIMITED,0.21477791945283847,LOW,Keep in nurture queue and monitor,origin historically converts below baseline,1478
0be577456fb1a66d81c667c32d051733,2018-05-15,6a110e795dd487f1cf8d7583671987af,email,0,2018,5,1,0.3105353144726795,383,12,0.035096153846153846,0.0,,0.1071875,NEGATIVE,LIMITED,0.21477791945283847,LOW,Keep in nurture queue and monitor,origin historically converts below baseline,1479
207e384185cf2f7e2f4e1b2cedada218,2018-05-22,ef8fd2bd651e9bede81dfb6e45480793,email,0,2018,5,1,0.3105353144726795,383,12,0.035096153846153846,0.0,,0.1071875,NEGATIVE,LIMITED,0.21477791945283847,LOW,Keep in nurture queue and monitor,origin historically converts below baseline,1480
4b86f03081bd4d9cfc59e51fccb9eb45,2018-05-15,6a110e795dd487f1cf8d7583671987af,email,0,2018,5,1,0.3105353144726795,383,12,0.035096153846153846,0.0,,0.1071875,NEGATIVE,LIMITED,0.21477791945283847,LOW,Keep in nurture queue and monitor,origin historically converts below baseline,1481
181449a8478703241021e2e2557351d2,2018-05-15,6a110e795dd487f1cf8d7583671987af,email,0,2018,5,1,0.3105353144726795,383,12,0.035096153846153846,0.0,,0.1071875,NEGATIVE,LIMITED,0.21477791945283847,LOW,Keep in nurture queue and monitor,origin historically converts below baseline,1482
501fe32ad8686901bb423ede39d6ce04,2018-05-08,f3d15bbce65ef706388acb3d1c637a8b,email,0,2018,5,1,0.3105353144726795,383,12,0.035096153846153846,0.0,,0.1071875,NEGATIVE,LIMITED,0.21477791945283847,LOW,Keep in nurture queue and monitor,origin historically converts below baseline,1483
76d4ea939889f465fbd328c44cb0c3cd,2018-05-08,82028478fef3ab881990e8d1fb24ba3a,email,0,2018,5,1,0.3105353144726795,383,12,0.035096153846153846,0.0,,0.1071875,NEGATIVE,LIMITED,0.21477791945283847,LOW,Keep in nurture queue and monitor,origin historically converts below baseline,1484
367fa572c7af343a43e2dbc5cbaef903,2018-05-08,dcaf9b9fe015f970d789e226c78dcc68,email,0,2018,5,1,0.3105353144726795,383,12,0.035096153846153846,0.0,,0.1071875,NEGATIVE,LIMITED,0.21477791945283847,LOW,Keep in nurture queue and monitor,origin historically converts below baseline,1485
913eaa8841a0049cf73a60ce17d2aaf0,2018-05-08,7fa6590e1b6cc9f17eb5cfdcfad63d50,email,0,2018,5,1,0.3105353144726795,383,12,0.035096153846153846,0.0,,0.1071875,NEGATIVE,LIMITED,0.21477791945283847,LOW,Keep in nurture queue and monitor,origin historically converts below baseline,1486
9c153a8ea88deab857daff598e62bcf8,2018-05-15,6a110e795dd487f1cf8d7583671987af,email,0,2018,5,1,0.3105353144726795,383,12,0.035096153846153846,0.0,,0.1071875,NEGATIVE,LIMITED,0.21477791945283847,LOW,Keep in nurture queue and monitor,origin historically converts below baseline,1487
f0952a50474d97aafac39a918b3394ae,2018-05-04,97418c38e0c00de56ce63171626fd554,display,0,2018,5,4,0.3021286233304295,105,5,0.057150000000000006,0.0,,0.1071875,NEGATIVE,LIMITED,0.21414467399825768,LOW,Keep in nurture queue and monitor,origin historically converts below baseline,1488
77d3a7e7ef6967723e66a296bb94cc2e,2018-05-04,bfd05fa9f9fe2aedee539951a84f2aaf,display,0,2018,5,4,0.3021286233304295,105,5,0.057150000000000006,0.0,,0.1071875,NEGATIVE,LIMITED,0.21414467399825768,LOW,Keep in nurture queue and monitor,origin historically converts below baseline,1489
0c6702e7c69ad5df080432c20b524db6,2018-05-10,111313f5b9ceedf17ab5af7317a9f9bc,organic_search,0,2018,5,3,0.29289395034857774,1869,222,0.11865735839068291,10.0,0.0,0.07145833333333335,POSITIVE,NEGATIVE,0.2137595085539499,LOW,Keep in nurture queue and monitor,origin shows a positive conversion signal; landing page shows a negative historical signal,1490
3d6696255f0c90fc3f3e3f2d6267e8cc,2018-05-21,73f31a40697cc90a86c1273563ac230e,referral,0,2018,5,0,0.31502433352108067,219,15,0.07173117154811716,106.0,4.0,0.04875992063492064,NEGATIVE,NEGATIVE,0.21311281854925596,LOW,Keep in nurture queue and monitor,origin historically converts below baseline; landing page shows a negative historical signal,1491
cb8750613b57d53ea7abfbbdf742976c,2018-04-30,966098efaef7a4d665be6b0cb617541b,organic_search,0,2018,4,0,0.28803289086017175,1869,222,0.11865735839068291,6.0,0.0,0.08245192307692309,POSITIVE,LIMITED,0.21304159080962426,LOW,Keep in nurture queue and monitor,origin shows a positive conversion signal,1492
93eeb56ae2930647f2a428006b81d7ec,2018-05-21,431a558885d03bf98bc3747f78cdfab7,email,0,2018,5,0,0.30740513836256655,383,12,0.035096153846153846,0.0,,0.1071875,NEGATIVE,LIMITED,0.2128998137867707,LOW,Keep in nurture queue and monitor,origin historically converts below baseline,1493
a7aa1c160e1fcc5540ac260d4b236441,2018-05-26,40acf2a9cf2fe4de391609431f40dfb7,email,0,2018,5,5,0.30852400275820024,383,12,0.035096153846153846,1.0,0.0,0.10208333333333335,NEGATIVE,LIMITED,0.21255029909081757,LOW,Keep in nurture queue and monitor,origin historically converts below baseline,1494
9cfb1408152933f6fd6361560194325e,2018-04-27,21a104c3279681d9856b8a48723c4fee,referral,0,2018,4,4,0.3092436597789069,219,15,0.07173117154811716,32.0,1.0,0.060456730769230776,NEGATIVE,NEGATIVE,0.21198377633081372,LOW,Keep in nurture queue and monitor,origin historically converts below baseline; landing page shows a negative historical signal,1495
64b707eebcb0eb4f7907a3bcbf1df6e6,2018-04-26,5ecb50153794666e90bc04c0076b7834,paid_search,0,2018,4,3,0.2786662102412967,1263,158,0.1248197583787997,6.0,0.0,0.08245192307692309,POSITIVE,LIMITED,0.20865406243592255,LOW,Keep in nurture queue and monitor,origin shows a positive conversion signal,1496
19cfec4e0d8b27a83c4f50ff8305455c,2018-05-09,607cb942712956d9e5cca504365378c0,social,0,2018,5,2,0.29153488406472705,1018,63,0.06275891136801541,2.0,0.0,0.09744318181818183,NEGATIVE,LIMITED,0.2069613490760757,LOW,Keep in nurture queue and monitor,origin historically converts below baseline,1497
cade2aee3b1062fe9c6314856ba263e7,2018-04-28,f80696b73d17fb34f5c4fde157f119d8,email,0,2018,4,5,0.2963548670289098,383,12,0.035096153846153846,0.0,,0.1071875,NEGATIVE,LIMITED,0.20626965098657665,LOW,Keep in nurture queue and monitor,origin historically converts below baseline,1498
4140fe6a9358de3c9d660225c4c2fcb4,2018-04-28,f80696b73d17fb34f5c4fde157f119d8,email,0,2018,4,5,0.2963548670289098,383,12,0.035096153846153846,0.0,,0.1071875,NEGATIVE,LIMITED,0.20626965098657665,LOW,Keep in nurture queue and monitor,origin historically converts below baseline,1499
39169088cafa898f69c7bad07a3b09b0,2018-05-18,27cd3540bace1f4a4b2bc6d319b0553c,other_publicities,0,2018,5,4,0.2925551705661776,55,3,0.06858333333333334,17.0,1.0,0.08496621621621622,NEGATIVE,NEUTRAL,0.20624301224961644,LOW,Keep in nurture queue and monitor,origin historically converts below baseline,1500
249743ebcc1fb015f416424135b5e48d,2018-04-24,5ecb50153794666e90bc04c0076b7834,paid_search,0,2018,4,1,0.27281065017189926,1263,158,0.1248197583787997,6.0,0.0,0.08245192307692309,POSITIVE,LIMITED,0.2051407263942841,LOW,Keep in nurture queue and monitor,origin shows a positive conversion signal,1501
b13432d01614c9d18263698af2837e1e,2018-05-22,f017be4dbf86243af5c1ebed0cff36a2,email,1,2018,5,1,0.30879529184875,383,12,0.035096153846153846,267.0,16.0,0.06321864111498258,NEGATIVE,NEGATIVE,0.20494013410147727,LOW,Keep in nurture queue and monitor,origin historically converts below baseline; landing page shows a negative historical signal,1502
7029a498c4f596f73b35504df9bab02a,2018-04-27,f80696b73d17fb34f5c4fde157f119d8,email,0,2018,4,4,0.29330682132417907,383,12,0.035096153846153846,0.0,,0.1071875,NEGATIVE,LIMITED,0.20444082356373822,LOW,Keep in nurture queue and monitor,origin historically converts below baseline,1503
2ce5c4c3e3cfda2fb5c21d44b204aea8,2018-04-27,f80696b73d17fb34f5c4fde157f119d8,email,0,2018,4,4,0.29330682132417907,383,12,0.035096153846153846,0.0,,0.1071875,NEGATIVE,LIMITED,0.20444082356373822,LOW,Keep in nurture queue and monitor,origin historically converts below baseline,1504
dee39f3a5ab881ab30a36b0ee71300aa,2018-04-30,5ecb50153794666e90bc04c0076b7834,paid_search,0,2018,4,0,0.2699118710877202,1263,158,0.1248197583787997,6.0,0.0,0.08245192307692309,POSITIVE,LIMITED,0.20340145894377668,LOW,Keep in nurture queue and monitor,origin shows a positive conversion signal,1505
4502ce1cc7b543fc8c62d1f72a6e1d4c,2018-04-30,5ecb50153794666e90bc04c0076b7834,paid_search,0,2018,4,0,0.2699118710877202,1263,158,0.1248197583787997,6.0,0.0,0.08245192307692309,POSITIVE,LIMITED,0.20340145894377668,LOW,Keep in nurture queue and monitor,origin shows a positive conversion signal,1506
ef4ef75d0a079e91cfb73d5c60ba6f0d,2018-05-15,e492ee5eaf1697716985cc6f33f9cd9b,social,0,2018,5,1,0.30263906352152153,1018,63,0.06275891136801541,234.0,9.0,0.043873031496062996,NEGATIVE,NEGATIVE,0.20290982668572857,LOW,Keep in nurture queue and monitor,origin historically converts below baseline; landing page shows a negative historical signal,1507
80189d342698330b84a8a7999eaca843,2018-04-26,f80696b73d17fb34f5c4fde157f119d8,email,0,2018,4,3,0.290277192411686,383,12,0.035096153846153846,0.0,,0.1071875,NEGATIVE,LIMITED,0.20262304621624236,LOW,Keep in nurture queue and monitor,origin historically converts below baseline,1508
d3f55ce52ff78d715fd61df010baf1db,2018-04-26,f80696b73d17fb34f5c4fde157f119d8,email,0,2018,4,3,0.290277192411686,383,12,0.035096153846153846,0.0,,0.1071875,NEGATIVE,LIMITED,0.20262304621624236,LOW,Keep in nurture queue and monitor,origin historically converts below baseline,1509
92ebe03166d8ff4b2bbd06077f92fb79,2018-05-07,e492ee5eaf1697716985cc6f33f9cd9b,social,0,2018,5,0,0.2995538997877498,1018,63,0.06275891136801541,234.0,9.0,0.043873031496062996,NEGATIVE,NEGATIVE,0.20105872844546555,LOW,Keep in nurture queue and monitor,origin historically converts below baseline; landing page shows a negative historical signal,1510
b67d30a5d7f70c2d80e09517d695acea,2018-04-25,f80696b73d17fb34f5c4fde157f119d8,email,0,2018,4,2,0.28726613650688265,383,12,0.035096153846153846,0.0,,0.1071875,NEGATIVE,LIMITED,0.20081641267336037,LOW,Keep in nurture queue and monitor,origin historically converts below baseline,1511
c7b3204ec9bfea0a9f9dc23b77f3b5e7,2018-04-25,f80696b73d17fb34f5c4fde157f119d8,email,0,2018,4,2,0.28726613650688265,383,12,0.035096153846153846,0.0,,0.1071875,NEGATIVE,LIMITED,0.20081641267336037,LOW,Keep in nurture queue and monitor,origin historically converts below baseline,1512
1109171419a1b66ae0d9168429adfb61,2018-04-25,f80696b73d17fb34f5c4fde157f119d8,email,0,2018,4,2,0.28726613650688265,383,12,0.035096153846153846,0.0,,0.1071875,NEGATIVE,LIMITED,0.20081641267336037,LOW,Keep in nurture queue and monitor,origin historically converts below baseline,1513
4b8e69697ca282927b31516ba968a297,2018-05-15,bddebc4f4d44106c427bd00695840e64,unknown,0,2018,5,1,0.26490071853754477,905,148,0.16231756756756757,29.0,0.0,0.043750000000000004,STRONG,NEGATIVE,0.20015394463604036,LOW,Keep in nurture queue and monitor,origin historically converts above baseline; landing page shows a negative historical signal,1514
74aa30b06b0cf754dc3bd8ad62d3b19e,2018-04-27,447cabeecc99dc245cb42be7122cba9e,display,0,2018,4,4,0.27629315455781495,105,5,0.057150000000000006,0.0,,0.1071875,NEGATIVE,LIMITED,0.19864339273468895,LOW,Keep in nurture queue and monitor,origin historically converts below baseline,1515
0b2197e2d0e22854d80d72d110c22e5f,2018-04-30,f80696b73d17fb34f5c4fde157f119d8,email,0,2018,4,0,0.2813003392124489,383,12,0.035096153846153846,0.0,,0.1071875,NEGATIVE,LIMITED,0.1972369342967001,LOW,Keep in nurture queue and monitor,origin historically converts below baseline,1516
23094cc903a83555659aa7a7a0b7a5aa,2018-05-21,e492ee5eaf1697716985cc6f33f9cd9b,other_publicities,0,2018,5,0,0.2910278930912877,55,3,0.06858333333333334,234.0,9.0,0.043873031496062996,NEGATIVE,NEGATIVE,0.19710800882065185,LOW,Keep in nurture queue and monitor,origin historically converts below baseline; landing page shows a negative historical signal,1517
b43d1b7bc56415513f6bd4feced8d9c4,2018-05-02,e492ee5eaf1697716985cc6f33f9cd9b,referral,0,2018,5,2,0.2895954137255971,219,15,0.07173117154811716,234.0,9.0,0.043873031496062996,NEGATIVE,NEGATIVE,0.19687808884419428,LOW,Keep in nurture queue and monitor,origin historically converts below baseline; landing page shows a negative historical signal,1518
68475b393b2bd6c166b7a42284b21db9,2018-04-29,e492ee5eaf1697716985cc6f33f9cd9b,social,0,2018,4,6,0.29168796370124095,1018,63,0.06275891136801541,234.0,9.0,0.043873031496062996,NEGATIVE,NEGATIVE,0.19633916679356025,LOW,Keep in nurture queue and monitor,origin historically converts below baseline; landing page shows a negative historical signal,1519
59a45a36b4c91e4c80904ce5dffd75eb,2018-04-28,e492ee5eaf1697716985cc6f33f9cd9b,social,0,2018,4,5,0.2886682259489309,1018,63,0.06275891136801541,234.0,9.0,0.043873031496062996,NEGATIVE,NEGATIVE,0.1945273241421742,LOW,Keep in nurture queue and monitor,origin historically converts below baseline; landing page shows a negative historical signal,1520
46ee5b0bf6c6c26a155a09dee995d97d,2018-05-08,21a104c3279681d9856b8a48723c4fee,email,0,2018,5,1,0.28981306275341284,383,12,0.035096153846153846,32.0,1.0,0.060456730769230776,NEGATIVE,NEGATIVE,0.19299841457512465,LOW,Keep in nurture queue and monitor,origin historically converts below baseline; landing page shows a negative historical signal,1521
86a3db80733a21b5d4a51c6b60f4d712,2018-04-27,e492ee5eaf1697716985cc6f33f9cd9b,social,0,2018,4,4,0.2856671421528475,1018,63,0.06275891136801541,234.0,9.0,0.043873031496062996,NEGATIVE,NEGATIVE,0.19272667386452416,LOW,Keep in nurture queue and monitor,origin historically converts below baseline; landing page shows a negative historical signal,1522
306b4e2ef164453da7db7abf44ad0b16,2018-05-15,330b9d44078a1ae5a221d655dcb77afa,other,0,2018,5,1,0.2791057447508919,135,3,0.033185483870967744,36.0,3.0,0.09185267857142858,NEGATIVE,NEUTRAL,0.1924710793390144,LOW,Keep in nurture queue and monitor,origin historically converts below baseline,1523
5c58445efcd5f7954e6beb87eec789c9,2018-05-05,fb58285f6f6c4e504dfa628de116cae8,email,0,2018,5,5,0.2745737843046143,383,12,0.035096153846153846,1.0,0.0,0.10208333333333335,NEGATIVE,LIMITED,0.19218016801866603,LOW,Keep in nurture queue and monitor,origin historically converts below baseline,1524
d3b5cb5dec3aa02af6dd16a5738b6b04,2018-05-26,fb58285f6f6c4e504dfa628de116cae8,email,0,2018,5,5,0.2745737843046143,383,12,0.035096153846153846,1.0,0.0,0.10208333333333335,NEGATIVE,LIMITED,0.19218016801866603,LOW,Keep in nurture queue and monitor,origin historically converts below baseline,1525
01da9689ebf762ad9b6f4879eeaa484d,2018-05-04,fb58285f6f6c4e504dfa628de116cae8,email,0,2018,5,4,0.27166326963151477,383,12,0.035096153846153846,1.0,0.0,0.10208333333333335,NEGATIVE,LIMITED,0.1904338592148063,LOW,Keep in nurture queue and monitor,origin historically converts below baseline,1526
7de9a4ece8e24c7f614caa04ab1e5e1d,2018-05-12,58326e62183c14b0c03085c33b9fdc44,other,0,2018,5,5,0.28238319817107393,135,3,0.033185483870967744,236.0,16.0,0.0708740234375,NEGATIVE,NEGATIVE,0.1902418203643379,LOW,Keep in nurture queue and monitor,origin historically converts below baseline; landing page shows a negative historical signal,1527
908c5a804c204a58e06d8f7f0b7e53b7,2018-04-28,ea0650174e273c41e12002dcdd4708be,unknown,0,2018,4,5,0.24090314130080806,905,148,0.16231756756756757,14.0,0.0,0.0630514705882353,STRONG,NEGATIVE,0.1896156924116454,LOW,Keep in nurture queue and monitor,origin historically converts above baseline; landing page shows a negative historical signal,1528
d52999d6422d80b186ce620e746627bc,2018-05-24,fb58285f6f6c4e504dfa628de116cae8,email,0,2018,5,3,0.2687721760919499,383,12,0.035096153846153846,1.0,0.0,0.10208333333333335,NEGATIVE,LIMITED,0.18869920309106739,LOW,Keep in nurture queue and monitor,origin historically converts below baseline,1529
6e44a15980d1d21fcbc528c9cc30556d,2018-05-23,fb58285f6f6c4e504dfa628de116cae8,email,0,2018,5,2,0.2659006175288715,383,12,0.035096153846153846,1.0,0.0,0.10208333333333335,NEGATIVE,LIMITED,0.18697626795322034,LOW,Keep in nurture queue and monitor,origin historically converts below baseline,1530
61b360a12f161b4fc2ddd1c891284e39,2018-05-02,fb58285f6f6c4e504dfa628de116cae8,email,0,2018,5,2,0.2659006175288715,383,12,0.035096153846153846,1.0,0.0,0.10208333333333335,NEGATIVE,LIMITED,0.18697626795322034,LOW,Keep in nurture queue and monitor,origin historically converts below baseline,1531
598bb634aacec76b3f16edb4bda29a3f,2018-05-02,fb58285f6f6c4e504dfa628de116cae8,email,0,2018,5,2,0.2659006175288715,383,12,0.035096153846153846,1.0,0.0,0.10208333333333335,NEGATIVE,LIMITED,0.18697626795322034,LOW,Keep in nurture queue and monitor,origin historically converts below baseline,1532
38b2baf94efabe47b94f0ba1a2d61488,2018-05-02,fb58285f6f6c4e504dfa628de116cae8,email,0,2018,5,2,0.2659006175288715,383,12,0.035096153846153846,1.0,0.0,0.10208333333333335,NEGATIVE,LIMITED,0.18697626795322034,LOW,Keep in nurture queue and monitor,origin historically converts below baseline,1533
c13f724567246c6aba1da13e2eb69230,2018-05-02,fb58285f6f6c4e504dfa628de116cae8,email,0,2018,5,2,0.2659006175288715,383,12,0.035096153846153846,1.0,0.0,0.10208333333333335,NEGATIVE,LIMITED,0.18697626795322034,LOW,Keep in nurture queue and monitor,origin historically converts below baseline,1534
25f1dd619a9da443c7a26bf223e4b3d5,2018-05-02,fb58285f6f6c4e504dfa628de116cae8,email,0,2018,5,2,0.2659006175288715,383,12,0.035096153846153846,1.0,0.0,0.10208333333333335,NEGATIVE,LIMITED,0.18697626795322034,LOW,Keep in nurture queue and monitor,origin historically converts below baseline,1535
e46a846e522b549e338296fece070d70,2018-04-28,1ec5f5ec77c51a968271b2ca9862907d,social,0,2018,4,5,0.25738833995936844,1018,63,0.06275891136801541,3.0,0.0,0.09320652173913045,NEGATIVE,LIMITED,0.18562609059705024,LOW,Keep in nurture queue and monitor,origin historically converts below baseline,1536
e4f7dd56f5b3d6db55c68937acdc288f,2018-05-15,fb58285f6f6c4e504dfa628de116cae8,email,0,2018,5,1,0.2630487020818393,383,12,0.035096153846153846,1.0,0.0,0.10208333333333335,NEGATIVE,LIMITED,0.185265118685001,LOW,Keep in nurture queue and monitor,origin historically converts below baseline,1537
f9347d86498a6073bb60abcf63aaa82d,2018-05-28,c555aa36478386fdf85a2d0ca5cd0ff8,organic_search,0,2018,5,0,0.2559561767151795,1869,222,0.11865735839068291,36.0,0.0,0.03828125,POSITIVE,NEGATIVE,0.18496142770724427,LOW,Keep in nurture queue and monitor,origin shows a positive conversion signal; landing page shows a negative historical signal,1538
5adc3ad31cc0aa43aaab7f4e75a9f00d,2018-05-03,15cf89bab2c3163b4f9d8601d108f8b2,social,0,2018,5,3,0.26724957850190145,1018,63,0.06275891136801541,33.0,1.0,0.059316037735849064,NEGATIVE,NEGATIVE,0.18476473692191378,LOW,Keep in nurture queue and monitor,origin historically converts below baseline; landing page shows a negative historical signal,1539
a76650df1a9ed5ae6c11bce464aa2710,2018-05-14,fb58285f6f6c4e504dfa628de116cae8,email,0,2018,5,0,0.2602165322231353,383,12,0.035096153846153846,1.0,0.0,0.10208333333333335,NEGATIVE,LIMITED,0.18356581676977862,LOW,Keep in nurture queue and monitor,origin historically converts below baseline,1540
ce1225eec668c580d0712889541626fc,2018-05-14,fb58285f6f6c4e504dfa628de116cae8,email,0,2018,5,0,0.2602165322231353,383,12,0.035096153846153846,1.0,0.0,0.10208333333333335,NEGATIVE,LIMITED,0.18356581676977862,LOW,Keep in nurture queue and monitor,origin historically converts below baseline,1541
b5dd47c64325d785f755854b8c28a948,2018-05-10,3e2dbc66617ded5ca6a69bdb3a354d4a,other,0,2018,5,3,0.2531033740979412,135,3,0.033185483870967744,0.0,,0.1071875,NEGATIVE,LIMITED,0.17993662123295825,LOW,Keep in nurture queue and monitor,origin historically converts below baseline,1542
c5c8f54138e6b9a67eeb4b5d186b27d0,2018-04-24,f4cb9c7b1dc31afca77d4896d2ae8d4b,direct_traffic,0,2018,4,1,0.23733142198489968,406,48,0.11770833333333333,11.0,0.0,0.06915322580645163,POSITIVE,NEGATIVE,0.1797711650188968,LOW,Keep in nurture queue and monitor,origin shows a positive conversion signal; landing page shows a negative historical signal,1543
3292cdae49eccd5e6f96bad182e43112,2018-05-04,909e333f8f23574f93115bd3d402e202,organic_search,0,2018,5,4,0.23590755759127854,1869,222,0.11865735839068291,18.0,0.0,0.056414473684210535,POSITIVE,NEGATIVE,0.1765589009697458,LOW,Keep in nurture queue and monitor,origin shows a positive conversion signal; landing page shows a negative historical signal,1544
2db6c70605a36497764d214c2a7b8347,2018-05-10,909e333f8f23574f93115bd3d402e202,organic_search,0,2018,5,3,0.23327510882030122,1869,222,0.11865735839068291,18.0,0.0,0.056414473684210535,POSITIVE,NEGATIVE,0.1749794317071594,LOW,Keep in nurture queue and monitor,origin shows a positive conversion signal; landing page shows a negative historical signal,1545
896477f8366bf6686fbe26170b963aab,2018-05-30,909e333f8f23574f93115bd3d402e202,organic_search,0,2018,5,2,0.23066316737104206,1869,222,0.11865735839068291,18.0,0.0,0.056414473684210535,POSITIVE,NEGATIVE,0.1734122668376039,LOW,Keep in nurture queue and monitor,origin shows a positive conversion signal; landing page shows a negative historical signal,1546
56753cb5591dcacaf6a4ced19e611f21,2018-05-13,ea0650174e273c41e12002dcdd4708be,organic_search,0,2018,5,6,0.2233727690589384,1869,222,0.11865735839068291,14.0,0.0,0.0630514705882353,POSITIVE,NEGATIVE,0.17036542723114667,LOW,Keep in nurture queue and monitor,origin shows a positive conversion signal; landing page shows a negative historical signal,1547
966f9ee50b04f60e17b65e6b713acd9b,2018-05-23,e492ee5eaf1697716985cc6f33f9cd9b,email,0,2018,5,2,0.25507159799926243,383,12,0.035096153846153846,234.0,9.0,0.043873031496062996,NEGATIVE,NEGATIVE,0.16883679586800082,LOW,Keep in nurture queue and monitor,origin historically converts below baseline; landing page shows a negative historical signal,1548
e640e8d3c3f0f3ac92f3178396cbe044,2018-05-09,e492ee5eaf1697716985cc6f33f9cd9b,email,0,2018,5,2,0.25507159799926243,383,12,0.035096153846153846,234.0,9.0,0.043873031496062996,NEGATIVE,NEGATIVE,0.16883679586800082,LOW,Keep in nurture queue and monitor,origin historically converts below baseline; landing page shows a negative historical signal,1549
aa67a5155398e6ffede7cf8b4825fe39,2018-05-16,e492ee5eaf1697716985cc6f33f9cd9b,email,0,2018,5,2,0.25507159799926243,383,12,0.035096153846153846,234.0,9.0,0.043873031496062996,NEGATIVE,NEGATIVE,0.16883679586800082,LOW,Keep in nurture queue and monitor,origin historically converts below baseline; landing page shows a negative historical signal,1550
10f39dba81ce772b450e776e718ccff3,2018-05-04,b8cc49b19db5de8ec30f938aa3d916a9,email,0,2018,5,4,0.23659617823815624,383,12,0.035096153846153846,2.0,0.0,0.09744318181818183,NEGATIVE,LIMITED,0.16846557407576088,LOW,Keep in nurture queue and monitor,origin historically converts below baseline,1551
76987aa3e22683ec1e1fb6ba650e1daa,2018-05-29,99b00c6e27db383d844d1763dbcbfe06,direct_traffic,0,2018,5,1,0.22035655621920255,406,48,0.11770833333333333,15.0,0.0,0.061250000000000006,POSITIVE,NEGATIVE,0.1680056003981882,LOW,Keep in nurture queue and monitor,origin shows a positive conversion signal; landing page shows a negative historical signal,1552
c51bf93c175bd56cd3b60081377ab356,2018-05-15,e492ee5eaf1697716985cc6f33f9cd9b,email,0,2018,5,1,0.25229591177678284,383,12,0.035096153846153846,234.0,9.0,0.043873031496062996,NEGATIVE,NEGATIVE,0.16717138413451307,LOW,Keep in nurture queue and monitor,origin historically converts below baseline; landing page shows a negative historical signal,1553
981ede722a7928b3e9be985ada35c910,2018-05-08,e492ee5eaf1697716985cc6f33f9cd9b,email,0,2018,5,1,0.25229591177678284,383,12,0.035096153846153846,234.0,9.0,0.043873031496062996,NEGATIVE,NEGATIVE,0.16717138413451307,LOW,Keep in nurture queue and monitor,origin historically converts below baseline; landing page shows a negative historical signal,1554
776b55b5ec8eda392aec950f51b2e1ec,2018-05-16,36120633c8737035fbabf079082f4ec1,social,0,2018,5,2,0.2370941232769592,1018,63,0.06275891136801541,48.0,2.0,0.06093750000000001,NEGATIVE,NEGATIVE,0.16699575623977864,LOW,Keep in nurture queue and monitor,origin historically converts below baseline; landing page shows a negative historical signal,1555
6709b9b30a5de8dedc4c345249c2076e,2018-05-19,42a2a1be58277f162c18bad69bcc544f,display,0,2018,5,5,0.22354482412760562,105,5,0.057150000000000006,3.0,0.0,0.09320652173913045,NEGATIVE,LIMITED,0.16419819882438946,LOW,Keep in nurture queue and monitor,origin historically converts below baseline,1556
abc853a0085d995d5fc9dbc91e350ed1,2018-05-07,36120633c8737035fbabf079082f4ec1,social,0,2018,5,0,0.23183135820938594,1018,63,0.06275891136801541,48.0,2.0,0.06093750000000001,NEGATIVE,NEGATIVE,0.16383809719923464,LOW,Keep in nurture queue and monitor,origin historically converts below baseline; landing page shows a negative historical signal,1557
11f9561f8cf5af78b81f69e21f3b5dac,2018-04-27,909e333f8f23574f93115bd3d402e202,organic_search,0,2018,4,4,0.21399832741067645,1869,222,0.11865735839068291,18.0,0.0,0.056414473684210535,POSITIVE,NEGATIVE,0.16341336286138455,LOW,Keep in nurture queue and monitor,origin shows a positive conversion signal; landing page shows a negative historical signal,1558
7dbf1a9148569d32830ae9c5a1acd40e,2018-04-26,99b00c6e27db383d844d1763dbcbfe06,organic_search,0,2018,4,3,0.20829882404482625,1869,222,0.11865735839068291,15.0,0.0,0.061250000000000006,POSITIVE,NEGATIVE,0.16096076610503235,LOW,Keep in nurture queue and monitor,origin shows a positive conversion signal; landing page shows a negative historical signal,1559
d0f9bb33570e638d52fb559e5b50bc71,2018-05-25,0b37d43dbde6452cdd94c17bf61a88e4,paid_search,0,2018,5,4,0.20643473252178465,1263,158,0.1248197583787997,24.0,0.0,0.048721590909090916,POSITIVE,NEGATIVE,0.1585691093706489,LOW,Keep in nurture queue and monitor,origin shows a positive conversion signal; landing page shows a negative historical signal,1560
073e5e79f59c74ffd24ba6dc6648ce7c,2018-05-14,3b86d7e8c33da2767ad2af9782f383d5,referral,0,2018,5,0,0.22032166754438492,219,15,0.07173117154811716,17.0,0.0,0.057939189189189194,NEGATIVE,NEGATIVE,0.1581270726740922,LOW,Keep in nurture queue and monitor,origin historically converts below baseline; landing page shows a negative historical signal,1561
896f3c065d05cefcf3fe2852a7875109,2018-04-25,acd502dc52a068d7c4014af6d5dbcd11,email,0,2018,4,2,0.2232467747560795,383,12,0.035096153846153846,5.0,0.0,0.08575,NEGATIVE,LIMITED,0.1581172956228785,LOW,Keep in nurture queue and monitor,origin historically converts below baseline,1562
aca3eab528ac05b124ab0c7b11a3025a,2018-05-10,d75a2371281f42d607be43b08bd74905,email,0,2018,5,3,0.21961116714163745,383,12,0.035096153846153846,3.0,0.0,0.09320652173913045,NEGATIVE,LIMITED,0.15742723540203934,LOW,Keep in nurture queue and monitor,origin historically converts below baseline,1563
aa98ed8d6ce3f3a5d5eabb46213f767b,2018-04-26,e492ee5eaf1697716985cc6f33f9cd9b,email,0,2018,4,3,0.23454463856414232,383,12,0.035096153846153846,234.0,9.0,0.043873031496062996,NEGATIVE,NEGATIVE,0.15652062020692875,LOW,Keep in nurture queue and monitor,origin historically converts below baseline; landing page shows a negative historical signal,1564
895b30f8db1d2f84563ead6d70006610,2018-05-28,73f31a40697cc90a86c1273563ac230e,other,0,2018,5,0,0.22012123615928642,135,3,0.033185483870967744,106.0,4.0,0.04875992063492064,NEGATIVE,NEGATIVE,0.14846182259674953,LOW,Keep in nurture queue and monitor,origin historically converts below baseline; landing page shows a negative historical signal,1565
3b864667bb8e1779ebc5c32f5dbe2ef2,2018-05-14,73f31a40697cc90a86c1273563ac230e,other,0,2018,5,0,0.22012123615928642,135,3,0.033185483870967744,106.0,4.0,0.04875992063492064,NEGATIVE,NEGATIVE,0.14846182259674953,LOW,Keep in nurture queue and monitor,origin historically converts below baseline; landing page shows a negative historical signal,1566
5f3083037c3660fda57fa58f31d89a63,2018-05-03,65c9e96d17d8d12bc0ad3b2cde0bb8b7,email,0,2018,5,3,0.20517523026713635,383,12,0.035096153846153846,4.0,0.0,0.08932291666666668,NEGATIVE,LIMITED,0.14798895226284592,LOW,Keep in nurture queue and monitor,origin historically converts below baseline,1567
432d533fa8d38230276f5e485d508b6b,2018-05-09,0b37d43dbde6452cdd94c17bf61a88e4,organic_search,0,2018,5,2,0.18606208176786995,1869,222,0.11865735839068291,24.0,0.0,0.048721590909090916,POSITIVE,NEGATIVE,0.14511303892067673,LOW,Keep in nurture queue and monitor,origin shows a positive conversion signal; landing page shows a negative historical signal,1568
56f2eaa35dee4797dc86b2c6e1bbfacc,2018-05-21,65c9e96d17d8d12bc0ad3b2cde0bb8b7,email,0,2018,5,0,0.19809558819177164,383,12,0.035096153846153846,4.0,0.0,0.08932291666666668,NEGATIVE,LIMITED,0.14374116701762707,LOW,Keep in nurture queue and monitor,origin historically converts below baseline,1569
5c2ef9d8092bde26ff170b873741ba15,2018-04-27,966098efaef7a4d665be6b0cb617541b,referral,0,2018,4,4,0.18664127647432613,219,15,0.07173117154811716,6.0,0.0,0.08245192307692309,NEGATIVE,LIMITED,0.14282138480960374,LOW,Keep in nurture queue and monitor,origin historically converts below baseline,1570
8e5f535f48653b0a40d7f232a6d6830e,2018-04-27,73f31a40697cc90a86c1273563ac230e,other,0,2018,4,4,0.20881903523495143,135,3,0.033185483870967744,106.0,4.0,0.04875992063492064,NEGATIVE,NEGATIVE,0.14168050204214855,LOW,Keep in nurture queue and monitor,origin historically converts below baseline; landing page shows a negative historical signal,1571
da4add037901e5a56c457a74cac7c36b,2018-04-26,73f31a40697cc90a86c1273563ac230e,other,0,2018,4,3,0.2064072073538135,135,3,0.033185483870967744,106.0,4.0,0.04875992063492064,NEGATIVE,NEGATIVE,0.14023340531346576,LOW,Keep in nurture queue and monitor,origin historically converts below baseline; landing page shows a negative historical signal,1572
80624a3023447d662e79a60e3017649d,2018-05-14,0b37d43dbde6452cdd94c17bf61a88e4,direct_traffic,0,2018,5,0,0.17800464455263743,406,48,0.11770833333333333,24.0,0.0,0.048721590909090916,POSITIVE,NEGATIVE,0.1400887715800673,LOW,Keep in nurture queue and monitor,origin shows a positive conversion signal; landing page shows a negative historical signal,1573
c3d01570a1a71215cb64c07a96727e26,2018-05-17,e492ee5eaf1697716985cc6f33f9cd9b,other,0,2018,5,3,0.2024719600043974,135,3,0.033185483870967744,234.0,9.0,0.043873031496062996,NEGATIVE,NEGATIVE,0.13689487907604458,LOW,Keep in nurture queue and monitor,origin historically converts below baseline; landing page shows a negative historical signal,1574
61e1ec2ab7f435948789816fa06d7037,2018-05-14,e492ee5eaf1697716985cc6f33f9cd9b,other,0,2018,5,0,0.1954626565311672,135,3,0.033185483870967744,234.0,9.0,0.043873031496062996,NEGATIVE,NEGATIVE,0.13268929699210646,LOW,Keep in nurture queue and monitor,origin historically converts below baseline; landing page shows a negative historical signal,1575
6751c52d7db6029b4ae52f24811dd5d5,2018-04-25,e534a08b23c682d94859d0ab860bd57a,direct_traffic,0,2018,4,2,0.15648220132851218,406,48,0.11770833333333333,21.0,0.0,0.05228658536585366,POSITIVE,NEGATIVE,0.12788830453694472,LOW,Keep in nurture queue and monitor,origin shows a positive conversion signal; landing page shows a negative historical signal,1576
0ac2445b1dd415e2d4b3e68cf88e4381,2018-05-10,46bd119220c8bf61324669b1d82203ac,other,0,2018,5,3,0.1712190817735146,135,3,0.033185483870967744,4.0,0.0,0.08932291666666668,NEGATIVE,LIMITED,0.12723312917163565,LOW,Keep in nurture queue and monitor,origin historically converts below baseline,1577
26ca4566b6f8f55b3e3f3c3017cf9ea5,2018-05-16,46bd119220c8bf61324669b1d82203ac,other,0,2018,5,2,0.1691486830667106,135,3,0.033185483870967744,4.0,0.0,0.08932291666666668,NEGATIVE,LIMITED,0.12599088994755325,LOW,Keep in nurture queue and monitor,origin historically converts below baseline,1578
cc0e12fa2fbc6425a7a810921be3eac3,2018-05-17,e42a14209c69c3e9cc6b042620465f12,email,0,2018,5,3,0.17097757976413305,383,12,0.035096153846153846,16.0,0.0,0.05954861111111112,NEGATIVE,NEGATIVE,0.12151550084993282,LOW,Keep in nurture queue and monitor,origin historically converts below baseline; landing page shows a negative historical signal,1579
6365eae9b4deb122bd2b3bd6558a02e7,2018-04-29,aafc43d934a043b451b1dc5a61943a6b,email,0,2018,4,6,0.1624378168592435,383,12,0.035096153846153846,6.0,0.0,0.08245192307692309,NEGATIVE,LIMITED,0.12097230550016147,LOW,Keep in nurture queue and monitor,origin historically converts below baseline,1580
d2c1295f655a2d436edda96084211820,2018-05-02,e42a14209c69c3e9cc6b042620465f12,email,1,2018,5,2,0.16890950616004208,383,12,0.035096153846153846,16.0,0.0,0.05954861111111112,NEGATIVE,NEGATIVE,0.12027465668747823,LOW,Keep in nurture queue and monitor,origin historically converts below baseline; landing page shows a negative historical signal,1581
34435249b8b3b8e48ea4460075fe0d4a,2018-05-02,e42a14209c69c3e9cc6b042620465f12,email,0,2018,5,2,0.16890950616004208,383,12,0.035096153846153846,16.0,0.0,0.05954861111111112,NEGATIVE,NEGATIVE,0.12027465668747823,LOW,Keep in nurture queue and monitor,origin historically converts below baseline; landing page shows a negative historical signal,1582
55e666f6c1d818430f1a5ddcca4ab724,2018-05-02,e42a14209c69c3e9cc6b042620465f12,email,0,2018,5,2,0.16890950616004208,383,12,0.035096153846153846,16.0,0.0,0.05954861111111112,NEGATIVE,NEGATIVE,0.12027465668747823,LOW,Keep in nurture queue and monitor,origin historically converts below baseline; landing page shows a negative historical signal,1583
6a3046726902d0c78e1da31e247df4cc,2018-05-02,e42a14209c69c3e9cc6b042620465f12,email,0,2018,5,2,0.16890950616004208,383,12,0.035096153846153846,16.0,0.0,0.05954861111111112,NEGATIVE,NEGATIVE,0.12027465668747823,LOW,Keep in nurture queue and monitor,origin historically converts below baseline; landing page shows a negative historical signal,1584
7611c2ba98f6c400df922115b07c9903,2018-05-02,e42a14209c69c3e9cc6b042620465f12,email,0,2018,5,2,0.16890950616004208,383,12,0.035096153846153846,16.0,0.0,0.05954861111111112,NEGATIVE,NEGATIVE,0.12027465668747823,LOW,Keep in nurture queue and monitor,origin historically converts below baseline; landing page shows a negative historical signal,1585
45fa9beaa3d9ea2ad7a09cd68b6a33ae,2018-05-02,e42a14209c69c3e9cc6b042620465f12,email,0,2018,5,2,0.16890950616004208,383,12,0.035096153846153846,16.0,0.0,0.05954861111111112,NEGATIVE,NEGATIVE,0.12027465668747823,LOW,Keep in nurture queue and monitor,origin historically converts below baseline; landing page shows a negative historical signal,1586
c34fc4c9109e2813107616f91f8c252d,2018-05-02,e42a14209c69c3e9cc6b042620465f12,email,0,2018,5,2,0.16890950616004208,383,12,0.035096153846153846,16.0,0.0,0.05954861111111112,NEGATIVE,NEGATIVE,0.12027465668747823,LOW,Keep in nurture queue and monitor,origin historically converts below baseline; landing page shows a negative historical signal,1587
c3c84092ac84582cfd28c3ff246022cb,2018-05-02,e42a14209c69c3e9cc6b042620465f12,email,0,2018,5,2,0.16890950616004208,383,12,0.035096153846153846,16.0,0.0,0.05954861111111112,NEGATIVE,NEGATIVE,0.12027465668747823,LOW,Keep in nurture queue and monitor,origin historically converts below baseline; landing page shows a negative historical signal,1588
1b9a2958ea60ecfadb3e39071801675f,2018-05-22,e42a14209c69c3e9cc6b042620465f12,email,0,2018,5,1,0.16686141231034404,383,12,0.035096153846153846,16.0,0.0,0.05954861111111112,NEGATIVE,NEGATIVE,0.11904580037765941,LOW,Keep in nurture queue and monitor,origin historically converts below baseline; landing page shows a negative historical signal,1589
85964acbaa00690472fbacd6a419a4b5,2018-05-22,e42a14209c69c3e9cc6b042620465f12,email,0,2018,5,1,0.16686141231034404,383,12,0.035096153846153846,16.0,0.0,0.05954861111111112,NEGATIVE,NEGATIVE,0.11904580037765941,LOW,Keep in nurture queue and monitor,origin historically converts below baseline; landing page shows a negative historical signal,1590
21ec62fa8ae57a1439eec4f09c704806,2018-05-22,e42a14209c69c3e9cc6b042620465f12,email,0,2018,5,1,0.16686141231034404,383,12,0.035096153846153846,16.0,0.0,0.05954861111111112,NEGATIVE,NEGATIVE,0.11904580037765941,LOW,Keep in nurture queue and monitor,origin historically converts below baseline; landing page shows a negative historical signal,1591
3d6e8cdf62c3b687501808cc1203704d,2018-04-27,966098efaef7a4d665be6b0cb617541b,display,0,2018,4,4,0.15059725456194306,105,5,0.057150000000000006,6.0,0.0,0.08245192307692309,NEGATIVE,LIMITED,0.11827873735255044,LOW,Keep in nurture queue and monitor,origin historically converts below baseline,1592
478c412ba6aaa1c6dc3d4b02284d4041,2018-04-26,120ad10683075526ee1b3b00489dafec,referral,0,2018,4,3,0.14940574970938758,219,15,0.07173117154811716,13.0,0.0,0.06496212121212122,NEGATIVE,NEGATIVE,0.11698210837768024,LOW,Keep in nurture queue and monitor,origin historically converts below baseline; landing page shows a negative historical signal,1593
54c295687bc2a7b6d2e9d61e0e5d6f66,2018-05-03,909e333f8f23574f93115bd3d402e202,social,0,2018,5,3,0.1495250300729604,1018,63,0.06275891136801541,18.0,0.0,0.056414473684210535,NEGATIVE,NEGATIVE,0.11354969505422141,LOW,Keep in nurture queue and monitor,origin historically converts below baseline; landing page shows a negative historical signal,1594
107fce5988735e531cae0da812db9a62,2018-04-26,65c9e96d17d8d12bc0ad3b2cde0bb8b7,other,1,2018,4,3,0.14260357336363036,135,3,0.033185483870967744,4.0,0.0,0.08932291666666668,NEGATIVE,LIMITED,0.1100638241257051,LOW,Keep in nurture queue and monitor,origin historically converts below baseline,1595
9c8d31c02ff77587df09f1e89fc52b16,2018-05-25,ea0650174e273c41e12002dcdd4708be,referral,0,2018,5,4,0.12998287997311572,219,15,0.07173117154811716,14.0,0.0,0.0630514705882353,NEGATIVE,NEGATIVE,0.10494625641113993,LOW,Keep in nurture queue and monitor,origin historically converts below baseline; landing page shows a negative historical signal,1596
73fe05cf8b7f2f65d26444d2badb9dc1,2018-04-28,966098efaef7a4d665be6b0cb617541b,other,0,2018,4,5,0.12503944673420708,135,3,0.033185483870967744,6.0,0.0,0.08245192307692309,NEGATIVE,LIMITED,0.09815114943010242,LOW,Keep in nurture queue and monitor,origin historically converts below baseline,1597
0527dc6a05a520c0123d58da521a4a36,2018-05-30,bddebc4f4d44106c427bd00695840e64,email,0,2018,5,2,0.11457475924938433,383,12,0.035096153846153846,29.0,0.0,0.043750000000000004,NEGATIVE,NEGATIVE,0.08451408631886137,LOW,Keep in nurture queue and monitor,origin historically converts below baseline; landing page shows a negative historical signal,1598
cb9fad4d3a1f53ba5f5409eb8865ee00,2018-05-15,bddebc4f4d44106c427bd00695840e64,email,0,2018,5,1,0.11309584103999608,383,12,0.035096153846153846,29.0,0.0,0.043750000000000004,NEGATIVE,NEGATIVE,0.0836267353932284,LOW,Keep in nurture queue and monitor,origin historically converts below baseline; landing page shows a negative historical signal,1599
58b1a71381e0d7e6c599ef6e5cd10a69,2018-05-28,daa9619c6f8ed06d059265dca0f9257f,email,0,2018,5,0,0.10091290366353317,383,12,0.035096153846153846,24.0,0.0,0.048721590909090916,NEGATIVE,NEGATIVE,0.07731129114916885,LOW,Keep in nurture queue and monitor,origin historically converts below baseline; landing page shows a negative historical signal,1600
